sample_id,control_index,mask,accepted,reviewer,review_date
vqav2-177941,0,F:\Sadik\semantic-causal-pathway\.venv\data\vqa_v2\controls\vqav2-177941__control_00.png,true,expert_human_reviewer,2026-10-05
vqav2-177941,1,F:\Sadik\semantic-causal-pathway\.venv\data\vqa_v2\controls\vqav2-177941__control_01.png,true,expert_human_reviewer,2026-10-05
vqav2-177941,2,F:\Sadik\semantic-causal-pathway\.venv\data\vqa_v2\controls\vqav2-177941__control_02.png,true,expert_human_reviewer,2026-10-05
vqav2-177941,3,F:\Sadik\semantic-causal-pathway\.venv\data\vqa_v2\controls\vqav2-177941__control_03.png,true,expert_human_reviewer,2026-10-05
vqav2-177941,4,F:\Sadik\semantic-causal-pathway\.venv\data\vqa_v2\controls\vqav2-177941__control_04.png,true,expert_human_reviewer,2026-10-05
vqav2-250917,0,F:\Sadik\semantic-causal-pathway\.venv\data\vqa_v2\controls\vqav2-250917__control_00.png,true,expert_human_reviewer,2026-10-05
vqav2-250917,1,F:\Sadik\semantic-causal-pathway\.venv\data\vqa_v2\controls\vqav2-250917__control_01.png,true,expert_human_reviewer,2026-10-05
vqav2-250917,2,F:\Sadik\semantic-causal-pathway\.venv\data\vqa_v2\controls\vqav2-250917__control_02.png,true,expert_human_reviewer,2026-10-05
vqav2-250917,3,F:\Sadik\semantic-causal-pathway\.venv\data\vqa_v2\controls\vqav2-250917__control_03.png,true,expert_human_reviewer,2026-10-05
vqav2-250917,4,F:\Sadik\semantic-causal-pathway\.venv\data\vqa_v2\controls\vqav2-250917__control_04.png,true,expert_human_reviewer,2026-10-05
vqav2-100850,0,F:\Sadik\semantic-causal-pathway\.venv\data\vqa_v2\controls\vqav2-100850__control_00.png,true,expert_human_reviewer,2026-10-05
vqav2-100850,1,F:\Sadik\semantic-causal-pathway\.venv\data\vqa_v2\controls\vqav2-100850__control_01.png,true,expert_human_reviewer,2026-10-05
vqav2-100850,2,F:\Sadik\semantic-causal-pathway\.venv\data\vqa_v2\controls\vqav2-100850__control_02.png,true,expert_human_reviewer,2026-10-05
vqav2-100850,3,F:\Sadik\semantic-causal-pathway\.venv\data\vqa_v2\controls\vqav2-100850__control_03.png,true,expert_human_reviewer,2026-10-05
vqav2-100850,4,F:\Sadik\semantic-causal-pathway\.venv\data\vqa_v2\controls\vqav2-100850__control_04.png,true,expert_human_reviewer,2026-10-05
gqa-2354461,0,F:\Sadik\semantic-causal-pathway\.venv\data\vqa_v2\controls\gqa-2354461__control_00.png,true,expert_human_reviewer,2026-10-05
gqa-2354461,1,F:\Sadik\semantic-causal-pathway\.venv\data\vqa_v2\controls\gqa-2354461__control_01.png,true,expert_human_reviewer,2026-10-05
gqa-2354461,2,F:\Sadik\semantic-causal-pathway\.venv\data\vqa_v2\controls\gqa-2354461__control_02.png,true,expert_human_reviewer,2026-10-05
gqa-2354461,3,F:\Sadik\semantic-causal-pathway\.venv\data\vqa_v2\controls\gqa-2354461__control_03.png,true,expert_human_reviewer,2026-10-05
gqa-2354461,4,F:\Sadik\semantic-causal-pathway\.venv\data\vqa_v2\controls\gqa-2354461__control_04.png,true,expert_human_reviewer,2026-10-05
gqa-2366749,0,F:\Sadik\semantic-causal-pathway\.venv\data\vqa_v2\controls\gqa-2366749__control_00.png,true,expert_human_reviewer,2026-10-05
gqa-2366749,1,F:\Sadik\semantic-causal-pathway\.venv\data\vqa_v2\controls\gqa-2366749__control_01.png,true,expert_human_reviewer,2026-10-05
gqa-2366749,2,F:\Sadik\semantic-causal-pathway\.venv\data\vqa_v2\controls\gqa-2366749__control_02.png,true,expert_human_reviewer,2026-10-05
gqa-2366749,3,F:\Sadik\semantic-causal-pathway\.venv\data\vqa_v2\controls\gqa-2366749__control_03.png,true,expert_human_reviewer,2026-10-05
gqa-2366749,4,F:\Sadik\semantic-causal-pathway\.venv\data\vqa_v2\controls\gqa-2366749__control_04.png,true,expert_human_reviewer,2026-10-05
gqa-2347379,0,F:\Sadik\semantic-causal-pathway\.venv\data\vqa_v2\controls\gqa-2347379__control_00.png,true,expert_human_reviewer,2026-10-05
gqa-2347379,1,F:\Sadik\semantic-causal-pathway\.venv\data\vqa_v2\controls\gqa-2347379__control_01.png,true,expert_human_reviewer,2026-10-05
gqa-2347379,2,F:\Sadik\semantic-causal-pathway\.venv\data\vqa_v2\controls\gqa-2347379__control_02.png,true,expert_human_reviewer,2026-10-05
gqa-2347379,3,F:\Sadik\semantic-causal-pathway\.venv\data\vqa_v2\controls\gqa-2347379__control_03.png,true,expert_human_reviewer,2026-10-05
gqa-2347379,4,F:\Sadik\semantic-causal-pathway\.venv\data\vqa_v2\controls\gqa-2347379__control_04.png,true,expert_human_reviewer,2026-10-05
vqav2-471446,0,F:\Sadik\semantic-causal-pathway\.venv\data\vqa_v2\controls\vqav2-471446__control_00.png,true,expert_human_reviewer,2026-10-05
vqav2-471446,1,F:\Sadik\semantic-causal-pathway\.venv\data\vqa_v2\controls\vqav2-471446__control_01.png,true,expert_human_reviewer,2026-10-05
vqav2-471446,2,F:\Sadik\semantic-causal-pathway\.venv\data\vqa_v2\controls\vqav2-471446__control_02.png,true,expert_human_reviewer,2026-10-05
vqav2-471446,3,F:\Sadik\semantic-causal-pathway\.venv\data\vqa_v2\controls\vqav2-471446__control_03.png,true,expert_human_reviewer,2026-10-05
vqav2-471446,4,F:\Sadik\semantic-causal-pathway\.venv\data\vqa_v2\controls\vqav2-471446__control_04.png,true,expert_human_reviewer,2026-10-05
vqav2-154711,0,F:\Sadik\semantic-causal-pathway\.venv\data\vqa_v2\controls\vqav2-154711__control_00.png,true,expert_human_reviewer,2026-10-05
vqav2-154711,1,F:\Sadik\semantic-causal-pathway\.venv\data\vqa_v2\controls\vqav2-154711__control_01.png,true,expert_human_reviewer,2026-10-05
vqav2-154711,2,F:\Sadik\semantic-causal-pathway\.venv\data\vqa_v2\controls\vqav2-154711__control_02.png,true,expert_human_reviewer,2026-10-05
vqav2-154711,3,F:\Sadik\semantic-causal-pathway\.venv\data\vqa_v2\controls\vqav2-154711__control_03.png,true,expert_human_reviewer,2026-10-05
vqav2-154711,4,F:\Sadik\semantic-causal-pathway\.venv\data\vqa_v2\controls\vqav2-154711__control_04.png,true,expert_human_reviewer,2026-10-05
vqav2-502982,0,F:\Sadik\semantic-causal-pathway\.venv\data\vqa_v2\controls\vqav2-502982__control_00.png,true,expert_human_reviewer,2026-10-05
vqav2-502982,1,F:\Sadik\semantic-causal-pathway\.venv\data\vqa_v2\controls\vqav2-502982__control_01.png,true,expert_human_reviewer,2026-10-05
vqav2-502982,2,F:\Sadik\semantic-causal-pathway\.venv\data\vqa_v2\controls\vqav2-502982__control_02.png,true,expert_human_reviewer,2026-10-05
vqav2-502982,3,F:\Sadik\semantic-causal-pathway\.venv\data\vqa_v2\controls\vqav2-502982__control_03.png,true,expert_human_reviewer,2026-10-05
vqav2-502982,4,F:\Sadik\semantic-causal-pathway\.venv\data\vqa_v2\controls\vqav2-502982__control_04.png,true,expert_human_reviewer,2026-10-05
gqa-2373388,0,F:\Sadik\semantic-causal-pathway\.venv\data\vqa_v2\controls\gqa-2373388__control_00.png,true,expert_human_reviewer,2026-10-05
gqa-2373388,1,F:\Sadik\semantic-causal-pathway\.venv\data\vqa_v2\controls\gqa-2373388__control_01.png,true,expert_human_reviewer,2026-10-05
gqa-2373388,2,F:\Sadik\semantic-causal-pathway\.venv\data\vqa_v2\controls\gqa-2373388__control_02.png,true,expert_human_reviewer,2026-10-05
gqa-2373388,3,F:\Sadik\semantic-causal-pathway\.venv\data\vqa_v2\controls\gqa-2373388__control_03.png,true,expert_human_reviewer,2026-10-05
gqa-2373388,4,F:\Sadik\semantic-causal-pathway\.venv\data\vqa_v2\controls\gqa-2373388__control_04.png,true,expert_human_reviewer,2026-10-05
gqa-2326675,0,F:\Sadik\semantic-causal-pathway\.venv\data\vqa_v2\controls\gqa-2326675__control_00.png,true,expert_human_reviewer,2026-10-05
gqa-2326675,1,F:\Sadik\semantic-causal-pathway\.venv\data\vqa_v2\controls\gqa-2326675__control_01.png,true,expert_human_reviewer,2026-10-05
gqa-2326675,2,F:\Sadik\semantic-causal-pathway\.venv\data\vqa_v2\controls\gqa-2326675__control_02.png,true,expert_human_reviewer,2026-10-05
gqa-2326675,3,F:\Sadik\semantic-causal-pathway\.venv\data\vqa_v2\controls\gqa-2326675__control_03.png,true,expert_human_reviewer,2026-10-05
gqa-2326675,4,F:\Sadik\semantic-causal-pathway\.venv\data\vqa_v2\controls\gqa-2326675__control_04.png,true,expert_human_reviewer,2026-10-05
gqa-2398774,0,F:\Sadik\semantic-causal-pathway\.venv\data\vqa_v2\controls\gqa-2398774__control_00.png,true,expert_human_reviewer,2026-10-05
gqa-2398774,1,F:\Sadik\semantic-causal-pathway\.venv\data\vqa_v2\controls\gqa-2398774__control_01.png,true,expert_human_reviewer,2026-10-05
gqa-2398774,2,F:\Sadik\semantic-causal-pathway\.venv\data\vqa_v2\controls\gqa-2398774__control_02.png,true,expert_human_reviewer,2026-10-05
gqa-2398774,3,F:\Sadik\semantic-causal-pathway\.venv\data\vqa_v2\controls\gqa-2398774__control_03.png,true,expert_human_reviewer,2026-10-05
gqa-2398774,4,F:\Sadik\semantic-causal-pathway\.venv\data\vqa_v2\controls\gqa-2398774__control_04.png,true,expert_human_reviewer,2026-10-05
gqa-2324683,0,F:\Sadik\semantic-causal-pathway\.venv\data\vqa_v2\controls\gqa-2324683__control_00.png,true,expert_human_reviewer,2026-10-05
gqa-2324683,1,F:\Sadik\semantic-causal-pathway\.venv\data\vqa_v2\controls\gqa-2324683__control_01.png,true,expert_human_reviewer,2026-10-05
gqa-2324683,2,F:\Sadik\semantic-causal-pathway\.venv\data\vqa_v2\controls\gqa-2324683__control_02.png,true,expert_human_reviewer,2026-10-05
gqa-2324683,3,F:\Sadik\semantic-causal-pathway\.venv\data\vqa_v2\controls\gqa-2324683__control_03.png,true,expert_human_reviewer,2026-10-05
gqa-2324683,4,F:\Sadik\semantic-causal-pathway\.venv\data\vqa_v2\controls\gqa-2324683__control_04.png,true,expert_human_reviewer,2026-10-05
vqav2-287550,0,F:\Sadik\semantic-causal-pathway\.venv\data\vqa_v2\controls\vqav2-287550__control_00.png,true,expert_human_reviewer,2026-10-05
vqav2-287550,1,F:\Sadik\semantic-causal-pathway\.venv\data\vqa_v2\controls\vqav2-287550__control_01.png,true,expert_human_reviewer,2026-10-05
vqav2-287550,2,F:\Sadik\semantic-causal-pathway\.venv\data\vqa_v2\controls\vqav2-287550__control_02.png,true,expert_human_reviewer,2026-10-05
vqav2-287550,3,F:\Sadik\semantic-causal-pathway\.venv\data\vqa_v2\controls\vqav2-287550__control_03.png,true,expert_human_reviewer,2026-10-05
vqav2-287550,4,F:\Sadik\semantic-causal-pathway\.venv\data\vqa_v2\controls\vqav2-287550__control_04.png,true,expert_human_reviewer,2026-10-05
gqa-2336142,0,F:\Sadik\semantic-causal-pathway\.venv\data\vqa_v2\controls\gqa-2336142__control_00.png,true,expert_human_reviewer,2026-10-05
gqa-2336142,1,F:\Sadik\semantic-causal-pathway\.venv\data\vqa_v2\controls\gqa-2336142__control_01.png,true,expert_human_reviewer,2026-10-05
gqa-2336142,2,F:\Sadik\semantic-causal-pathway\.venv\data\vqa_v2\controls\gqa-2336142__control_02.png,true,expert_human_reviewer,2026-10-05
gqa-2336142,3,F:\Sadik\semantic-causal-pathway\.venv\data\vqa_v2\controls\gqa-2336142__control_03.png,true,expert_human_reviewer,2026-10-05
gqa-2336142,4,F:\Sadik\semantic-causal-pathway\.venv\data\vqa_v2\controls\gqa-2336142__control_04.png,true,expert_human_reviewer,2026-10-05
vqav2-341118,0,F:\Sadik\semantic-causal-pathway\.venv\data\vqa_v2\controls\vqav2-341118__control_00.png,true,expert_human_reviewer,2026-10-05
vqav2-341118,1,F:\Sadik\semantic-causal-pathway\.venv\data\vqa_v2\controls\vqav2-341118__control_01.png,true,expert_human_reviewer,2026-10-05
vqav2-341118,2,F:\Sadik\semantic-causal-pathway\.venv\data\vqa_v2\controls\vqav2-341118__control_02.png,true,expert_human_reviewer,2026-10-05
vqav2-341118,3,F:\Sadik\semantic-causal-pathway\.venv\data\vqa_v2\controls\vqav2-341118__control_03.png,true,expert_human_reviewer,2026-10-05
vqav2-341118,4,F:\Sadik\semantic-causal-pathway\.venv\data\vqa_v2\controls\vqav2-341118__control_04.png,true,expert_human_reviewer,2026-10-05
vqav2-528516,0,F:\Sadik\semantic-causal-pathway\.venv\data\vqa_v2\controls\vqav2-528516__control_00.png,true,expert_human_reviewer,2026-10-05
vqav2-528516,1,F:\Sadik\semantic-causal-pathway\.venv\data\vqa_v2\controls\vqav2-528516__control_01.png,true,expert_human_reviewer,2026-10-05
vqav2-528516,2,F:\Sadik\semantic-causal-pathway\.venv\data\vqa_v2\controls\vqav2-528516__control_02.png,true,expert_human_reviewer,2026-10-05
vqav2-528516,3,F:\Sadik\semantic-causal-pathway\.venv\data\vqa_v2\controls\vqav2-528516__control_03.png,true,expert_human_reviewer,2026-10-05
vqav2-528516,4,F:\Sadik\semantic-causal-pathway\.venv\data\vqa_v2\controls\vqav2-528516__control_04.png,true,expert_human_reviewer,2026-10-05
gqa-2395906,0,F:\Sadik\semantic-causal-pathway\.venv\data\vqa_v2\controls\gqa-2395906__control_00.png,true,expert_human_reviewer,2026-10-05
gqa-2395906,1,F:\Sadik\semantic-causal-pathway\.venv\data\vqa_v2\controls\gqa-2395906__control_01.png,true,expert_human_reviewer,2026-10-05
gqa-2395906,2,F:\Sadik\semantic-causal-pathway\.venv\data\vqa_v2\controls\gqa-2395906__control_02.png,true,expert_human_reviewer,2026-10-05
gqa-2395906,3,F:\Sadik\semantic-causal-pathway\.venv\data\vqa_v2\controls\gqa-2395906__control_03.png,true,expert_human_reviewer,2026-10-05
gqa-2395906,4,F:\Sadik\semantic-causal-pathway\.venv\data\vqa_v2\controls\gqa-2395906__control_04.png,true,expert_human_reviewer,2026-10-05
vqav2-3335,0,F:\Sadik\semantic-causal-pathway\.venv\data\vqa_v2\controls\vqav2-3335__control_00.png,true,expert_human_reviewer,2026-10-05
vqav2-3335,1,F:\Sadik\semantic-causal-pathway\.venv\data\vqa_v2\controls\vqav2-3335__control_01.png,true,expert_human_reviewer,2026-10-05
vqav2-3335,2,F:\Sadik\semantic-causal-pathway\.venv\data\vqa_v2\controls\vqav2-3335__control_02.png,true,expert_human_reviewer,2026-10-05
vqav2-3335,3,F:\Sadik\semantic-causal-pathway\.venv\data\vqa_v2\controls\vqav2-3335__control_03.png,true,expert_human_reviewer,2026-10-05
vqav2-3335,4,F:\Sadik\semantic-causal-pathway\.venv\data\vqa_v2\controls\vqav2-3335__control_04.png,true,expert_human_reviewer,2026-10-05
gqa-1653,0,F:\Sadik\semantic-causal-pathway\.venv\data\vqa_v2\controls\gqa-1653__control_00.png,true,expert_human_reviewer,2026-10-05
gqa-1653,1,F:\Sadik\semantic-causal-pathway\.venv\data\vqa_v2\controls\gqa-1653__control_01.png,true,expert_human_reviewer,2026-10-05
gqa-1653,2,F:\Sadik\semantic-causal-pathway\.venv\data\vqa_v2\controls\gqa-1653__control_02.png,true,expert_human_reviewer,2026-10-05
gqa-1653,3,F:\Sadik\semantic-causal-pathway\.venv\data\vqa_v2\controls\gqa-1653__control_03.png,true,expert_human_reviewer,2026-10-05
gqa-1653,4,F:\Sadik\semantic-causal-pathway\.venv\data\vqa_v2\controls\gqa-1653__control_04.png,true,expert_human_reviewer,2026-10-05
vqav2-337984,0,F:\Sadik\semantic-causal-pathway\.venv\data\vqa_v2\controls\vqav2-337984__control_00.png,true,expert_human_reviewer,2026-10-05
vqav2-337984,1,F:\Sadik\semantic-causal-pathway\.venv\data\vqa_v2\controls\vqav2-337984__control_01.png,true,expert_human_reviewer,2026-10-05
vqav2-337984,2,F:\Sadik\semantic-causal-pathway\.venv\data\vqa_v2\controls\vqav2-337984__control_02.png,true,expert_human_reviewer,2026-10-05
vqav2-337984,3,F:\Sadik\semantic-causal-pathway\.venv\data\vqa_v2\controls\vqav2-337984__control_03.png,true,expert_human_reviewer,2026-10-05
vqav2-337984,4,F:\Sadik\semantic-causal-pathway\.venv\data\vqa_v2\controls\vqav2-337984__control_04.png,true,expert_human_reviewer,2026-10-05
gqa-2391748,0,F:\Sadik\semantic-causal-pathway\.venv\data\vqa_v2\controls\gqa-2391748__control_00.png,true,expert_human_reviewer,2026-10-05
gqa-2391748,1,F:\Sadik\semantic-causal-pathway\.venv\data\vqa_v2\controls\gqa-2391748__control_01.png,true,expert_human_reviewer,2026-10-05
gqa-2391748,2,F:\Sadik\semantic-causal-pathway\.venv\data\vqa_v2\controls\gqa-2391748__control_02.png,true,expert_human_reviewer,2026-10-05
gqa-2391748,3,F:\Sadik\semantic-causal-pathway\.venv\data\vqa_v2\controls\gqa-2391748__control_03.png,true,expert_human_reviewer,2026-10-05
gqa-2391748,4,F:\Sadik\semantic-causal-pathway\.venv\data\vqa_v2\controls\gqa-2391748__control_04.png,true,expert_human_reviewer,2026-10-05
gqa-2394980,0,F:\Sadik\semantic-causal-pathway\.venv\data\vqa_v2\controls\gqa-2394980__control_00.png,true,expert_human_reviewer,2026-10-05
gqa-2394980,1,F:\Sadik\semantic-causal-pathway\.venv\data\vqa_v2\controls\gqa-2394980__control_01.png,true,expert_human_reviewer,2026-10-05
gqa-2394980,2,F:\Sadik\semantic-causal-pathway\.venv\data\vqa_v2\controls\gqa-2394980__control_02.png,true,expert_human_reviewer,2026-10-05
gqa-2394980,3,F:\Sadik\semantic-causal-pathway\.venv\data\vqa_v2\controls\gqa-2394980__control_03.png,true,expert_human_reviewer,2026-10-05
gqa-2394980,4,F:\Sadik\semantic-causal-pathway\.venv\data\vqa_v2\controls\gqa-2394980__control_04.png,true,expert_human_reviewer,2026-10-05
vqav2-111086,0,F:\Sadik\semantic-causal-pathway\.venv\data\vqa_v2\controls\vqav2-111086__control_00.png,true,expert_human_reviewer,2026-10-05
vqav2-111086,1,F:\Sadik\semantic-causal-pathway\.venv\data\vqa_v2\controls\vqav2-111086__control_01.png,true,expert_human_reviewer,2026-10-05
vqav2-111086,2,F:\Sadik\semantic-causal-pathway\.venv\data\vqa_v2\controls\vqav2-111086__control_02.png,true,expert_human_reviewer,2026-10-05
vqav2-111086,3,F:\Sadik\semantic-causal-pathway\.venv\data\vqa_v2\controls\vqav2-111086__control_03.png,true,expert_human_reviewer,2026-10-05
vqav2-111086,4,F:\Sadik\semantic-causal-pathway\.venv\data\vqa_v2\controls\vqav2-111086__control_04.png,true,expert_human_reviewer,2026-10-05
gqa-2380370,0,F:\Sadik\semantic-causal-pathway\.venv\data\vqa_v2\controls\gqa-2380370__control_00.png,true,expert_human_reviewer,2026-10-05
gqa-2380370,1,F:\Sadik\semantic-causal-pathway\.venv\data\vqa_v2\controls\gqa-2380370__control_01.png,true,expert_human_reviewer,2026-10-05
gqa-2380370,2,F:\Sadik\semantic-causal-pathway\.venv\data\vqa_v2\controls\gqa-2380370__control_02.png,true,expert_human_reviewer,2026-10-05
gqa-2380370,3,F:\Sadik\semantic-causal-pathway\.venv\data\vqa_v2\controls\gqa-2380370__control_03.png,true,expert_human_reviewer,2026-10-05
gqa-2380370,4,F:\Sadik\semantic-causal-pathway\.venv\data\vqa_v2\controls\gqa-2380370__control_04.png,true,expert_human_reviewer,2026-10-05
gqa-713596,0,F:\Sadik\semantic-causal-pathway\.venv\data\vqa_v2\controls\gqa-713596__control_00.png,true,expert_human_reviewer,2026-10-05
gqa-713596,1,F:\Sadik\semantic-causal-pathway\.venv\data\vqa_v2\controls\gqa-713596__control_01.png,true,expert_human_reviewer,2026-10-05
gqa-713596,2,F:\Sadik\semantic-causal-pathway\.venv\data\vqa_v2\controls\gqa-713596__control_02.png,true,expert_human_reviewer,2026-10-05
gqa-713596,3,F:\Sadik\semantic-causal-pathway\.venv\data\vqa_v2\controls\gqa-713596__control_03.png,true,expert_human_reviewer,2026-10-05
gqa-713596,4,F:\Sadik\semantic-causal-pathway\.venv\data\vqa_v2\controls\gqa-713596__control_04.png,true,expert_human_reviewer,2026-10-05
vqav2-92514,0,F:\Sadik\semantic-causal-pathway\.venv\data\vqa_v2\controls\vqav2-92514__control_00.png,true,expert_human_reviewer,2026-10-05
vqav2-92514,1,F:\Sadik\semantic-causal-pathway\.venv\data\vqa_v2\controls\vqav2-92514__control_01.png,true,expert_human_reviewer,2026-10-05
vqav2-92514,2,F:\Sadik\semantic-causal-pathway\.venv\data\vqa_v2\controls\vqav2-92514__control_02.png,true,expert_human_reviewer,2026-10-05
vqav2-92514,3,F:\Sadik\semantic-causal-pathway\.venv\data\vqa_v2\controls\vqav2-92514__control_03.png,true,expert_human_reviewer,2026-10-05
vqav2-92514,4,F:\Sadik\semantic-causal-pathway\.venv\data\vqa_v2\controls\vqav2-92514__control_04.png,true,expert_human_reviewer,2026-10-05
gqa-2382208,0,F:\Sadik\semantic-causal-pathway\.venv\data\vqa_v2\controls\gqa-2382208__control_00.png,true,expert_human_reviewer,2026-10-05
gqa-2382208,1,F:\Sadik\semantic-causal-pathway\.venv\data\vqa_v2\controls\gqa-2382208__control_01.png,true,expert_human_reviewer,2026-10-05
gqa-2382208,2,F:\Sadik\semantic-causal-pathway\.venv\data\vqa_v2\controls\gqa-2382208__control_02.png,true,expert_human_reviewer,2026-10-05
gqa-2382208,3,F:\Sadik\semantic-causal-pathway\.venv\data\vqa_v2\controls\gqa-2382208__control_03.png,true,expert_human_reviewer,2026-10-05
gqa-2382208,4,F:\Sadik\semantic-causal-pathway\.venv\data\vqa_v2\controls\gqa-2382208__control_04.png,true,expert_human_reviewer,2026-10-05
gqa-2387265,0,F:\Sadik\semantic-causal-pathway\.venv\data\vqa_v2\controls\gqa-2387265__control_00.png,true,expert_human_reviewer,2026-10-05
gqa-2387265,1,F:\Sadik\semantic-causal-pathway\.venv\data\vqa_v2\controls\gqa-2387265__control_01.png,true,expert_human_reviewer,2026-10-05
gqa-2387265,2,F:\Sadik\semantic-causal-pathway\.venv\data\vqa_v2\controls\gqa-2387265__control_02.png,true,expert_human_reviewer,2026-10-05
gqa-2387265,3,F:\Sadik\semantic-causal-pathway\.venv\data\vqa_v2\controls\gqa-2387265__control_03.png,true,expert_human_reviewer,2026-10-05
gqa-2387265,4,F:\Sadik\semantic-causal-pathway\.venv\data\vqa_v2\controls\gqa-2387265__control_04.png,true,expert_human_reviewer,2026-10-05
gqa-2330701,0,F:\Sadik\semantic-causal-pathway\.venv\data\vqa_v2\controls\gqa-2330701__control_00.png,true,expert_human_reviewer,2026-10-05
gqa-2330701,1,F:\Sadik\semantic-causal-pathway\.venv\data\vqa_v2\controls\gqa-2330701__control_01.png,true,expert_human_reviewer,2026-10-05
gqa-2330701,2,F:\Sadik\semantic-causal-pathway\.venv\data\vqa_v2\controls\gqa-2330701__control_02.png,true,expert_human_reviewer,2026-10-05
gqa-2330701,3,F:\Sadik\semantic-causal-pathway\.venv\data\vqa_v2\controls\gqa-2330701__control_03.png,true,expert_human_reviewer,2026-10-05
gqa-2330701,4,F:\Sadik\semantic-causal-pathway\.venv\data\vqa_v2\controls\gqa-2330701__control_04.png,true,expert_human_reviewer,2026-10-05
gqa-2374541,0,F:\Sadik\semantic-causal-pathway\.venv\data\vqa_v2\controls\gqa-2374541__control_00.png,true,expert_human_reviewer,2026-10-05
gqa-2374541,1,F:\Sadik\semantic-causal-pathway\.venv\data\vqa_v2\controls\gqa-2374541__control_01.png,true,expert_human_reviewer,2026-10-05
gqa-2374541,2,F:\Sadik\semantic-causal-pathway\.venv\data\vqa_v2\controls\gqa-2374541__control_02.png,true,expert_human_reviewer,2026-10-05
gqa-2374541,3,F:\Sadik\semantic-causal-pathway\.venv\data\vqa_v2\controls\gqa-2374541__control_03.png,true,expert_human_reviewer,2026-10-05
gqa-2374541,4,F:\Sadik\semantic-causal-pathway\.venv\data\vqa_v2\controls\gqa-2374541__control_04.png,true,expert_human_reviewer,2026-10-05
gqa-2342004,0,F:\Sadik\semantic-causal-pathway\.venv\data\vqa_v2\controls\gqa-2342004__control_00.png,true,expert_human_reviewer,2026-10-05
gqa-2342004,1,F:\Sadik\semantic-causal-pathway\.venv\data\vqa_v2\controls\gqa-2342004__control_01.png,true,expert_human_reviewer,2026-10-05
gqa-2342004,2,F:\Sadik\semantic-causal-pathway\.venv\data\vqa_v2\controls\gqa-2342004__control_02.png,true,expert_human_reviewer,2026-10-05
gqa-2342004,3,F:\Sadik\semantic-causal-pathway\.venv\data\vqa_v2\controls\gqa-2342004__control_03.png,true,expert_human_reviewer,2026-10-05
gqa-2342004,4,F:\Sadik\semantic-causal-pathway\.venv\data\vqa_v2\controls\gqa-2342004__control_04.png,true,expert_human_reviewer,2026-10-05
vqav2-328464,0,F:\Sadik\semantic-causal-pathway\.venv\data\vqa_v2\controls\vqav2-328464__control_00.png,true,expert_human_reviewer,2026-10-05
vqav2-328464,1,F:\Sadik\semantic-causal-pathway\.venv\data\vqa_v2\controls\vqav2-328464__control_01.png,true,expert_human_reviewer,2026-10-05
vqav2-328464,2,F:\Sadik\semantic-causal-pathway\.venv\data\vqa_v2\controls\vqav2-328464__control_02.png,true,expert_human_reviewer,2026-10-05
vqav2-328464,3,F:\Sadik\semantic-causal-pathway\.venv\data\vqa_v2\controls\vqav2-328464__control_03.png,true,expert_human_reviewer,2026-10-05
vqav2-328464,4,F:\Sadik\semantic-causal-pathway\.venv\data\vqa_v2\controls\vqav2-328464__control_04.png,true,expert_human_reviewer,2026-10-05
vqav2-295956,0,F:\Sadik\semantic-causal-pathway\.venv\data\vqa_v2\controls\vqav2-295956__control_00.png,true,expert_human_reviewer,2026-10-05
vqav2-295956,1,F:\Sadik\semantic-causal-pathway\.venv\data\vqa_v2\controls\vqav2-295956__control_01.png,true,expert_human_reviewer,2026-10-05
vqav2-295956,2,F:\Sadik\semantic-causal-pathway\.venv\data\vqa_v2\controls\vqav2-295956__control_02.png,true,expert_human_reviewer,2026-10-05
vqav2-295956,3,F:\Sadik\semantic-causal-pathway\.venv\data\vqa_v2\controls\vqav2-295956__control_03.png,true,expert_human_reviewer,2026-10-05
vqav2-295956,4,F:\Sadik\semantic-causal-pathway\.venv\data\vqa_v2\controls\vqav2-295956__control_04.png,true,expert_human_reviewer,2026-10-05
gqa-2380928,0,F:\Sadik\semantic-causal-pathway\.venv\data\vqa_v2\controls\gqa-2380928__control_00.png,true,expert_human_reviewer,2026-10-05
gqa-2380928,1,F:\Sadik\semantic-causal-pathway\.venv\data\vqa_v2\controls\gqa-2380928__control_01.png,true,expert_human_reviewer,2026-10-05
gqa-2380928,2,F:\Sadik\semantic-causal-pathway\.venv\data\vqa_v2\controls\gqa-2380928__control_02.png,true,expert_human_reviewer,2026-10-05
gqa-2380928,3,F:\Sadik\semantic-causal-pathway\.venv\data\vqa_v2\controls\gqa-2380928__control_03.png,true,expert_human_reviewer,2026-10-05
gqa-2380928,4,F:\Sadik\semantic-causal-pathway\.venv\data\vqa_v2\controls\gqa-2380928__control_04.png,true,expert_human_reviewer,2026-10-05
gqa-1218,0,F:\Sadik\semantic-causal-pathway\.venv\data\vqa_v2\controls\gqa-1218__control_00.png,true,expert_human_reviewer,2026-10-05
gqa-1218,1,F:\Sadik\semantic-causal-pathway\.venv\data\vqa_v2\controls\gqa-1218__control_01.png,true,expert_human_reviewer,2026-10-05
gqa-1218,2,F:\Sadik\semantic-causal-pathway\.venv\data\vqa_v2\controls\gqa-1218__control_02.png,true,expert_human_reviewer,2026-10-05
gqa-1218,3,F:\Sadik\semantic-causal-pathway\.venv\data\vqa_v2\controls\gqa-1218__control_03.png,true,expert_human_reviewer,2026-10-05
gqa-1218,4,F:\Sadik\semantic-causal-pathway\.venv\data\vqa_v2\controls\gqa-1218__control_04.png,true,expert_human_reviewer,2026-10-05
vqav2-72428,0,F:\Sadik\semantic-causal-pathway\.venv\data\vqa_v2\controls\vqav2-72428__control_00.png,true,expert_human_reviewer,2026-10-05
vqav2-72428,1,F:\Sadik\semantic-causal-pathway\.venv\data\vqa_v2\controls\vqav2-72428__control_01.png,true,expert_human_reviewer,2026-10-05
vqav2-72428,2,F:\Sadik\semantic-causal-pathway\.venv\data\vqa_v2\controls\vqav2-72428__control_02.png,true,expert_human_reviewer,2026-10-05
vqav2-72428,3,F:\Sadik\semantic-causal-pathway\.venv\data\vqa_v2\controls\vqav2-72428__control_03.png,true,expert_human_reviewer,2026-10-05
vqav2-72428,4,F:\Sadik\semantic-causal-pathway\.venv\data\vqa_v2\controls\vqav2-72428__control_04.png,true,expert_human_reviewer,2026-10-05
vqav2-276720,0,F:\Sadik\semantic-causal-pathway\.venv\data\vqa_v2\controls\vqav2-276720__control_00.png,true,expert_human_reviewer,2026-10-05
vqav2-276720,1,F:\Sadik\semantic-causal-pathway\.venv\data\vqa_v2\controls\vqav2-276720__control_01.png,true,expert_human_reviewer,2026-10-05
vqav2-276720,2,F:\Sadik\semantic-causal-pathway\.venv\data\vqa_v2\controls\vqav2-276720__control_02.png,true,expert_human_reviewer,2026-10-05
vqav2-276720,3,F:\Sadik\semantic-causal-pathway\.venv\data\vqa_v2\controls\vqav2-276720__control_03.png,true,expert_human_reviewer,2026-10-05
vqav2-276720,4,F:\Sadik\semantic-causal-pathway\.venv\data\vqa_v2\controls\vqav2-276720__control_04.png,true,expert_human_reviewer,2026-10-05
gqa-2376178,0,F:\Sadik\semantic-causal-pathway\.venv\data\vqa_v2\controls\gqa-2376178__control_00.png,true,expert_human_reviewer,2026-10-05
gqa-2376178,1,F:\Sadik\semantic-causal-pathway\.venv\data\vqa_v2\controls\gqa-2376178__control_01.png,true,expert_human_reviewer,2026-10-05
gqa-2376178,2,F:\Sadik\semantic-causal-pathway\.venv\data\vqa_v2\controls\gqa-2376178__control_02.png,true,expert_human_reviewer,2026-10-05
gqa-2376178,3,F:\Sadik\semantic-causal-pathway\.venv\data\vqa_v2\controls\gqa-2376178__control_03.png,true,expert_human_reviewer,2026-10-05
gqa-2376178,4,F:\Sadik\semantic-causal-pathway\.venv\data\vqa_v2\controls\gqa-2376178__control_04.png,true,expert_human_reviewer,2026-10-05
vqav2-127785,0,F:\Sadik\semantic-causal-pathway\.venv\data\vqa_v2\controls\vqav2-127785__control_00.png,true,expert_human_reviewer,2026-10-05
vqav2-127785,1,F:\Sadik\semantic-causal-pathway\.venv\data\vqa_v2\controls\vqav2-127785__control_01.png,true,expert_human_reviewer,2026-10-05
vqav2-127785,2,F:\Sadik\semantic-causal-pathway\.venv\data\vqa_v2\controls\vqav2-127785__control_02.png,true,expert_human_reviewer,2026-10-05
vqav2-127785,3,F:\Sadik\semantic-causal-pathway\.venv\data\vqa_v2\controls\vqav2-127785__control_03.png,true,expert_human_reviewer,2026-10-05
vqav2-127785,4,F:\Sadik\semantic-causal-pathway\.venv\data\vqa_v2\controls\vqav2-127785__control_04.png,true,expert_human_reviewer,2026-10-05
gqa-2383075,0,F:\Sadik\semantic-causal-pathway\.venv\data\vqa_v2\controls\gqa-2383075__control_00.png,true,expert_human_reviewer,2026-10-05
gqa-2383075,1,F:\Sadik\semantic-causal-pathway\.venv\data\vqa_v2\controls\gqa-2383075__control_01.png,true,expert_human_reviewer,2026-10-05
gqa-2383075,2,F:\Sadik\semantic-causal-pathway\.venv\data\vqa_v2\controls\gqa-2383075__control_02.png,true,expert_human_reviewer,2026-10-05
gqa-2383075,3,F:\Sadik\semantic-causal-pathway\.venv\data\vqa_v2\controls\gqa-2383075__control_03.png,true,expert_human_reviewer,2026-10-05
gqa-2383075,4,F:\Sadik\semantic-causal-pathway\.venv\data\vqa_v2\controls\gqa-2383075__control_04.png,true,expert_human_reviewer,2026-10-05
gqa-2369719,0,F:\Sadik\semantic-causal-pathway\.venv\data\vqa_v2\controls\gqa-2369719__control_00.png,true,expert_human_reviewer,2026-10-05
gqa-2369719,1,F:\Sadik\semantic-causal-pathway\.venv\data\vqa_v2\controls\gqa-2369719__control_01.png,true,expert_human_reviewer,2026-10-05
gqa-2369719,2,F:\Sadik\semantic-causal-pathway\.venv\data\vqa_v2\controls\gqa-2369719__control_02.png,true,expert_human_reviewer,2026-10-05
gqa-2369719,3,F:\Sadik\semantic-causal-pathway\.venv\data\vqa_v2\controls\gqa-2369719__control_03.png,true,expert_human_reviewer,2026-10-05
gqa-2369719,4,F:\Sadik\semantic-causal-pathway\.venv\data\vqa_v2\controls\gqa-2369719__control_04.png,true,expert_human_reviewer,2026-10-05
gqa-2344624,0,F:\Sadik\semantic-causal-pathway\.venv\data\vqa_v2\controls\gqa-2344624__control_00.png,true,expert_human_reviewer,2026-10-05
gqa-2344624,1,F:\Sadik\semantic-causal-pathway\.venv\data\vqa_v2\controls\gqa-2344624__control_01.png,true,expert_human_reviewer,2026-10-05
gqa-2344624,2,F:\Sadik\semantic-causal-pathway\.venv\data\vqa_v2\controls\gqa-2344624__control_02.png,true,expert_human_reviewer,2026-10-05
gqa-2344624,3,F:\Sadik\semantic-causal-pathway\.venv\data\vqa_v2\controls\gqa-2344624__control_03.png,true,expert_human_reviewer,2026-10-05
gqa-2344624,4,F:\Sadik\semantic-causal-pathway\.venv\data\vqa_v2\controls\gqa-2344624__control_04.png,true,expert_human_reviewer,2026-10-05
vqav2-155736,0,F:\Sadik\semantic-causal-pathway\.venv\data\vqa_v2\controls\vqav2-155736__control_00.png,true,expert_human_reviewer,2026-10-05
vqav2-155736,1,F:\Sadik\semantic-causal-pathway\.venv\data\vqa_v2\controls\vqav2-155736__control_01.png,true,expert_human_reviewer,2026-10-05
vqav2-155736,2,F:\Sadik\semantic-causal-pathway\.venv\data\vqa_v2\controls\vqav2-155736__control_02.png,true,expert_human_reviewer,2026-10-05
vqav2-155736,3,F:\Sadik\semantic-causal-pathway\.venv\data\vqa_v2\controls\vqav2-155736__control_03.png,true,expert_human_reviewer,2026-10-05
vqav2-155736,4,F:\Sadik\semantic-causal-pathway\.venv\data\vqa_v2\controls\vqav2-155736__control_04.png,true,expert_human_reviewer,2026-10-05
vqav2-363845,0,F:\Sadik\semantic-causal-pathway\.venv\data\vqa_v2\controls\vqav2-363845__control_00.png,true,expert_human_reviewer,2026-10-05
vqav2-363845,1,F:\Sadik\semantic-causal-pathway\.venv\data\vqa_v2\controls\vqav2-363845__control_01.png,true,expert_human_reviewer,2026-10-05
vqav2-363845,2,F:\Sadik\semantic-causal-pathway\.venv\data\vqa_v2\controls\vqav2-363845__control_02.png,true,expert_human_reviewer,2026-10-05
vqav2-363845,3,F:\Sadik\semantic-causal-pathway\.venv\data\vqa_v2\controls\vqav2-363845__control_03.png,true,expert_human_reviewer,2026-10-05
vqav2-363845,4,F:\Sadik\semantic-causal-pathway\.venv\data\vqa_v2\controls\vqav2-363845__control_04.png,true,expert_human_reviewer,2026-10-05
vqav2-281679,0,F:\Sadik\semantic-causal-pathway\.venv\data\vqa_v2\controls\vqav2-281679__control_00.png,true,expert_human_reviewer,2026-10-05
vqav2-281679,1,F:\Sadik\semantic-causal-pathway\.venv\data\vqa_v2\controls\vqav2-281679__control_01.png,true,expert_human_reviewer,2026-10-05
vqav2-281679,2,F:\Sadik\semantic-causal-pathway\.venv\data\vqa_v2\controls\vqav2-281679__control_02.png,true,expert_human_reviewer,2026-10-05
vqav2-281679,3,F:\Sadik\semantic-causal-pathway\.venv\data\vqa_v2\controls\vqav2-281679__control_03.png,true,expert_human_reviewer,2026-10-05
vqav2-281679,4,F:\Sadik\semantic-causal-pathway\.venv\data\vqa_v2\controls\vqav2-281679__control_04.png,true,expert_human_reviewer,2026-10-05
gqa-2404154,0,F:\Sadik\semantic-causal-pathway\.venv\data\vqa_v2\controls\gqa-2404154__control_00.png,true,expert_human_reviewer,2026-10-05
gqa-2404154,1,F:\Sadik\semantic-causal-pathway\.venv\data\vqa_v2\controls\gqa-2404154__control_01.png,true,expert_human_reviewer,2026-10-05
gqa-2404154,2,F:\Sadik\semantic-causal-pathway\.venv\data\vqa_v2\controls\gqa-2404154__control_02.png,true,expert_human_reviewer,2026-10-05
gqa-2404154,3,F:\Sadik\semantic-causal-pathway\.venv\data\vqa_v2\controls\gqa-2404154__control_03.png,true,expert_human_reviewer,2026-10-05
gqa-2404154,4,F:\Sadik\semantic-causal-pathway\.venv\data\vqa_v2\controls\gqa-2404154__control_04.png,true,expert_human_reviewer,2026-10-05
gqa-2334535,0,F:\Sadik\semantic-causal-pathway\.venv\data\vqa_v2\controls\gqa-2334535__control_00.png,true,expert_human_reviewer,2026-10-05
gqa-2334535,1,F:\Sadik\semantic-causal-pathway\.venv\data\vqa_v2\controls\gqa-2334535__control_01.png,true,expert_human_reviewer,2026-10-05
gqa-2334535,2,F:\Sadik\semantic-causal-pathway\.venv\data\vqa_v2\controls\gqa-2334535__control_02.png,true,expert_human_reviewer,2026-10-05
gqa-2334535,3,F:\Sadik\semantic-causal-pathway\.venv\data\vqa_v2\controls\gqa-2334535__control_03.png,true,expert_human_reviewer,2026-10-05
gqa-2334535,4,F:\Sadik\semantic-causal-pathway\.venv\data\vqa_v2\controls\gqa-2334535__control_04.png,true,expert_human_reviewer,2026-10-05
gqa-2376976,0,F:\Sadik\semantic-causal-pathway\.venv\data\vqa_v2\controls\gqa-2376976__control_00.png,true,expert_human_reviewer,2026-10-05
gqa-2376976,1,F:\Sadik\semantic-causal-pathway\.venv\data\vqa_v2\controls\gqa-2376976__control_01.png,true,expert_human_reviewer,2026-10-05
gqa-2376976,2,F:\Sadik\semantic-causal-pathway\.venv\data\vqa_v2\controls\gqa-2376976__control_02.png,true,expert_human_reviewer,2026-10-05
gqa-2376976,3,F:\Sadik\semantic-causal-pathway\.venv\data\vqa_v2\controls\gqa-2376976__control_03.png,true,expert_human_reviewer,2026-10-05
gqa-2376976,4,F:\Sadik\semantic-causal-pathway\.venv\data\vqa_v2\controls\gqa-2376976__control_04.png,true,expert_human_reviewer,2026-10-05
gqa-2349983,0,F:\Sadik\semantic-causal-pathway\.venv\data\vqa_v2\controls\gqa-2349983__control_00.png,true,expert_human_reviewer,2026-10-05
gqa-2349983,1,F:\Sadik\semantic-causal-pathway\.venv\data\vqa_v2\controls\gqa-2349983__control_01.png,true,expert_human_reviewer,2026-10-05
gqa-2349983,2,F:\Sadik\semantic-causal-pathway\.venv\data\vqa_v2\controls\gqa-2349983__control_02.png,true,expert_human_reviewer,2026-10-05
gqa-2349983,3,F:\Sadik\semantic-causal-pathway\.venv\data\vqa_v2\controls\gqa-2349983__control_03.png,true,expert_human_reviewer,2026-10-05
gqa-2349983,4,F:\Sadik\semantic-causal-pathway\.venv\data\vqa_v2\controls\gqa-2349983__control_04.png,true,expert_human_reviewer,2026-10-05
gqa-2404965,0,F:\Sadik\semantic-causal-pathway\.venv\data\vqa_v2\controls\gqa-2404965__control_00.png,true,expert_human_reviewer,2026-10-05
gqa-2404965,1,F:\Sadik\semantic-causal-pathway\.venv\data\vqa_v2\controls\gqa-2404965__control_01.png,true,expert_human_reviewer,2026-10-05
gqa-2404965,2,F:\Sadik\semantic-causal-pathway\.venv\data\vqa_v2\controls\gqa-2404965__control_02.png,true,expert_human_reviewer,2026-10-05
gqa-2404965,3,F:\Sadik\semantic-causal-pathway\.venv\data\vqa_v2\controls\gqa-2404965__control_03.png,true,expert_human_reviewer,2026-10-05
gqa-2404965,4,F:\Sadik\semantic-causal-pathway\.venv\data\vqa_v2\controls\gqa-2404965__control_04.png,true,expert_human_reviewer,2026-10-05
gqa-2390480,0,F:\Sadik\semantic-causal-pathway\.venv\data\vqa_v2\controls\gqa-2390480__control_00.png,true,expert_human_reviewer,2026-10-05
gqa-2390480,1,F:\Sadik\semantic-causal-pathway\.venv\data\vqa_v2\controls\gqa-2390480__control_01.png,true,expert_human_reviewer,2026-10-05
gqa-2390480,2,F:\Sadik\semantic-causal-pathway\.venv\data\vqa_v2\controls\gqa-2390480__control_02.png,true,expert_human_reviewer,2026-10-05
gqa-2390480,3,F:\Sadik\semantic-causal-pathway\.venv\data\vqa_v2\controls\gqa-2390480__control_03.png,true,expert_human_reviewer,2026-10-05
gqa-2390480,4,F:\Sadik\semantic-causal-pathway\.venv\data\vqa_v2\controls\gqa-2390480__control_04.png,true,expert_human_reviewer,2026-10-05
gqa-2364364,0,F:\Sadik\semantic-causal-pathway\.venv\data\vqa_v2\controls\gqa-2364364__control_00.png,true,expert_human_reviewer,2026-10-05
gqa-2364364,1,F:\Sadik\semantic-causal-pathway\.venv\data\vqa_v2\controls\gqa-2364364__control_01.png,true,expert_human_reviewer,2026-10-05
gqa-2364364,2,F:\Sadik\semantic-causal-pathway\.venv\data\vqa_v2\controls\gqa-2364364__control_02.png,true,expert_human_reviewer,2026-10-05
gqa-2364364,3,F:\Sadik\semantic-causal-pathway\.venv\data\vqa_v2\controls\gqa-2364364__control_03.png,true,expert_human_reviewer,2026-10-05
gqa-2364364,4,F:\Sadik\semantic-causal-pathway\.venv\data\vqa_v2\controls\gqa-2364364__control_04.png,true,expert_human_reviewer,2026-10-05
vqav2-190115,0,F:\Sadik\semantic-causal-pathway\.venv\data\vqa_v2\controls\vqav2-190115__control_00.png,true,expert_human_reviewer,2026-10-05
vqav2-190115,1,F:\Sadik\semantic-causal-pathway\.venv\data\vqa_v2\controls\vqav2-190115__control_01.png,true,expert_human_reviewer,2026-10-05
vqav2-190115,2,F:\Sadik\semantic-causal-pathway\.venv\data\vqa_v2\controls\vqav2-190115__control_02.png,true,expert_human_reviewer,2026-10-05
vqav2-190115,3,F:\Sadik\semantic-causal-pathway\.venv\data\vqa_v2\controls\vqav2-190115__control_03.png,true,expert_human_reviewer,2026-10-05
vqav2-190115,4,F:\Sadik\semantic-causal-pathway\.venv\data\vqa_v2\controls\vqav2-190115__control_04.png,true,expert_human_reviewer,2026-10-05
vqav2-11340,0,F:\Sadik\semantic-causal-pathway\.venv\data\vqa_v2\controls\vqav2-11340__control_00.png,true,expert_human_reviewer,2026-10-05
vqav2-11340,1,F:\Sadik\semantic-causal-pathway\.venv\data\vqa_v2\controls\vqav2-11340__control_01.png,true,expert_human_reviewer,2026-10-05
vqav2-11340,2,F:\Sadik\semantic-causal-pathway\.venv\data\vqa_v2\controls\vqav2-11340__control_02.png,true,expert_human_reviewer,2026-10-05
vqav2-11340,3,F:\Sadik\semantic-causal-pathway\.venv\data\vqa_v2\controls\vqav2-11340__control_03.png,true,expert_human_reviewer,2026-10-05
vqav2-11340,4,F:\Sadik\semantic-causal-pathway\.venv\data\vqa_v2\controls\vqav2-11340__control_04.png,true,expert_human_reviewer,2026-10-05
vqav2-283064,0,F:\Sadik\semantic-causal-pathway\.venv\data\vqa_v2\controls\vqav2-283064__control_00.png,true,expert_human_reviewer,2026-10-05
vqav2-283064,1,F:\Sadik\semantic-causal-pathway\.venv\data\vqa_v2\controls\vqav2-283064__control_01.png,true,expert_human_reviewer,2026-10-05
vqav2-283064,2,F:\Sadik\semantic-causal-pathway\.venv\data\vqa_v2\controls\vqav2-283064__control_02.png,true,expert_human_reviewer,2026-10-05
vqav2-283064,3,F:\Sadik\semantic-causal-pathway\.venv\data\vqa_v2\controls\vqav2-283064__control_03.png,true,expert_human_reviewer,2026-10-05
vqav2-283064,4,F:\Sadik\semantic-causal-pathway\.venv\data\vqa_v2\controls\vqav2-283064__control_04.png,true,expert_human_reviewer,2026-10-05
gqa-2316187,0,F:\Sadik\semantic-causal-pathway\.venv\data\vqa_v2\controls\gqa-2316187__control_00.png,true,expert_human_reviewer,2026-10-05
gqa-2316187,1,F:\Sadik\semantic-causal-pathway\.venv\data\vqa_v2\controls\gqa-2316187__control_01.png,true,expert_human_reviewer,2026-10-05
gqa-2316187,2,F:\Sadik\semantic-causal-pathway\.venv\data\vqa_v2\controls\gqa-2316187__control_02.png,true,expert_human_reviewer,2026-10-05
gqa-2316187,3,F:\Sadik\semantic-causal-pathway\.venv\data\vqa_v2\controls\gqa-2316187__control_03.png,true,expert_human_reviewer,2026-10-05
gqa-2316187,4,F:\Sadik\semantic-causal-pathway\.venv\data\vqa_v2\controls\gqa-2316187__control_04.png,true,expert_human_reviewer,2026-10-05
vqav2-302159,0,F:\Sadik\semantic-causal-pathway\.venv\data\vqa_v2\controls\vqav2-302159__control_00.png,true,expert_human_reviewer,2026-10-05
vqav2-302159,1,F:\Sadik\semantic-causal-pathway\.venv\data\vqa_v2\controls\vqav2-302159__control_01.png,true,expert_human_reviewer,2026-10-05
vqav2-302159,2,F:\Sadik\semantic-causal-pathway\.venv\data\vqa_v2\controls\vqav2-302159__control_02.png,true,expert_human_reviewer,2026-10-05
vqav2-302159,3,F:\Sadik\semantic-causal-pathway\.venv\data\vqa_v2\controls\vqav2-302159__control_03.png,true,expert_human_reviewer,2026-10-05
vqav2-302159,4,F:\Sadik\semantic-causal-pathway\.venv\data\vqa_v2\controls\vqav2-302159__control_04.png,true,expert_human_reviewer,2026-10-05
gqa-2352581,0,F:\Sadik\semantic-causal-pathway\.venv\data\vqa_v2\controls\gqa-2352581__control_00.png,true,expert_human_reviewer,2026-10-05
gqa-2352581,1,F:\Sadik\semantic-causal-pathway\.venv\data\vqa_v2\controls\gqa-2352581__control_01.png,true,expert_human_reviewer,2026-10-05
gqa-2352581,2,F:\Sadik\semantic-causal-pathway\.venv\data\vqa_v2\controls\gqa-2352581__control_02.png,true,expert_human_reviewer,2026-10-05
gqa-2352581,3,F:\Sadik\semantic-causal-pathway\.venv\data\vqa_v2\controls\gqa-2352581__control_03.png,true,expert_human_reviewer,2026-10-05
gqa-2352581,4,F:\Sadik\semantic-causal-pathway\.venv\data\vqa_v2\controls\gqa-2352581__control_04.png,true,expert_human_reviewer,2026-10-05
vqav2-433279,0,F:\Sadik\semantic-causal-pathway\.venv\data\vqa_v2\controls\vqav2-433279__control_00.png,true,expert_human_reviewer,2026-10-05
vqav2-433279,1,F:\Sadik\semantic-causal-pathway\.venv\data\vqa_v2\controls\vqav2-433279__control_01.png,true,expert_human_reviewer,2026-10-05
vqav2-433279,2,F:\Sadik\semantic-causal-pathway\.venv\data\vqa_v2\controls\vqav2-433279__control_02.png,true,expert_human_reviewer,2026-10-05
vqav2-433279,3,F:\Sadik\semantic-causal-pathway\.venv\data\vqa_v2\controls\vqav2-433279__control_03.png,true,expert_human_reviewer,2026-10-05
vqav2-433279,4,F:\Sadik\semantic-causal-pathway\.venv\data\vqa_v2\controls\vqav2-433279__control_04.png,true,expert_human_reviewer,2026-10-05
gqa-2405223,0,F:\Sadik\semantic-causal-pathway\.venv\data\vqa_v2\controls\gqa-2405223__control_00.png,true,expert_human_reviewer,2026-10-05
gqa-2405223,1,F:\Sadik\semantic-causal-pathway\.venv\data\vqa_v2\controls\gqa-2405223__control_01.png,true,expert_human_reviewer,2026-10-05
gqa-2405223,2,F:\Sadik\semantic-causal-pathway\.venv\data\vqa_v2\controls\gqa-2405223__control_02.png,true,expert_human_reviewer,2026-10-05
gqa-2405223,3,F:\Sadik\semantic-causal-pathway\.venv\data\vqa_v2\controls\gqa-2405223__control_03.png,true,expert_human_reviewer,2026-10-05
gqa-2405223,4,F:\Sadik\semantic-causal-pathway\.venv\data\vqa_v2\controls\gqa-2405223__control_04.png,true,expert_human_reviewer,2026-10-05
vqav2-332940,0,F:\Sadik\semantic-causal-pathway\.venv\data\vqa_v2\controls\vqav2-332940__control_00.png,true,expert_human_reviewer,2026-10-05
vqav2-332940,1,F:\Sadik\semantic-causal-pathway\.venv\data\vqa_v2\controls\vqav2-332940__control_01.png,true,expert_human_reviewer,2026-10-05
vqav2-332940,2,F:\Sadik\semantic-causal-pathway\.venv\data\vqa_v2\controls\vqav2-332940__control_02.png,true,expert_human_reviewer,2026-10-05
vqav2-332940,3,F:\Sadik\semantic-causal-pathway\.venv\data\vqa_v2\controls\vqav2-332940__control_03.png,true,expert_human_reviewer,2026-10-05
vqav2-332940,4,F:\Sadik\semantic-causal-pathway\.venv\data\vqa_v2\controls\vqav2-332940__control_04.png,true,expert_human_reviewer,2026-10-05
vqav2-9729,0,F:\Sadik\semantic-causal-pathway\.venv\data\vqa_v2\controls\vqav2-9729__control_00.png,true,expert_human_reviewer,2026-10-05
vqav2-9729,1,F:\Sadik\semantic-causal-pathway\.venv\data\vqa_v2\controls\vqav2-9729__control_01.png,true,expert_human_reviewer,2026-10-05
vqav2-9729,2,F:\Sadik\semantic-causal-pathway\.venv\data\vqa_v2\controls\vqav2-9729__control_02.png,true,expert_human_reviewer,2026-10-05
vqav2-9729,3,F:\Sadik\semantic-causal-pathway\.venv\data\vqa_v2\controls\vqav2-9729__control_03.png,true,expert_human_reviewer,2026-10-05
vqav2-9729,4,F:\Sadik\semantic-causal-pathway\.venv\data\vqa_v2\controls\vqav2-9729__control_04.png,true,expert_human_reviewer,2026-10-05
gqa-2323933,0,F:\Sadik\semantic-causal-pathway\.venv\data\vqa_v2\controls\gqa-2323933__control_00.png,true,expert_human_reviewer,2026-10-05
gqa-2323933,1,F:\Sadik\semantic-causal-pathway\.venv\data\vqa_v2\controls\gqa-2323933__control_01.png,true,expert_human_reviewer,2026-10-05
gqa-2323933,2,F:\Sadik\semantic-causal-pathway\.venv\data\vqa_v2\controls\gqa-2323933__control_02.png,true,expert_human_reviewer,2026-10-05
gqa-2323933,3,F:\Sadik\semantic-causal-pathway\.venv\data\vqa_v2\controls\gqa-2323933__control_03.png,true,expert_human_reviewer,2026-10-05
gqa-2323933,4,F:\Sadik\semantic-causal-pathway\.venv\data\vqa_v2\controls\gqa-2323933__control_04.png,true,expert_human_reviewer,2026-10-05
vqav2-446751,0,F:\Sadik\semantic-causal-pathway\.venv\data\vqa_v2\controls\vqav2-446751__control_00.png,true,expert_human_reviewer,2026-10-05
vqav2-446751,1,F:\Sadik\semantic-causal-pathway\.venv\data\vqa_v2\controls\vqav2-446751__control_01.png,true,expert_human_reviewer,2026-10-05
vqav2-446751,2,F:\Sadik\semantic-causal-pathway\.venv\data\vqa_v2\controls\vqav2-446751__control_02.png,true,expert_human_reviewer,2026-10-05
vqav2-446751,3,F:\Sadik\semantic-causal-pathway\.venv\data\vqa_v2\controls\vqav2-446751__control_03.png,true,expert_human_reviewer,2026-10-05
vqav2-446751,4,F:\Sadik\semantic-causal-pathway\.venv\data\vqa_v2\controls\vqav2-446751__control_04.png,true,expert_human_reviewer,2026-10-05
vqav2-12670,0,F:\Sadik\semantic-causal-pathway\.venv\data\vqa_v2\controls\vqav2-12670__control_00.png,true,expert_human_reviewer,2026-10-05
vqav2-12670,1,F:\Sadik\semantic-causal-pathway\.venv\data\vqa_v2\controls\vqav2-12670__control_01.png,true,expert_human_reviewer,2026-10-05
vqav2-12670,2,F:\Sadik\semantic-causal-pathway\.venv\data\vqa_v2\controls\vqav2-12670__control_02.png,true,expert_human_reviewer,2026-10-05
vqav2-12670,3,F:\Sadik\semantic-causal-pathway\.venv\data\vqa_v2\controls\vqav2-12670__control_03.png,true,expert_human_reviewer,2026-10-05
vqav2-12670,4,F:\Sadik\semantic-causal-pathway\.venv\data\vqa_v2\controls\vqav2-12670__control_04.png,true,expert_human_reviewer,2026-10-05
gqa-2407446,0,F:\Sadik\semantic-causal-pathway\.venv\data\vqa_v2\controls\gqa-2407446__control_00.png,true,expert_human_reviewer,2026-10-05
gqa-2407446,1,F:\Sadik\semantic-causal-pathway\.venv\data\vqa_v2\controls\gqa-2407446__control_01.png,true,expert_human_reviewer,2026-10-05
gqa-2407446,2,F:\Sadik\semantic-causal-pathway\.venv\data\vqa_v2\controls\gqa-2407446__control_02.png,true,expert_human_reviewer,2026-10-05
gqa-2407446,3,F:\Sadik\semantic-causal-pathway\.venv\data\vqa_v2\controls\gqa-2407446__control_03.png,true,expert_human_reviewer,2026-10-05
gqa-2407446,4,F:\Sadik\semantic-causal-pathway\.venv\data\vqa_v2\controls\gqa-2407446__control_04.png,true,expert_human_reviewer,2026-10-05
vqav2-144929,0,F:\Sadik\semantic-causal-pathway\.venv\data\vqa_v2\controls\vqav2-144929__control_00.png,true,expert_human_reviewer,2026-10-05
vqav2-144929,1,F:\Sadik\semantic-causal-pathway\.venv\data\vqa_v2\controls\vqav2-144929__control_01.png,true,expert_human_reviewer,2026-10-05
vqav2-144929,2,F:\Sadik\semantic-causal-pathway\.venv\data\vqa_v2\controls\vqav2-144929__control_02.png,true,expert_human_reviewer,2026-10-05
vqav2-144929,3,F:\Sadik\semantic-causal-pathway\.venv\data\vqa_v2\controls\vqav2-144929__control_03.png,true,expert_human_reviewer,2026-10-05
vqav2-144929,4,F:\Sadik\semantic-causal-pathway\.venv\data\vqa_v2\controls\vqav2-144929__control_04.png,true,expert_human_reviewer,2026-10-05
gqa-2386511,0,F:\Sadik\semantic-causal-pathway\.venv\data\vqa_v2\controls\gqa-2386511__control_00.png,true,expert_human_reviewer,2026-10-05
gqa-2386511,1,F:\Sadik\semantic-causal-pathway\.venv\data\vqa_v2\controls\gqa-2386511__control_01.png,true,expert_human_reviewer,2026-10-05
gqa-2386511,2,F:\Sadik\semantic-causal-pathway\.venv\data\vqa_v2\controls\gqa-2386511__control_02.png,true,expert_human_reviewer,2026-10-05
gqa-2386511,3,F:\Sadik\semantic-causal-pathway\.venv\data\vqa_v2\controls\gqa-2386511__control_03.png,true,expert_human_reviewer,2026-10-05
gqa-2386511,4,F:\Sadik\semantic-causal-pathway\.venv\data\vqa_v2\controls\gqa-2386511__control_04.png,true,expert_human_reviewer,2026-10-05
gqa-2362638,0,F:\Sadik\semantic-causal-pathway\.venv\data\vqa_v2\controls\gqa-2362638__control_00.png,true,expert_human_reviewer,2026-10-05
gqa-2362638,1,F:\Sadik\semantic-causal-pathway\.venv\data\vqa_v2\controls\gqa-2362638__control_01.png,true,expert_human_reviewer,2026-10-05
gqa-2362638,2,F:\Sadik\semantic-causal-pathway\.venv\data\vqa_v2\controls\gqa-2362638__control_02.png,true,expert_human_reviewer,2026-10-05
gqa-2362638,3,F:\Sadik\semantic-causal-pathway\.venv\data\vqa_v2\controls\gqa-2362638__control_03.png,true,expert_human_reviewer,2026-10-05
gqa-2362638,4,F:\Sadik\semantic-causal-pathway\.venv\data\vqa_v2\controls\gqa-2362638__control_04.png,true,expert_human_reviewer,2026-10-05
gqa-2325896,0,F:\Sadik\semantic-causal-pathway\.venv\data\vqa_v2\controls\gqa-2325896__control_00.png,true,expert_human_reviewer,2026-10-05
gqa-2325896,1,F:\Sadik\semantic-causal-pathway\.venv\data\vqa_v2\controls\gqa-2325896__control_01.png,true,expert_human_reviewer,2026-10-05
gqa-2325896,2,F:\Sadik\semantic-causal-pathway\.venv\data\vqa_v2\controls\gqa-2325896__control_02.png,true,expert_human_reviewer,2026-10-05
gqa-2325896,3,F:\Sadik\semantic-causal-pathway\.venv\data\vqa_v2\controls\gqa-2325896__control_03.png,true,expert_human_reviewer,2026-10-05
gqa-2325896,4,F:\Sadik\semantic-causal-pathway\.venv\data\vqa_v2\controls\gqa-2325896__control_04.png,true,expert_human_reviewer,2026-10-05
vqav2-494863,0,F:\Sadik\semantic-causal-pathway\.venv\data\vqa_v2\controls\vqav2-494863__control_00.png,true,expert_human_reviewer,2026-10-05
vqav2-494863,1,F:\Sadik\semantic-causal-pathway\.venv\data\vqa_v2\controls\vqav2-494863__control_01.png,true,expert_human_reviewer,2026-10-05
vqav2-494863,2,F:\Sadik\semantic-causal-pathway\.venv\data\vqa_v2\controls\vqav2-494863__control_02.png,true,expert_human_reviewer,2026-10-05
vqav2-494863,3,F:\Sadik\semantic-causal-pathway\.venv\data\vqa_v2\controls\vqav2-494863__control_03.png,true,expert_human_reviewer,2026-10-05
vqav2-494863,4,F:\Sadik\semantic-causal-pathway\.venv\data\vqa_v2\controls\vqav2-494863__control_04.png,true,expert_human_reviewer,2026-10-05
gqa-2368444,0,F:\Sadik\semantic-causal-pathway\.venv\data\vqa_v2\controls\gqa-2368444__control_00.png,true,expert_human_reviewer,2026-10-05
gqa-2368444,1,F:\Sadik\semantic-causal-pathway\.venv\data\vqa_v2\controls\gqa-2368444__control_01.png,true,expert_human_reviewer,2026-10-05
gqa-2368444,2,F:\Sadik\semantic-causal-pathway\.venv\data\vqa_v2\controls\gqa-2368444__control_02.png,true,expert_human_reviewer,2026-10-05
gqa-2368444,3,F:\Sadik\semantic-causal-pathway\.venv\data\vqa_v2\controls\gqa-2368444__control_03.png,true,expert_human_reviewer,2026-10-05
gqa-2368444,4,F:\Sadik\semantic-causal-pathway\.venv\data\vqa_v2\controls\gqa-2368444__control_04.png,true,expert_human_reviewer,2026-10-05
gqa-2364138,0,F:\Sadik\semantic-causal-pathway\.venv\data\vqa_v2\controls\gqa-2364138__control_00.png,true,expert_human_reviewer,2026-10-05
gqa-2364138,1,F:\Sadik\semantic-causal-pathway\.venv\data\vqa_v2\controls\gqa-2364138__control_01.png,true,expert_human_reviewer,2026-10-05
gqa-2364138,2,F:\Sadik\semantic-causal-pathway\.venv\data\vqa_v2\controls\gqa-2364138__control_02.png,true,expert_human_reviewer,2026-10-05
gqa-2364138,3,F:\Sadik\semantic-causal-pathway\.venv\data\vqa_v2\controls\gqa-2364138__control_03.png,true,expert_human_reviewer,2026-10-05
gqa-2364138,4,F:\Sadik\semantic-causal-pathway\.venv\data\vqa_v2\controls\gqa-2364138__control_04.png,true,expert_human_reviewer,2026-10-05
vqav2-70589,0,F:\Sadik\semantic-causal-pathway\.venv\data\vqa_v2\controls\vqav2-70589__control_00.png,true,expert_human_reviewer,2026-10-05
vqav2-70589,1,F:\Sadik\semantic-causal-pathway\.venv\data\vqa_v2\controls\vqav2-70589__control_01.png,true,expert_human_reviewer,2026-10-05
vqav2-70589,2,F:\Sadik\semantic-causal-pathway\.venv\data\vqa_v2\controls\vqav2-70589__control_02.png,true,expert_human_reviewer,2026-10-05
vqav2-70589,3,F:\Sadik\semantic-causal-pathway\.venv\data\vqa_v2\controls\vqav2-70589__control_03.png,true,expert_human_reviewer,2026-10-05
vqav2-70589,4,F:\Sadik\semantic-causal-pathway\.venv\data\vqa_v2\controls\vqav2-70589__control_04.png,true,expert_human_reviewer,2026-10-05
gqa-2383321,0,F:\Sadik\semantic-causal-pathway\.venv\data\vqa_v2\controls\gqa-2383321__control_00.png,true,expert_human_reviewer,2026-10-05
gqa-2383321,1,F:\Sadik\semantic-causal-pathway\.venv\data\vqa_v2\controls\gqa-2383321__control_01.png,true,expert_human_reviewer,2026-10-05
gqa-2383321,2,F:\Sadik\semantic-causal-pathway\.venv\data\vqa_v2\controls\gqa-2383321__control_02.png,true,expert_human_reviewer,2026-10-05
gqa-2383321,3,F:\Sadik\semantic-causal-pathway\.venv\data\vqa_v2\controls\gqa-2383321__control_03.png,true,expert_human_reviewer,2026-10-05
gqa-2383321,4,F:\Sadik\semantic-causal-pathway\.venv\data\vqa_v2\controls\gqa-2383321__control_04.png,true,expert_human_reviewer,2026-10-05
vqav2-261906,0,F:\Sadik\semantic-causal-pathway\.venv\data\vqa_v2\controls\vqav2-261906__control_00.png,true,expert_human_reviewer,2026-10-05
vqav2-261906,1,F:\Sadik\semantic-causal-pathway\.venv\data\vqa_v2\controls\vqav2-261906__control_01.png,true,expert_human_reviewer,2026-10-05
vqav2-261906,2,F:\Sadik\semantic-causal-pathway\.venv\data\vqa_v2\controls\vqav2-261906__control_02.png,true,expert_human_reviewer,2026-10-05
vqav2-261906,3,F:\Sadik\semantic-causal-pathway\.venv\data\vqa_v2\controls\vqav2-261906__control_03.png,true,expert_human_reviewer,2026-10-05
vqav2-261906,4,F:\Sadik\semantic-causal-pathway\.venv\data\vqa_v2\controls\vqav2-261906__control_04.png,true,expert_human_reviewer,2026-10-05
gqa-2363937,0,F:\Sadik\semantic-causal-pathway\.venv\data\vqa_v2\controls\gqa-2363937__control_00.png,true,expert_human_reviewer,2026-10-05
gqa-2363937,1,F:\Sadik\semantic-causal-pathway\.venv\data\vqa_v2\controls\gqa-2363937__control_01.png,true,expert_human_reviewer,2026-10-05
gqa-2363937,2,F:\Sadik\semantic-causal-pathway\.venv\data\vqa_v2\controls\gqa-2363937__control_02.png,true,expert_human_reviewer,2026-10-05
gqa-2363937,3,F:\Sadik\semantic-causal-pathway\.venv\data\vqa_v2\controls\gqa-2363937__control_03.png,true,expert_human_reviewer,2026-10-05
gqa-2363937,4,F:\Sadik\semantic-causal-pathway\.venv\data\vqa_v2\controls\gqa-2363937__control_04.png,true,expert_human_reviewer,2026-10-05
gqa-2327958,0,F:\Sadik\semantic-causal-pathway\.venv\data\vqa_v2\controls\gqa-2327958__control_00.png,true,expert_human_reviewer,2026-10-05
gqa-2327958,1,F:\Sadik\semantic-causal-pathway\.venv\data\vqa_v2\controls\gqa-2327958__control_01.png,true,expert_human_reviewer,2026-10-05
gqa-2327958,2,F:\Sadik\semantic-causal-pathway\.venv\data\vqa_v2\controls\gqa-2327958__control_02.png,true,expert_human_reviewer,2026-10-05
gqa-2327958,3,F:\Sadik\semantic-causal-pathway\.venv\data\vqa_v2\controls\gqa-2327958__control_03.png,true,expert_human_reviewer,2026-10-05
gqa-2327958,4,F:\Sadik\semantic-causal-pathway\.venv\data\vqa_v2\controls\gqa-2327958__control_04.png,true,expert_human_reviewer,2026-10-05
vqav2-425644,0,F:\Sadik\semantic-causal-pathway\.venv\data\vqa_v2\controls\vqav2-425644__control_00.png,true,expert_human_reviewer,2026-10-05
vqav2-425644,1,F:\Sadik\semantic-causal-pathway\.venv\data\vqa_v2\controls\vqav2-425644__control_01.png,true,expert_human_reviewer,2026-10-05
vqav2-425644,2,F:\Sadik\semantic-causal-pathway\.venv\data\vqa_v2\controls\vqav2-425644__control_02.png,true,expert_human_reviewer,2026-10-05
vqav2-425644,3,F:\Sadik\semantic-causal-pathway\.venv\data\vqa_v2\controls\vqav2-425644__control_03.png,true,expert_human_reviewer,2026-10-05
vqav2-425644,4,F:\Sadik\semantic-causal-pathway\.venv\data\vqa_v2\controls\vqav2-425644__control_04.png,true,expert_human_reviewer,2026-10-05
gqa-2400081,0,F:\Sadik\semantic-causal-pathway\.venv\data\vqa_v2\controls\gqa-2400081__control_00.png,true,expert_human_reviewer,2026-10-05
gqa-2400081,1,F:\Sadik\semantic-causal-pathway\.venv\data\vqa_v2\controls\gqa-2400081__control_01.png,true,expert_human_reviewer,2026-10-05
gqa-2400081,2,F:\Sadik\semantic-causal-pathway\.venv\data\vqa_v2\controls\gqa-2400081__control_02.png,true,expert_human_reviewer,2026-10-05
gqa-2400081,3,F:\Sadik\semantic-causal-pathway\.venv\data\vqa_v2\controls\gqa-2400081__control_03.png,true,expert_human_reviewer,2026-10-05
gqa-2400081,4,F:\Sadik\semantic-causal-pathway\.venv\data\vqa_v2\controls\gqa-2400081__control_04.png,true,expert_human_reviewer,2026-10-05
vqav2-358255,0,F:\Sadik\semantic-causal-pathway\.venv\data\vqa_v2\controls\vqav2-358255__control_00.png,true,expert_human_reviewer,2026-10-05
vqav2-358255,1,F:\Sadik\semantic-causal-pathway\.venv\data\vqa_v2\controls\vqav2-358255__control_01.png,true,expert_human_reviewer,2026-10-05
vqav2-358255,2,F:\Sadik\semantic-causal-pathway\.venv\data\vqa_v2\controls\vqav2-358255__control_02.png,true,expert_human_reviewer,2026-10-05
vqav2-358255,3,F:\Sadik\semantic-causal-pathway\.venv\data\vqa_v2\controls\vqav2-358255__control_03.png,true,expert_human_reviewer,2026-10-05
vqav2-358255,4,F:\Sadik\semantic-causal-pathway\.venv\data\vqa_v2\controls\vqav2-358255__control_04.png,true,expert_human_reviewer,2026-10-05
vqav2-96110,0,F:\Sadik\semantic-causal-pathway\.venv\data\vqa_v2\controls\vqav2-96110__control_00.png,true,expert_human_reviewer,2026-10-05
vqav2-96110,1,F:\Sadik\semantic-causal-pathway\.venv\data\vqa_v2\controls\vqav2-96110__control_01.png,true,expert_human_reviewer,2026-10-05
vqav2-96110,2,F:\Sadik\semantic-causal-pathway\.venv\data\vqa_v2\controls\vqav2-96110__control_02.png,true,expert_human_reviewer,2026-10-05
vqav2-96110,3,F:\Sadik\semantic-causal-pathway\.venv\data\vqa_v2\controls\vqav2-96110__control_03.png,true,expert_human_reviewer,2026-10-05
vqav2-96110,4,F:\Sadik\semantic-causal-pathway\.venv\data\vqa_v2\controls\vqav2-96110__control_04.png,true,expert_human_reviewer,2026-10-05
gqa-2398382,0,F:\Sadik\semantic-causal-pathway\.venv\data\vqa_v2\controls\gqa-2398382__control_00.png,true,expert_human_reviewer,2026-10-05
gqa-2398382,1,F:\Sadik\semantic-causal-pathway\.venv\data\vqa_v2\controls\gqa-2398382__control_01.png,true,expert_human_reviewer,2026-10-05
gqa-2398382,2,F:\Sadik\semantic-causal-pathway\.venv\data\vqa_v2\controls\gqa-2398382__control_02.png,true,expert_human_reviewer,2026-10-05
gqa-2398382,3,F:\Sadik\semantic-causal-pathway\.venv\data\vqa_v2\controls\gqa-2398382__control_03.png,true,expert_human_reviewer,2026-10-05
gqa-2398382,4,F:\Sadik\semantic-causal-pathway\.venv\data\vqa_v2\controls\gqa-2398382__control_04.png,true,expert_human_reviewer,2026-10-05
vqav2-306855,0,F:\Sadik\semantic-causal-pathway\.venv\data\vqa_v2\controls\vqav2-306855__control_00.png,true,expert_human_reviewer,2026-10-05
vqav2-306855,1,F:\Sadik\semantic-causal-pathway\.venv\data\vqa_v2\controls\vqav2-306855__control_01.png,true,expert_human_reviewer,2026-10-05
vqav2-306855,2,F:\Sadik\semantic-causal-pathway\.venv\data\vqa_v2\controls\vqav2-306855__control_02.png,true,expert_human_reviewer,2026-10-05
vqav2-306855,3,F:\Sadik\semantic-causal-pathway\.venv\data\vqa_v2\controls\vqav2-306855__control_03.png,true,expert_human_reviewer,2026-10-05
vqav2-306855,4,F:\Sadik\semantic-causal-pathway\.venv\data\vqa_v2\controls\vqav2-306855__control_04.png,true,expert_human_reviewer,2026-10-05
vqav2-276063,0,F:\Sadik\semantic-causal-pathway\.venv\data\vqa_v2\controls\vqav2-276063__control_00.png,true,expert_human_reviewer,2026-10-05
vqav2-276063,1,F:\Sadik\semantic-causal-pathway\.venv\data\vqa_v2\controls\vqav2-276063__control_01.png,true,expert_human_reviewer,2026-10-05
vqav2-276063,2,F:\Sadik\semantic-causal-pathway\.venv\data\vqa_v2\controls\vqav2-276063__control_02.png,true,expert_human_reviewer,2026-10-05
vqav2-276063,3,F:\Sadik\semantic-causal-pathway\.venv\data\vqa_v2\controls\vqav2-276063__control_03.png,true,expert_human_reviewer,2026-10-05
vqav2-276063,4,F:\Sadik\semantic-causal-pathway\.venv\data\vqa_v2\controls\vqav2-276063__control_04.png,true,expert_human_reviewer,2026-10-05
vqav2-139127,0,F:\Sadik\semantic-causal-pathway\.venv\data\vqa_v2\controls\vqav2-139127__control_00.png,true,expert_human_reviewer,2026-10-05
vqav2-139127,1,F:\Sadik\semantic-causal-pathway\.venv\data\vqa_v2\controls\vqav2-139127__control_01.png,true,expert_human_reviewer,2026-10-05
vqav2-139127,2,F:\Sadik\semantic-causal-pathway\.venv\data\vqa_v2\controls\vqav2-139127__control_02.png,true,expert_human_reviewer,2026-10-05
vqav2-139127,3,F:\Sadik\semantic-causal-pathway\.venv\data\vqa_v2\controls\vqav2-139127__control_03.png,true,expert_human_reviewer,2026-10-05
vqav2-139127,4,F:\Sadik\semantic-causal-pathway\.venv\data\vqa_v2\controls\vqav2-139127__control_04.png,true,expert_human_reviewer,2026-10-05
vqav2-12979,0,F:\Sadik\semantic-causal-pathway\.venv\data\vqa_v2\controls\vqav2-12979__control_00.png,true,expert_human_reviewer,2026-10-05
vqav2-12979,1,F:\Sadik\semantic-causal-pathway\.venv\data\vqa_v2\controls\vqav2-12979__control_01.png,true,expert_human_reviewer,2026-10-05
vqav2-12979,2,F:\Sadik\semantic-causal-pathway\.venv\data\vqa_v2\controls\vqav2-12979__control_02.png,true,expert_human_reviewer,2026-10-05
vqav2-12979,3,F:\Sadik\semantic-causal-pathway\.venv\data\vqa_v2\controls\vqav2-12979__control_03.png,true,expert_human_reviewer,2026-10-05
vqav2-12979,4,F:\Sadik\semantic-causal-pathway\.venv\data\vqa_v2\controls\vqav2-12979__control_04.png,true,expert_human_reviewer,2026-10-05
vqav2-296032,0,F:\Sadik\semantic-causal-pathway\.venv\data\vqa_v2\controls\vqav2-296032__control_00.png,true,expert_human_reviewer,2026-10-05
vqav2-296032,1,F:\Sadik\semantic-causal-pathway\.venv\data\vqa_v2\controls\vqav2-296032__control_01.png,true,expert_human_reviewer,2026-10-05
vqav2-296032,2,F:\Sadik\semantic-causal-pathway\.venv\data\vqa_v2\controls\vqav2-296032__control_02.png,true,expert_human_reviewer,2026-10-05
vqav2-296032,3,F:\Sadik\semantic-causal-pathway\.venv\data\vqa_v2\controls\vqav2-296032__control_03.png,true,expert_human_reviewer,2026-10-05
vqav2-296032,4,F:\Sadik\semantic-causal-pathway\.venv\data\vqa_v2\controls\vqav2-296032__control_04.png,true,expert_human_reviewer,2026-10-05
vqav2-504810,0,F:\Sadik\semantic-causal-pathway\.venv\data\vqa_v2\controls\vqav2-504810__control_00.png,true,expert_human_reviewer,2026-10-05
vqav2-504810,1,F:\Sadik\semantic-causal-pathway\.venv\data\vqa_v2\controls\vqav2-504810__control_01.png,true,expert_human_reviewer,2026-10-05
vqav2-504810,2,F:\Sadik\semantic-causal-pathway\.venv\data\vqa_v2\controls\vqav2-504810__control_02.png,true,expert_human_reviewer,2026-10-05
vqav2-504810,3,F:\Sadik\semantic-causal-pathway\.venv\data\vqa_v2\controls\vqav2-504810__control_03.png,true,expert_human_reviewer,2026-10-05
vqav2-504810,4,F:\Sadik\semantic-causal-pathway\.venv\data\vqa_v2\controls\vqav2-504810__control_04.png,true,expert_human_reviewer,2026-10-05
vqav2-404613,0,F:\Sadik\semantic-causal-pathway\.venv\data\vqa_v2\controls\vqav2-404613__control_00.png,true,expert_human_reviewer,2026-10-05
vqav2-404613,1,F:\Sadik\semantic-causal-pathway\.venv\data\vqa_v2\controls\vqav2-404613__control_01.png,true,expert_human_reviewer,2026-10-05
vqav2-404613,2,F:\Sadik\semantic-causal-pathway\.venv\data\vqa_v2\controls\vqav2-404613__control_02.png,true,expert_human_reviewer,2026-10-05
vqav2-404613,3,F:\Sadik\semantic-causal-pathway\.venv\data\vqa_v2\controls\vqav2-404613__control_03.png,true,expert_human_reviewer,2026-10-05
vqav2-404613,4,F:\Sadik\semantic-causal-pathway\.venv\data\vqa_v2\controls\vqav2-404613__control_04.png,true,expert_human_reviewer,2026-10-05
gqa-2402570,0,F:\Sadik\semantic-causal-pathway\.venv\data\vqa_v2\controls\gqa-2402570__control_00.png,true,expert_human_reviewer,2026-10-05
gqa-2402570,1,F:\Sadik\semantic-causal-pathway\.venv\data\vqa_v2\controls\gqa-2402570__control_01.png,true,expert_human_reviewer,2026-10-05
gqa-2402570,2,F:\Sadik\semantic-causal-pathway\.venv\data\vqa_v2\controls\gqa-2402570__control_02.png,true,expert_human_reviewer,2026-10-05
gqa-2402570,3,F:\Sadik\semantic-causal-pathway\.venv\data\vqa_v2\controls\gqa-2402570__control_03.png,true,expert_human_reviewer,2026-10-05
gqa-2402570,4,F:\Sadik\semantic-causal-pathway\.venv\data\vqa_v2\controls\gqa-2402570__control_04.png,true,expert_human_reviewer,2026-10-05
vqav2-490294,0,F:\Sadik\semantic-causal-pathway\.venv\data\vqa_v2\controls\vqav2-490294__control_00.png,true,expert_human_reviewer,2026-10-05
vqav2-490294,1,F:\Sadik\semantic-causal-pathway\.venv\data\vqa_v2\controls\vqav2-490294__control_01.png,true,expert_human_reviewer,2026-10-05
vqav2-490294,2,F:\Sadik\semantic-causal-pathway\.venv\data\vqa_v2\controls\vqav2-490294__control_02.png,true,expert_human_reviewer,2026-10-05
vqav2-490294,3,F:\Sadik\semantic-causal-pathway\.venv\data\vqa_v2\controls\vqav2-490294__control_03.png,true,expert_human_reviewer,2026-10-05
vqav2-490294,4,F:\Sadik\semantic-causal-pathway\.venv\data\vqa_v2\controls\vqav2-490294__control_04.png,true,expert_human_reviewer,2026-10-05
vqav2-290170,0,F:\Sadik\semantic-causal-pathway\.venv\data\vqa_v2\controls\vqav2-290170__control_00.png,true,expert_human_reviewer,2026-10-05
vqav2-290170,1,F:\Sadik\semantic-causal-pathway\.venv\data\vqa_v2\controls\vqav2-290170__control_01.png,true,expert_human_reviewer,2026-10-05
vqav2-290170,2,F:\Sadik\semantic-causal-pathway\.venv\data\vqa_v2\controls\vqav2-290170__control_02.png,true,expert_human_reviewer,2026-10-05
vqav2-290170,3,F:\Sadik\semantic-causal-pathway\.venv\data\vqa_v2\controls\vqav2-290170__control_03.png,true,expert_human_reviewer,2026-10-05
vqav2-290170,4,F:\Sadik\semantic-causal-pathway\.venv\data\vqa_v2\controls\vqav2-290170__control_04.png,true,expert_human_reviewer,2026-10-05
vqav2-565670,0,F:\Sadik\semantic-causal-pathway\.venv\data\vqa_v2\controls\vqav2-565670__control_00.png,true,expert_human_reviewer,2026-10-05
vqav2-565670,1,F:\Sadik\semantic-causal-pathway\.venv\data\vqa_v2\controls\vqav2-565670__control_01.png,true,expert_human_reviewer,2026-10-05
vqav2-565670,2,F:\Sadik\semantic-causal-pathway\.venv\data\vqa_v2\controls\vqav2-565670__control_02.png,true,expert_human_reviewer,2026-10-05
vqav2-565670,3,F:\Sadik\semantic-causal-pathway\.venv\data\vqa_v2\controls\vqav2-565670__control_03.png,true,expert_human_reviewer,2026-10-05
vqav2-565670,4,F:\Sadik\semantic-causal-pathway\.venv\data\vqa_v2\controls\vqav2-565670__control_04.png,true,expert_human_reviewer,2026-10-05
vqav2-321846,0,F:\Sadik\semantic-causal-pathway\.venv\data\vqa_v2\controls\vqav2-321846__control_00.png,true,expert_human_reviewer,2026-10-05
vqav2-321846,1,F:\Sadik\semantic-causal-pathway\.venv\data\vqa_v2\controls\vqav2-321846__control_01.png,true,expert_human_reviewer,2026-10-05
vqav2-321846,2,F:\Sadik\semantic-causal-pathway\.venv\data\vqa_v2\controls\vqav2-321846__control_02.png,true,expert_human_reviewer,2026-10-05
vqav2-321846,3,F:\Sadik\semantic-causal-pathway\.venv\data\vqa_v2\controls\vqav2-321846__control_03.png,true,expert_human_reviewer,2026-10-05
vqav2-321846,4,F:\Sadik\semantic-causal-pathway\.venv\data\vqa_v2\controls\vqav2-321846__control_04.png,true,expert_human_reviewer,2026-10-05
gqa-2415670,0,F:\Sadik\semantic-causal-pathway\.venv\data\vqa_v2\controls\gqa-2415670__control_00.png,true,expert_human_reviewer,2026-10-05
gqa-2415670,1,F:\Sadik\semantic-causal-pathway\.venv\data\vqa_v2\controls\gqa-2415670__control_01.png,true,expert_human_reviewer,2026-10-05
gqa-2415670,2,F:\Sadik\semantic-causal-pathway\.venv\data\vqa_v2\controls\gqa-2415670__control_02.png,true,expert_human_reviewer,2026-10-05
gqa-2415670,3,F:\Sadik\semantic-causal-pathway\.venv\data\vqa_v2\controls\gqa-2415670__control_03.png,true,expert_human_reviewer,2026-10-05
gqa-2415670,4,F:\Sadik\semantic-causal-pathway\.venv\data\vqa_v2\controls\gqa-2415670__control_04.png,true,expert_human_reviewer,2026-10-05
vqav2-84158,0,F:\Sadik\semantic-causal-pathway\.venv\data\vqa_v2\controls\vqav2-84158__control_00.png,true,expert_human_reviewer,2026-10-05
vqav2-84158,1,F:\Sadik\semantic-causal-pathway\.venv\data\vqa_v2\controls\vqav2-84158__control_01.png,true,expert_human_reviewer,2026-10-05
vqav2-84158,2,F:\Sadik\semantic-causal-pathway\.venv\data\vqa_v2\controls\vqav2-84158__control_02.png,true,expert_human_reviewer,2026-10-05
vqav2-84158,3,F:\Sadik\semantic-causal-pathway\.venv\data\vqa_v2\controls\vqav2-84158__control_03.png,true,expert_human_reviewer,2026-10-05
vqav2-84158,4,F:\Sadik\semantic-causal-pathway\.venv\data\vqa_v2\controls\vqav2-84158__control_04.png,true,expert_human_reviewer,2026-10-05
vqav2-420666,0,F:\Sadik\semantic-causal-pathway\.venv\data\vqa_v2\controls\vqav2-420666__control_00.png,true,expert_human_reviewer,2026-10-05
vqav2-420666,1,F:\Sadik\semantic-causal-pathway\.venv\data\vqa_v2\controls\vqav2-420666__control_01.png,true,expert_human_reviewer,2026-10-05
vqav2-420666,2,F:\Sadik\semantic-causal-pathway\.venv\data\vqa_v2\controls\vqav2-420666__control_02.png,true,expert_human_reviewer,2026-10-05
vqav2-420666,3,F:\Sadik\semantic-causal-pathway\.venv\data\vqa_v2\controls\vqav2-420666__control_03.png,true,expert_human_reviewer,2026-10-05
vqav2-420666,4,F:\Sadik\semantic-causal-pathway\.venv\data\vqa_v2\controls\vqav2-420666__control_04.png,true,expert_human_reviewer,2026-10-05
gqa-2414593,0,F:\Sadik\semantic-causal-pathway\.venv\data\vqa_v2\controls\gqa-2414593__control_00.png,true,expert_human_reviewer,2026-10-05
gqa-2414593,1,F:\Sadik\semantic-causal-pathway\.venv\data\vqa_v2\controls\gqa-2414593__control_01.png,true,expert_human_reviewer,2026-10-05
gqa-2414593,2,F:\Sadik\semantic-causal-pathway\.venv\data\vqa_v2\controls\gqa-2414593__control_02.png,true,expert_human_reviewer,2026-10-05
gqa-2414593,3,F:\Sadik\semantic-causal-pathway\.venv\data\vqa_v2\controls\gqa-2414593__control_03.png,true,expert_human_reviewer,2026-10-05
gqa-2414593,4,F:\Sadik\semantic-causal-pathway\.venv\data\vqa_v2\controls\gqa-2414593__control_04.png,true,expert_human_reviewer,2026-10-05
vqav2-329336,0,F:\Sadik\semantic-causal-pathway\.venv\data\vqa_v2\controls\vqav2-329336__control_00.png,true,expert_human_reviewer,2026-10-05
vqav2-329336,1,F:\Sadik\semantic-causal-pathway\.venv\data\vqa_v2\controls\vqav2-329336__control_01.png,true,expert_human_reviewer,2026-10-05
vqav2-329336,2,F:\Sadik\semantic-causal-pathway\.venv\data\vqa_v2\controls\vqav2-329336__control_02.png,true,expert_human_reviewer,2026-10-05
vqav2-329336,3,F:\Sadik\semantic-causal-pathway\.venv\data\vqa_v2\controls\vqav2-329336__control_03.png,true,expert_human_reviewer,2026-10-05
vqav2-329336,4,F:\Sadik\semantic-causal-pathway\.venv\data\vqa_v2\controls\vqav2-329336__control_04.png,true,expert_human_reviewer,2026-10-05
vqav2-16180,0,F:\Sadik\semantic-causal-pathway\.venv\data\vqa_v2\controls\vqav2-16180__control_00.png,true,expert_human_reviewer,2026-10-05
vqav2-16180,1,F:\Sadik\semantic-causal-pathway\.venv\data\vqa_v2\controls\vqav2-16180__control_01.png,true,expert_human_reviewer,2026-10-05
vqav2-16180,2,F:\Sadik\semantic-causal-pathway\.venv\data\vqa_v2\controls\vqav2-16180__control_02.png,true,expert_human_reviewer,2026-10-05
vqav2-16180,3,F:\Sadik\semantic-causal-pathway\.venv\data\vqa_v2\controls\vqav2-16180__control_03.png,true,expert_human_reviewer,2026-10-05
vqav2-16180,4,F:\Sadik\semantic-causal-pathway\.venv\data\vqa_v2\controls\vqav2-16180__control_04.png,true,expert_human_reviewer,2026-10-05
vqav2-418281,0,F:\Sadik\semantic-causal-pathway\.venv\data\vqa_v2\controls\vqav2-418281__control_00.png,true,expert_human_reviewer,2026-10-05
vqav2-418281,1,F:\Sadik\semantic-causal-pathway\.venv\data\vqa_v2\controls\vqav2-418281__control_01.png,true,expert_human_reviewer,2026-10-05
vqav2-418281,2,F:\Sadik\semantic-causal-pathway\.venv\data\vqa_v2\controls\vqav2-418281__control_02.png,true,expert_human_reviewer,2026-10-05
vqav2-418281,3,F:\Sadik\semantic-causal-pathway\.venv\data\vqa_v2\controls\vqav2-418281__control_03.png,true,expert_human_reviewer,2026-10-05
vqav2-418281,4,F:\Sadik\semantic-causal-pathway\.venv\data\vqa_v2\controls\vqav2-418281__control_04.png,true,expert_human_reviewer,2026-10-05
gqa-2404396,0,F:\Sadik\semantic-causal-pathway\.venv\data\vqa_v2\controls\gqa-2404396__control_00.png,true,expert_human_reviewer,2026-10-05
gqa-2404396,1,F:\Sadik\semantic-causal-pathway\.venv\data\vqa_v2\controls\gqa-2404396__control_01.png,true,expert_human_reviewer,2026-10-05
gqa-2404396,2,F:\Sadik\semantic-causal-pathway\.venv\data\vqa_v2\controls\gqa-2404396__control_02.png,true,expert_human_reviewer,2026-10-05
gqa-2404396,3,F:\Sadik\semantic-causal-pathway\.venv\data\vqa_v2\controls\gqa-2404396__control_03.png,true,expert_human_reviewer,2026-10-05
gqa-2404396,4,F:\Sadik\semantic-causal-pathway\.venv\data\vqa_v2\controls\gqa-2404396__control_04.png,true,expert_human_reviewer,2026-10-05
vqav2-544855,0,F:\Sadik\semantic-causal-pathway\.venv\data\vqa_v2\controls\vqav2-544855__control_00.png,true,expert_human_reviewer,2026-10-05
vqav2-544855,1,F:\Sadik\semantic-causal-pathway\.venv\data\vqa_v2\controls\vqav2-544855__control_01.png,true,expert_human_reviewer,2026-10-05
vqav2-544855,2,F:\Sadik\semantic-causal-pathway\.venv\data\vqa_v2\controls\vqav2-544855__control_02.png,true,expert_human_reviewer,2026-10-05
vqav2-544855,3,F:\Sadik\semantic-causal-pathway\.venv\data\vqa_v2\controls\vqav2-544855__control_03.png,true,expert_human_reviewer,2026-10-05
vqav2-544855,4,F:\Sadik\semantic-causal-pathway\.venv\data\vqa_v2\controls\vqav2-544855__control_04.png,true,expert_human_reviewer,2026-10-05
gqa-2386472,0,F:\Sadik\semantic-causal-pathway\.venv\data\vqa_v2\controls\gqa-2386472__control_00.png,true,expert_human_reviewer,2026-10-05
gqa-2386472,1,F:\Sadik\semantic-causal-pathway\.venv\data\vqa_v2\controls\gqa-2386472__control_01.png,true,expert_human_reviewer,2026-10-05
gqa-2386472,2,F:\Sadik\semantic-causal-pathway\.venv\data\vqa_v2\controls\gqa-2386472__control_02.png,true,expert_human_reviewer,2026-10-05
gqa-2386472,3,F:\Sadik\semantic-causal-pathway\.venv\data\vqa_v2\controls\gqa-2386472__control_03.png,true,expert_human_reviewer,2026-10-05
gqa-2386472,4,F:\Sadik\semantic-causal-pathway\.venv\data\vqa_v2\controls\gqa-2386472__control_04.png,true,expert_human_reviewer,2026-10-05
gqa-2346159,0,F:\Sadik\semantic-causal-pathway\.venv\data\vqa_v2\controls\gqa-2346159__control_00.png,true,expert_human_reviewer,2026-10-05
gqa-2346159,1,F:\Sadik\semantic-causal-pathway\.venv\data\vqa_v2\controls\gqa-2346159__control_01.png,true,expert_human_reviewer,2026-10-05
gqa-2346159,2,F:\Sadik\semantic-causal-pathway\.venv\data\vqa_v2\controls\gqa-2346159__control_02.png,true,expert_human_reviewer,2026-10-05
gqa-2346159,3,F:\Sadik\semantic-causal-pathway\.venv\data\vqa_v2\controls\gqa-2346159__control_03.png,true,expert_human_reviewer,2026-10-05
gqa-2346159,4,F:\Sadik\semantic-causal-pathway\.venv\data\vqa_v2\controls\gqa-2346159__control_04.png,true,expert_human_reviewer,2026-10-05
gqa-2411476,0,F:\Sadik\semantic-causal-pathway\.venv\data\vqa_v2\controls\gqa-2411476__control_00.png,true,expert_human_reviewer,2026-10-05
gqa-2411476,1,F:\Sadik\semantic-causal-pathway\.venv\data\vqa_v2\controls\gqa-2411476__control_01.png,true,expert_human_reviewer,2026-10-05
gqa-2411476,2,F:\Sadik\semantic-causal-pathway\.venv\data\vqa_v2\controls\gqa-2411476__control_02.png,true,expert_human_reviewer,2026-10-05
gqa-2411476,3,F:\Sadik\semantic-causal-pathway\.venv\data\vqa_v2\controls\gqa-2411476__control_03.png,true,expert_human_reviewer,2026-10-05
gqa-2411476,4,F:\Sadik\semantic-causal-pathway\.venv\data\vqa_v2\controls\gqa-2411476__control_04.png,true,expert_human_reviewer,2026-10-05
gqa-2325456,0,F:\Sadik\semantic-causal-pathway\.venv\data\vqa_v2\controls\gqa-2325456__control_00.png,true,expert_human_reviewer,2026-10-05
gqa-2325456,1,F:\Sadik\semantic-causal-pathway\.venv\data\vqa_v2\controls\gqa-2325456__control_01.png,true,expert_human_reviewer,2026-10-05
gqa-2325456,2,F:\Sadik\semantic-causal-pathway\.venv\data\vqa_v2\controls\gqa-2325456__control_02.png,true,expert_human_reviewer,2026-10-05
gqa-2325456,3,F:\Sadik\semantic-causal-pathway\.venv\data\vqa_v2\controls\gqa-2325456__control_03.png,true,expert_human_reviewer,2026-10-05
gqa-2325456,4,F:\Sadik\semantic-causal-pathway\.venv\data\vqa_v2\controls\gqa-2325456__control_04.png,true,expert_human_reviewer,2026-10-05
gqa-2380186,0,F:\Sadik\semantic-causal-pathway\.venv\data\vqa_v2\controls\gqa-2380186__control_00.png,true,expert_human_reviewer,2026-10-05
gqa-2380186,1,F:\Sadik\semantic-causal-pathway\.venv\data\vqa_v2\controls\gqa-2380186__control_01.png,true,expert_human_reviewer,2026-10-05
gqa-2380186,2,F:\Sadik\semantic-causal-pathway\.venv\data\vqa_v2\controls\gqa-2380186__control_02.png,true,expert_human_reviewer,2026-10-05
gqa-2380186,3,F:\Sadik\semantic-causal-pathway\.venv\data\vqa_v2\controls\gqa-2380186__control_03.png,true,expert_human_reviewer,2026-10-05
gqa-2380186,4,F:\Sadik\semantic-causal-pathway\.venv\data\vqa_v2\controls\gqa-2380186__control_04.png,true,expert_human_reviewer,2026-10-05
vqav2-383846,0,F:\Sadik\semantic-causal-pathway\.venv\data\vqa_v2\controls\vqav2-383846__control_00.png,true,expert_human_reviewer,2026-10-05
vqav2-383846,1,F:\Sadik\semantic-causal-pathway\.venv\data\vqa_v2\controls\vqav2-383846__control_01.png,true,expert_human_reviewer,2026-10-05
vqav2-383846,2,F:\Sadik\semantic-causal-pathway\.venv\data\vqa_v2\controls\vqav2-383846__control_02.png,true,expert_human_reviewer,2026-10-05
vqav2-383846,3,F:\Sadik\semantic-causal-pathway\.venv\data\vqa_v2\controls\vqav2-383846__control_03.png,true,expert_human_reviewer,2026-10-05
vqav2-383846,4,F:\Sadik\semantic-causal-pathway\.venv\data\vqa_v2\controls\vqav2-383846__control_04.png,true,expert_human_reviewer,2026-10-05
gqa-2386899,0,F:\Sadik\semantic-causal-pathway\.venv\data\vqa_v2\controls\gqa-2386899__control_00.png,true,expert_human_reviewer,2026-10-05
gqa-2386899,1,F:\Sadik\semantic-causal-pathway\.venv\data\vqa_v2\controls\gqa-2386899__control_01.png,true,expert_human_reviewer,2026-10-05
gqa-2386899,2,F:\Sadik\semantic-causal-pathway\.venv\data\vqa_v2\controls\gqa-2386899__control_02.png,true,expert_human_reviewer,2026-10-05
gqa-2386899,3,F:\Sadik\semantic-causal-pathway\.venv\data\vqa_v2\controls\gqa-2386899__control_03.png,true,expert_human_reviewer,2026-10-05
gqa-2386899,4,F:\Sadik\semantic-causal-pathway\.venv\data\vqa_v2\controls\gqa-2386899__control_04.png,true,expert_human_reviewer,2026-10-05
vqav2-262514,0,F:\Sadik\semantic-causal-pathway\.venv\data\vqa_v2\controls\vqav2-262514__control_00.png,true,expert_human_reviewer,2026-10-05
vqav2-262514,1,F:\Sadik\semantic-causal-pathway\.venv\data\vqa_v2\controls\vqav2-262514__control_01.png,true,expert_human_reviewer,2026-10-05
vqav2-262514,2,F:\Sadik\semantic-causal-pathway\.venv\data\vqa_v2\controls\vqav2-262514__control_02.png,true,expert_human_reviewer,2026-10-05
vqav2-262514,3,F:\Sadik\semantic-causal-pathway\.venv\data\vqa_v2\controls\vqav2-262514__control_03.png,true,expert_human_reviewer,2026-10-05
vqav2-262514,4,F:\Sadik\semantic-causal-pathway\.venv\data\vqa_v2\controls\vqav2-262514__control_04.png,true,expert_human_reviewer,2026-10-05
gqa-2369833,0,F:\Sadik\semantic-causal-pathway\.venv\data\vqa_v2\controls\gqa-2369833__control_00.png,true,expert_human_reviewer,2026-10-05
gqa-2369833,1,F:\Sadik\semantic-causal-pathway\.venv\data\vqa_v2\controls\gqa-2369833__control_01.png,true,expert_human_reviewer,2026-10-05
gqa-2369833,2,F:\Sadik\semantic-causal-pathway\.venv\data\vqa_v2\controls\gqa-2369833__control_02.png,true,expert_human_reviewer,2026-10-05
gqa-2369833,3,F:\Sadik\semantic-causal-pathway\.venv\data\vqa_v2\controls\gqa-2369833__control_03.png,true,expert_human_reviewer,2026-10-05
gqa-2369833,4,F:\Sadik\semantic-causal-pathway\.venv\data\vqa_v2\controls\gqa-2369833__control_04.png,true,expert_human_reviewer,2026-10-05
vqav2-224557,0,F:\Sadik\semantic-causal-pathway\.venv\data\vqa_v2\controls\vqav2-224557__control_00.png,true,expert_human_reviewer,2026-10-05
vqav2-224557,1,F:\Sadik\semantic-causal-pathway\.venv\data\vqa_v2\controls\vqav2-224557__control_01.png,true,expert_human_reviewer,2026-10-05
vqav2-224557,2,F:\Sadik\semantic-causal-pathway\.venv\data\vqa_v2\controls\vqav2-224557__control_02.png,true,expert_human_reviewer,2026-10-05
vqav2-224557,3,F:\Sadik\semantic-causal-pathway\.venv\data\vqa_v2\controls\vqav2-224557__control_03.png,true,expert_human_reviewer,2026-10-05
vqav2-224557,4,F:\Sadik\semantic-causal-pathway\.venv\data\vqa_v2\controls\vqav2-224557__control_04.png,true,expert_human_reviewer,2026-10-05
vqav2-451623,0,F:\Sadik\semantic-causal-pathway\.venv\data\vqa_v2\controls\vqav2-451623__control_00.png,true,expert_human_reviewer,2026-10-05
vqav2-451623,1,F:\Sadik\semantic-causal-pathway\.venv\data\vqa_v2\controls\vqav2-451623__control_01.png,true,expert_human_reviewer,2026-10-05
vqav2-451623,2,F:\Sadik\semantic-causal-pathway\.venv\data\vqa_v2\controls\vqav2-451623__control_02.png,true,expert_human_reviewer,2026-10-05
vqav2-451623,3,F:\Sadik\semantic-causal-pathway\.venv\data\vqa_v2\controls\vqav2-451623__control_03.png,true,expert_human_reviewer,2026-10-05
vqav2-451623,4,F:\Sadik\semantic-causal-pathway\.venv\data\vqa_v2\controls\vqav2-451623__control_04.png,true,expert_human_reviewer,2026-10-05
vqav2-198935,0,F:\Sadik\semantic-causal-pathway\.venv\data\vqa_v2\controls\vqav2-198935__control_00.png,true,expert_human_reviewer,2026-10-05
vqav2-198935,1,F:\Sadik\semantic-causal-pathway\.venv\data\vqa_v2\controls\vqav2-198935__control_01.png,true,expert_human_reviewer,2026-10-05
vqav2-198935,2,F:\Sadik\semantic-causal-pathway\.venv\data\vqa_v2\controls\vqav2-198935__control_02.png,true,expert_human_reviewer,2026-10-05
vqav2-198935,3,F:\Sadik\semantic-causal-pathway\.venv\data\vqa_v2\controls\vqav2-198935__control_03.png,true,expert_human_reviewer,2026-10-05
vqav2-198935,4,F:\Sadik\semantic-causal-pathway\.venv\data\vqa_v2\controls\vqav2-198935__control_04.png,true,expert_human_reviewer,2026-10-05
vqav2-397639,0,F:\Sadik\semantic-causal-pathway\.venv\data\vqa_v2\controls\vqav2-397639__control_00.png,true,expert_human_reviewer,2026-10-05
vqav2-397639,1,F:\Sadik\semantic-causal-pathway\.venv\data\vqa_v2\controls\vqav2-397639__control_01.png,true,expert_human_reviewer,2026-10-05
vqav2-397639,2,F:\Sadik\semantic-causal-pathway\.venv\data\vqa_v2\controls\vqav2-397639__control_02.png,true,expert_human_reviewer,2026-10-05
vqav2-397639,3,F:\Sadik\semantic-causal-pathway\.venv\data\vqa_v2\controls\vqav2-397639__control_03.png,true,expert_human_reviewer,2026-10-05
vqav2-397639,4,F:\Sadik\semantic-causal-pathway\.venv\data\vqa_v2\controls\vqav2-397639__control_04.png,true,expert_human_reviewer,2026-10-05
gqa-2333341,0,F:\Sadik\semantic-causal-pathway\.venv\data\vqa_v2\controls\gqa-2333341__control_00.png,true,expert_human_reviewer,2026-10-05
gqa-2333341,1,F:\Sadik\semantic-causal-pathway\.venv\data\vqa_v2\controls\gqa-2333341__control_01.png,true,expert_human_reviewer,2026-10-05
gqa-2333341,2,F:\Sadik\semantic-causal-pathway\.venv\data\vqa_v2\controls\gqa-2333341__control_02.png,true,expert_human_reviewer,2026-10-05
gqa-2333341,3,F:\Sadik\semantic-causal-pathway\.venv\data\vqa_v2\controls\gqa-2333341__control_03.png,true,expert_human_reviewer,2026-10-05
gqa-2333341,4,F:\Sadik\semantic-causal-pathway\.venv\data\vqa_v2\controls\gqa-2333341__control_04.png,true,expert_human_reviewer,2026-10-05
vqav2-255479,0,F:\Sadik\semantic-causal-pathway\.venv\data\vqa_v2\controls\vqav2-255479__control_00.png,true,expert_human_reviewer,2026-10-05
vqav2-255479,1,F:\Sadik\semantic-causal-pathway\.venv\data\vqa_v2\controls\vqav2-255479__control_01.png,true,expert_human_reviewer,2026-10-05
vqav2-255479,2,F:\Sadik\semantic-causal-pathway\.venv\data\vqa_v2\controls\vqav2-255479__control_02.png,true,expert_human_reviewer,2026-10-05
vqav2-255479,3,F:\Sadik\semantic-causal-pathway\.venv\data\vqa_v2\controls\vqav2-255479__control_03.png,true,expert_human_reviewer,2026-10-05
vqav2-255479,4,F:\Sadik\semantic-causal-pathway\.venv\data\vqa_v2\controls\vqav2-255479__control_04.png,true,expert_human_reviewer,2026-10-05
vqav2-336166,0,F:\Sadik\semantic-causal-pathway\.venv\data\vqa_v2\controls\vqav2-336166__control_00.png,true,expert_human_reviewer,2026-10-05
vqav2-336166,1,F:\Sadik\semantic-causal-pathway\.venv\data\vqa_v2\controls\vqav2-336166__control_01.png,true,expert_human_reviewer,2026-10-05
vqav2-336166,2,F:\Sadik\semantic-causal-pathway\.venv\data\vqa_v2\controls\vqav2-336166__control_02.png,true,expert_human_reviewer,2026-10-05
vqav2-336166,3,F:\Sadik\semantic-causal-pathway\.venv\data\vqa_v2\controls\vqav2-336166__control_03.png,true,expert_human_reviewer,2026-10-05
vqav2-336166,4,F:\Sadik\semantic-causal-pathway\.venv\data\vqa_v2\controls\vqav2-336166__control_04.png,true,expert_human_reviewer,2026-10-05
gqa-2392001,0,F:\Sadik\semantic-causal-pathway\.venv\data\vqa_v2\controls\gqa-2392001__control_00.png,true,expert_human_reviewer,2026-10-05
gqa-2392001,1,F:\Sadik\semantic-causal-pathway\.venv\data\vqa_v2\controls\gqa-2392001__control_01.png,true,expert_human_reviewer,2026-10-05
gqa-2392001,2,F:\Sadik\semantic-causal-pathway\.venv\data\vqa_v2\controls\gqa-2392001__control_02.png,true,expert_human_reviewer,2026-10-05
gqa-2392001,3,F:\Sadik\semantic-causal-pathway\.venv\data\vqa_v2\controls\gqa-2392001__control_03.png,true,expert_human_reviewer,2026-10-05
gqa-2392001,4,F:\Sadik\semantic-causal-pathway\.venv\data\vqa_v2\controls\gqa-2392001__control_04.png,true,expert_human_reviewer,2026-10-05
gqa-2334745,0,F:\Sadik\semantic-causal-pathway\.venv\data\vqa_v2\controls\gqa-2334745__control_00.png,true,expert_human_reviewer,2026-10-05
gqa-2334745,1,F:\Sadik\semantic-causal-pathway\.venv\data\vqa_v2\controls\gqa-2334745__control_01.png,true,expert_human_reviewer,2026-10-05
gqa-2334745,2,F:\Sadik\semantic-causal-pathway\.venv\data\vqa_v2\controls\gqa-2334745__control_02.png,true,expert_human_reviewer,2026-10-05
gqa-2334745,3,F:\Sadik\semantic-causal-pathway\.venv\data\vqa_v2\controls\gqa-2334745__control_03.png,true,expert_human_reviewer,2026-10-05
gqa-2334745,4,F:\Sadik\semantic-causal-pathway\.venv\data\vqa_v2\controls\gqa-2334745__control_04.png,true,expert_human_reviewer,2026-10-05
gqa-2379466,0,F:\Sadik\semantic-causal-pathway\.venv\data\vqa_v2\controls\gqa-2379466__control_00.png,true,expert_human_reviewer,2026-10-05
gqa-2379466,1,F:\Sadik\semantic-causal-pathway\.venv\data\vqa_v2\controls\gqa-2379466__control_01.png,true,expert_human_reviewer,2026-10-05
gqa-2379466,2,F:\Sadik\semantic-causal-pathway\.venv\data\vqa_v2\controls\gqa-2379466__control_02.png,true,expert_human_reviewer,2026-10-05
gqa-2379466,3,F:\Sadik\semantic-causal-pathway\.venv\data\vqa_v2\controls\gqa-2379466__control_03.png,true,expert_human_reviewer,2026-10-05
gqa-2379466,4,F:\Sadik\semantic-causal-pathway\.venv\data\vqa_v2\controls\gqa-2379466__control_04.png,true,expert_human_reviewer,2026-10-05
vqav2-478798,0,F:\Sadik\semantic-causal-pathway\.venv\data\vqa_v2\controls\vqav2-478798__control_00.png,true,expert_human_reviewer,2026-10-05
vqav2-478798,1,F:\Sadik\semantic-causal-pathway\.venv\data\vqa_v2\controls\vqav2-478798__control_01.png,true,expert_human_reviewer,2026-10-05
vqav2-478798,2,F:\Sadik\semantic-causal-pathway\.venv\data\vqa_v2\controls\vqav2-478798__control_02.png,true,expert_human_reviewer,2026-10-05
vqav2-478798,3,F:\Sadik\semantic-causal-pathway\.venv\data\vqa_v2\controls\vqav2-478798__control_03.png,true,expert_human_reviewer,2026-10-05
vqav2-478798,4,F:\Sadik\semantic-causal-pathway\.venv\data\vqa_v2\controls\vqav2-478798__control_04.png,true,expert_human_reviewer,2026-10-05
gqa-2406874,0,F:\Sadik\semantic-causal-pathway\.venv\data\vqa_v2\controls\gqa-2406874__control_00.png,true,expert_human_reviewer,2026-10-05
gqa-2406874,1,F:\Sadik\semantic-causal-pathway\.venv\data\vqa_v2\controls\gqa-2406874__control_01.png,true,expert_human_reviewer,2026-10-05
gqa-2406874,2,F:\Sadik\semantic-causal-pathway\.venv\data\vqa_v2\controls\gqa-2406874__control_02.png,true,expert_human_reviewer,2026-10-05
gqa-2406874,3,F:\Sadik\semantic-causal-pathway\.venv\data\vqa_v2\controls\gqa-2406874__control_03.png,true,expert_human_reviewer,2026-10-05
gqa-2406874,4,F:\Sadik\semantic-causal-pathway\.venv\data\vqa_v2\controls\gqa-2406874__control_04.png,true,expert_human_reviewer,2026-10-05
gqa-2401032,0,F:\Sadik\semantic-causal-pathway\.venv\data\vqa_v2\controls\gqa-2401032__control_00.png,true,expert_human_reviewer,2026-10-05
gqa-2401032,1,F:\Sadik\semantic-causal-pathway\.venv\data\vqa_v2\controls\gqa-2401032__control_01.png,true,expert_human_reviewer,2026-10-05
gqa-2401032,2,F:\Sadik\semantic-causal-pathway\.venv\data\vqa_v2\controls\gqa-2401032__control_02.png,true,expert_human_reviewer,2026-10-05
gqa-2401032,3,F:\Sadik\semantic-causal-pathway\.venv\data\vqa_v2\controls\gqa-2401032__control_03.png,true,expert_human_reviewer,2026-10-05
gqa-2401032,4,F:\Sadik\semantic-causal-pathway\.venv\data\vqa_v2\controls\gqa-2401032__control_04.png,true,expert_human_reviewer,2026-10-05
gqa-2350736,0,F:\Sadik\semantic-causal-pathway\.venv\data\vqa_v2\controls\gqa-2350736__control_00.png,true,expert_human_reviewer,2026-10-05
gqa-2350736,1,F:\Sadik\semantic-causal-pathway\.venv\data\vqa_v2\controls\gqa-2350736__control_01.png,true,expert_human_reviewer,2026-10-05
gqa-2350736,2,F:\Sadik\semantic-causal-pathway\.venv\data\vqa_v2\controls\gqa-2350736__control_02.png,true,expert_human_reviewer,2026-10-05
gqa-2350736,3,F:\Sadik\semantic-causal-pathway\.venv\data\vqa_v2\controls\gqa-2350736__control_03.png,true,expert_human_reviewer,2026-10-05
gqa-2350736,4,F:\Sadik\semantic-causal-pathway\.venv\data\vqa_v2\controls\gqa-2350736__control_04.png,true,expert_human_reviewer,2026-10-05
gqa-2331481,0,F:\Sadik\semantic-causal-pathway\.venv\data\vqa_v2\controls\gqa-2331481__control_00.png,true,expert_human_reviewer,2026-10-05
gqa-2331481,1,F:\Sadik\semantic-causal-pathway\.venv\data\vqa_v2\controls\gqa-2331481__control_01.png,true,expert_human_reviewer,2026-10-05
gqa-2331481,2,F:\Sadik\semantic-causal-pathway\.venv\data\vqa_v2\controls\gqa-2331481__control_02.png,true,expert_human_reviewer,2026-10-05
gqa-2331481,3,F:\Sadik\semantic-causal-pathway\.venv\data\vqa_v2\controls\gqa-2331481__control_03.png,true,expert_human_reviewer,2026-10-05
gqa-2331481,4,F:\Sadik\semantic-causal-pathway\.venv\data\vqa_v2\controls\gqa-2331481__control_04.png,true,expert_human_reviewer,2026-10-05
gqa-2356679,0,F:\Sadik\semantic-causal-pathway\.venv\data\vqa_v2\controls\gqa-2356679__control_00.png,true,expert_human_reviewer,2026-10-05
gqa-2356679,1,F:\Sadik\semantic-causal-pathway\.venv\data\vqa_v2\controls\gqa-2356679__control_01.png,true,expert_human_reviewer,2026-10-05
gqa-2356679,2,F:\Sadik\semantic-causal-pathway\.venv\data\vqa_v2\controls\gqa-2356679__control_02.png,true,expert_human_reviewer,2026-10-05
gqa-2356679,3,F:\Sadik\semantic-causal-pathway\.venv\data\vqa_v2\controls\gqa-2356679__control_03.png,true,expert_human_reviewer,2026-10-05
gqa-2356679,4,F:\Sadik\semantic-causal-pathway\.venv\data\vqa_v2\controls\gqa-2356679__control_04.png,true,expert_human_reviewer,2026-10-05
vqav2-282231,0,F:\Sadik\semantic-causal-pathway\.venv\data\vqa_v2\controls\vqav2-282231__control_00.png,true,expert_human_reviewer,2026-10-05
vqav2-282231,1,F:\Sadik\semantic-causal-pathway\.venv\data\vqa_v2\controls\vqav2-282231__control_01.png,true,expert_human_reviewer,2026-10-05
vqav2-282231,2,F:\Sadik\semantic-causal-pathway\.venv\data\vqa_v2\controls\vqav2-282231__control_02.png,true,expert_human_reviewer,2026-10-05
vqav2-282231,3,F:\Sadik\semantic-causal-pathway\.venv\data\vqa_v2\controls\vqav2-282231__control_03.png,true,expert_human_reviewer,2026-10-05
vqav2-282231,4,F:\Sadik\semantic-causal-pathway\.venv\data\vqa_v2\controls\vqav2-282231__control_04.png,true,expert_human_reviewer,2026-10-05
vqav2-442630,0,F:\Sadik\semantic-causal-pathway\.venv\data\vqa_v2\controls\vqav2-442630__control_00.png,true,expert_human_reviewer,2026-10-05
vqav2-442630,1,F:\Sadik\semantic-causal-pathway\.venv\data\vqa_v2\controls\vqav2-442630__control_01.png,true,expert_human_reviewer,2026-10-05
vqav2-442630,2,F:\Sadik\semantic-causal-pathway\.venv\data\vqa_v2\controls\vqav2-442630__control_02.png,true,expert_human_reviewer,2026-10-05
vqav2-442630,3,F:\Sadik\semantic-causal-pathway\.venv\data\vqa_v2\controls\vqav2-442630__control_03.png,true,expert_human_reviewer,2026-10-05
vqav2-442630,4,F:\Sadik\semantic-causal-pathway\.venv\data\vqa_v2\controls\vqav2-442630__control_04.png,true,expert_human_reviewer,2026-10-05
vqav2-543364,0,F:\Sadik\semantic-causal-pathway\.venv\data\vqa_v2\controls\vqav2-543364__control_00.png,true,expert_human_reviewer,2026-10-05
vqav2-543364,1,F:\Sadik\semantic-causal-pathway\.venv\data\vqa_v2\controls\vqav2-543364__control_01.png,true,expert_human_reviewer,2026-10-05
vqav2-543364,2,F:\Sadik\semantic-causal-pathway\.venv\data\vqa_v2\controls\vqav2-543364__control_02.png,true,expert_human_reviewer,2026-10-05
vqav2-543364,3,F:\Sadik\semantic-causal-pathway\.venv\data\vqa_v2\controls\vqav2-543364__control_03.png,true,expert_human_reviewer,2026-10-05
vqav2-543364,4,F:\Sadik\semantic-causal-pathway\.venv\data\vqa_v2\controls\vqav2-543364__control_04.png,true,expert_human_reviewer,2026-10-05
gqa-2381398,0,F:\Sadik\semantic-causal-pathway\.venv\data\vqa_v2\controls\gqa-2381398__control_00.png,true,expert_human_reviewer,2026-10-05
gqa-2381398,1,F:\Sadik\semantic-causal-pathway\.venv\data\vqa_v2\controls\gqa-2381398__control_01.png,true,expert_human_reviewer,2026-10-05
gqa-2381398,2,F:\Sadik\semantic-causal-pathway\.venv\data\vqa_v2\controls\gqa-2381398__control_02.png,true,expert_human_reviewer,2026-10-05
gqa-2381398,3,F:\Sadik\semantic-causal-pathway\.venv\data\vqa_v2\controls\gqa-2381398__control_03.png,true,expert_human_reviewer,2026-10-05
gqa-2381398,4,F:\Sadik\semantic-causal-pathway\.venv\data\vqa_v2\controls\gqa-2381398__control_04.png,true,expert_human_reviewer,2026-10-05
vqav2-103692,0,F:\Sadik\semantic-causal-pathway\.venv\data\vqa_v2\controls\vqav2-103692__control_00.png,true,expert_human_reviewer,2026-10-05
vqav2-103692,1,F:\Sadik\semantic-causal-pathway\.venv\data\vqa_v2\controls\vqav2-103692__control_01.png,true,expert_human_reviewer,2026-10-05
vqav2-103692,2,F:\Sadik\semantic-causal-pathway\.venv\data\vqa_v2\controls\vqav2-103692__control_02.png,true,expert_human_reviewer,2026-10-05
vqav2-103692,3,F:\Sadik\semantic-causal-pathway\.venv\data\vqa_v2\controls\vqav2-103692__control_03.png,true,expert_human_reviewer,2026-10-05
vqav2-103692,4,F:\Sadik\semantic-causal-pathway\.venv\data\vqa_v2\controls\vqav2-103692__control_04.png,true,expert_human_reviewer,2026-10-05
vqav2-176211,0,F:\Sadik\semantic-causal-pathway\.venv\data\vqa_v2\controls\vqav2-176211__control_00.png,true,expert_human_reviewer,2026-10-05
vqav2-176211,1,F:\Sadik\semantic-causal-pathway\.venv\data\vqa_v2\controls\vqav2-176211__control_01.png,true,expert_human_reviewer,2026-10-05
vqav2-176211,2,F:\Sadik\semantic-causal-pathway\.venv\data\vqa_v2\controls\vqav2-176211__control_02.png,true,expert_human_reviewer,2026-10-05
vqav2-176211,3,F:\Sadik\semantic-causal-pathway\.venv\data\vqa_v2\controls\vqav2-176211__control_03.png,true,expert_human_reviewer,2026-10-05
vqav2-176211,4,F:\Sadik\semantic-causal-pathway\.venv\data\vqa_v2\controls\vqav2-176211__control_04.png,true,expert_human_reviewer,2026-10-05
vqav2-466774,0,F:\Sadik\semantic-causal-pathway\.venv\data\vqa_v2\controls\vqav2-466774__control_00.png,true,expert_human_reviewer,2026-10-05
vqav2-466774,1,F:\Sadik\semantic-causal-pathway\.venv\data\vqa_v2\controls\vqav2-466774__control_01.png,true,expert_human_reviewer,2026-10-05
vqav2-466774,2,F:\Sadik\semantic-causal-pathway\.venv\data\vqa_v2\controls\vqav2-466774__control_02.png,true,expert_human_reviewer,2026-10-05
vqav2-466774,3,F:\Sadik\semantic-causal-pathway\.venv\data\vqa_v2\controls\vqav2-466774__control_03.png,true,expert_human_reviewer,2026-10-05
vqav2-466774,4,F:\Sadik\semantic-causal-pathway\.venv\data\vqa_v2\controls\vqav2-466774__control_04.png,true,expert_human_reviewer,2026-10-05
vqav2-128812,0,F:\Sadik\semantic-causal-pathway\.venv\data\vqa_v2\controls\vqav2-128812__control_00.png,true,expert_human_reviewer,2026-10-05
vqav2-128812,1,F:\Sadik\semantic-causal-pathway\.venv\data\vqa_v2\controls\vqav2-128812__control_01.png,true,expert_human_reviewer,2026-10-05
vqav2-128812,2,F:\Sadik\semantic-causal-pathway\.venv\data\vqa_v2\controls\vqav2-128812__control_02.png,true,expert_human_reviewer,2026-10-05
vqav2-128812,3,F:\Sadik\semantic-causal-pathway\.venv\data\vqa_v2\controls\vqav2-128812__control_03.png,true,expert_human_reviewer,2026-10-05
vqav2-128812,4,F:\Sadik\semantic-causal-pathway\.venv\data\vqa_v2\controls\vqav2-128812__control_04.png,true,expert_human_reviewer,2026-10-05
vqav2-194407,0,F:\Sadik\semantic-causal-pathway\.venv\data\vqa_v2\controls\vqav2-194407__control_00.png,true,expert_human_reviewer,2026-10-05
vqav2-194407,1,F:\Sadik\semantic-causal-pathway\.venv\data\vqa_v2\controls\vqav2-194407__control_01.png,true,expert_human_reviewer,2026-10-05
vqav2-194407,2,F:\Sadik\semantic-causal-pathway\.venv\data\vqa_v2\controls\vqav2-194407__control_02.png,true,expert_human_reviewer,2026-10-05
vqav2-194407,3,F:\Sadik\semantic-causal-pathway\.venv\data\vqa_v2\controls\vqav2-194407__control_03.png,true,expert_human_reviewer,2026-10-05
vqav2-194407,4,F:\Sadik\semantic-causal-pathway\.venv\data\vqa_v2\controls\vqav2-194407__control_04.png,true,expert_human_reviewer,2026-10-05
vqav2-42387,0,F:\Sadik\semantic-causal-pathway\.venv\data\vqa_v2\controls\vqav2-42387__control_00.png,true,expert_human_reviewer,2026-10-05
vqav2-42387,1,F:\Sadik\semantic-causal-pathway\.venv\data\vqa_v2\controls\vqav2-42387__control_01.png,true,expert_human_reviewer,2026-10-05
vqav2-42387,2,F:\Sadik\semantic-causal-pathway\.venv\data\vqa_v2\controls\vqav2-42387__control_02.png,true,expert_human_reviewer,2026-10-05
vqav2-42387,3,F:\Sadik\semantic-causal-pathway\.venv\data\vqa_v2\controls\vqav2-42387__control_03.png,true,expert_human_reviewer,2026-10-05
vqav2-42387,4,F:\Sadik\semantic-causal-pathway\.venv\data\vqa_v2\controls\vqav2-42387__control_04.png,true,expert_human_reviewer,2026-10-05
vqav2-252213,0,F:\Sadik\semantic-causal-pathway\.venv\data\vqa_v2\controls\vqav2-252213__control_00.png,true,expert_human_reviewer,2026-10-05
vqav2-252213,1,F:\Sadik\semantic-causal-pathway\.venv\data\vqa_v2\controls\vqav2-252213__control_01.png,true,expert_human_reviewer,2026-10-05
vqav2-252213,2,F:\Sadik\semantic-causal-pathway\.venv\data\vqa_v2\controls\vqav2-252213__control_02.png,true,expert_human_reviewer,2026-10-05
vqav2-252213,3,F:\Sadik\semantic-causal-pathway\.venv\data\vqa_v2\controls\vqav2-252213__control_03.png,true,expert_human_reviewer,2026-10-05
vqav2-252213,4,F:\Sadik\semantic-causal-pathway\.venv\data\vqa_v2\controls\vqav2-252213__control_04.png,true,expert_human_reviewer,2026-10-05
gqa-2317919,0,F:\Sadik\semantic-causal-pathway\.venv\data\vqa_v2\controls\gqa-2317919__control_00.png,true,expert_human_reviewer,2026-10-05
gqa-2317919,1,F:\Sadik\semantic-causal-pathway\.venv\data\vqa_v2\controls\gqa-2317919__control_01.png,true,expert_human_reviewer,2026-10-05
gqa-2317919,2,F:\Sadik\semantic-causal-pathway\.venv\data\vqa_v2\controls\gqa-2317919__control_02.png,true,expert_human_reviewer,2026-10-05
gqa-2317919,3,F:\Sadik\semantic-causal-pathway\.venv\data\vqa_v2\controls\gqa-2317919__control_03.png,true,expert_human_reviewer,2026-10-05
gqa-2317919,4,F:\Sadik\semantic-causal-pathway\.venv\data\vqa_v2\controls\gqa-2317919__control_04.png,true,expert_human_reviewer,2026-10-05
gqa-2366564,0,F:\Sadik\semantic-causal-pathway\.venv\data\vqa_v2\controls\gqa-2366564__control_00.png,true,expert_human_reviewer,2026-10-05
gqa-2366564,1,F:\Sadik\semantic-causal-pathway\.venv\data\vqa_v2\controls\gqa-2366564__control_01.png,true,expert_human_reviewer,2026-10-05
gqa-2366564,2,F:\Sadik\semantic-causal-pathway\.venv\data\vqa_v2\controls\gqa-2366564__control_02.png,true,expert_human_reviewer,2026-10-05
gqa-2366564,3,F:\Sadik\semantic-causal-pathway\.venv\data\vqa_v2\controls\gqa-2366564__control_03.png,true,expert_human_reviewer,2026-10-05
gqa-2366564,4,F:\Sadik\semantic-causal-pathway\.venv\data\vqa_v2\controls\gqa-2366564__control_04.png,true,expert_human_reviewer,2026-10-05
gqa-2316943,0,F:\Sadik\semantic-causal-pathway\.venv\data\vqa_v2\controls\gqa-2316943__control_00.png,true,expert_human_reviewer,2026-10-05
gqa-2316943,1,F:\Sadik\semantic-causal-pathway\.venv\data\vqa_v2\controls\gqa-2316943__control_01.png,true,expert_human_reviewer,2026-10-05
gqa-2316943,2,F:\Sadik\semantic-causal-pathway\.venv\data\vqa_v2\controls\gqa-2316943__control_02.png,true,expert_human_reviewer,2026-10-05
gqa-2316943,3,F:\Sadik\semantic-causal-pathway\.venv\data\vqa_v2\controls\gqa-2316943__control_03.png,true,expert_human_reviewer,2026-10-05
gqa-2316943,4,F:\Sadik\semantic-causal-pathway\.venv\data\vqa_v2\controls\gqa-2316943__control_04.png,true,expert_human_reviewer,2026-10-05
gqa-2365778,0,F:\Sadik\semantic-causal-pathway\.venv\data\vqa_v2\controls\gqa-2365778__control_00.png,true,expert_human_reviewer,2026-10-05
gqa-2365778,1,F:\Sadik\semantic-causal-pathway\.venv\data\vqa_v2\controls\gqa-2365778__control_01.png,true,expert_human_reviewer,2026-10-05
gqa-2365778,2,F:\Sadik\semantic-causal-pathway\.venv\data\vqa_v2\controls\gqa-2365778__control_02.png,true,expert_human_reviewer,2026-10-05
gqa-2365778,3,F:\Sadik\semantic-causal-pathway\.venv\data\vqa_v2\controls\gqa-2365778__control_03.png,true,expert_human_reviewer,2026-10-05
gqa-2365778,4,F:\Sadik\semantic-causal-pathway\.venv\data\vqa_v2\controls\gqa-2365778__control_04.png,true,expert_human_reviewer,2026-10-05
vqav2-155774,0,F:\Sadik\semantic-causal-pathway\.venv\data\vqa_v2\controls\vqav2-155774__control_00.png,true,expert_human_reviewer,2026-10-05
vqav2-155774,1,F:\Sadik\semantic-causal-pathway\.venv\data\vqa_v2\controls\vqav2-155774__control_01.png,true,expert_human_reviewer,2026-10-05
vqav2-155774,2,F:\Sadik\semantic-causal-pathway\.venv\data\vqa_v2\controls\vqav2-155774__control_02.png,true,expert_human_reviewer,2026-10-05
vqav2-155774,3,F:\Sadik\semantic-causal-pathway\.venv\data\vqa_v2\controls\vqav2-155774__control_03.png,true,expert_human_reviewer,2026-10-05
vqav2-155774,4,F:\Sadik\semantic-causal-pathway\.venv\data\vqa_v2\controls\vqav2-155774__control_04.png,true,expert_human_reviewer,2026-10-05
gqa-2333723,0,F:\Sadik\semantic-causal-pathway\.venv\data\vqa_v2\controls\gqa-2333723__control_00.png,true,expert_human_reviewer,2026-10-05
gqa-2333723,1,F:\Sadik\semantic-causal-pathway\.venv\data\vqa_v2\controls\gqa-2333723__control_01.png,true,expert_human_reviewer,2026-10-05
gqa-2333723,2,F:\Sadik\semantic-causal-pathway\.venv\data\vqa_v2\controls\gqa-2333723__control_02.png,true,expert_human_reviewer,2026-10-05
gqa-2333723,3,F:\Sadik\semantic-causal-pathway\.venv\data\vqa_v2\controls\gqa-2333723__control_03.png,true,expert_human_reviewer,2026-10-05
gqa-2333723,4,F:\Sadik\semantic-causal-pathway\.venv\data\vqa_v2\controls\gqa-2333723__control_04.png,true,expert_human_reviewer,2026-10-05
gqa-1592951,0,F:\Sadik\semantic-causal-pathway\.venv\data\vqa_v2\controls\gqa-1592951__control_00.png,true,expert_human_reviewer,2026-10-05
gqa-1592951,1,F:\Sadik\semantic-causal-pathway\.venv\data\vqa_v2\controls\gqa-1592951__control_01.png,true,expert_human_reviewer,2026-10-05
gqa-1592951,2,F:\Sadik\semantic-causal-pathway\.venv\data\vqa_v2\controls\gqa-1592951__control_02.png,true,expert_human_reviewer,2026-10-05
gqa-1592951,3,F:\Sadik\semantic-causal-pathway\.venv\data\vqa_v2\controls\gqa-1592951__control_03.png,true,expert_human_reviewer,2026-10-05
gqa-1592951,4,F:\Sadik\semantic-causal-pathway\.venv\data\vqa_v2\controls\gqa-1592951__control_04.png,true,expert_human_reviewer,2026-10-05
gqa-2324933,0,F:\Sadik\semantic-causal-pathway\.venv\data\vqa_v2\controls\gqa-2324933__control_00.png,true,expert_human_reviewer,2026-10-05
gqa-2324933,1,F:\Sadik\semantic-causal-pathway\.venv\data\vqa_v2\controls\gqa-2324933__control_01.png,true,expert_human_reviewer,2026-10-05
gqa-2324933,2,F:\Sadik\semantic-causal-pathway\.venv\data\vqa_v2\controls\gqa-2324933__control_02.png,true,expert_human_reviewer,2026-10-05
gqa-2324933,3,F:\Sadik\semantic-causal-pathway\.venv\data\vqa_v2\controls\gqa-2324933__control_03.png,true,expert_human_reviewer,2026-10-05
gqa-2324933,4,F:\Sadik\semantic-causal-pathway\.venv\data\vqa_v2\controls\gqa-2324933__control_04.png,true,expert_human_reviewer,2026-10-05
gqa-1204,0,F:\Sadik\semantic-causal-pathway\.venv\data\vqa_v2\controls\gqa-1204__control_00.png,true,expert_human_reviewer,2026-10-05
gqa-1204,1,F:\Sadik\semantic-causal-pathway\.venv\data\vqa_v2\controls\gqa-1204__control_01.png,true,expert_human_reviewer,2026-10-05
gqa-1204,2,F:\Sadik\semantic-causal-pathway\.venv\data\vqa_v2\controls\gqa-1204__control_02.png,true,expert_human_reviewer,2026-10-05
gqa-1204,3,F:\Sadik\semantic-causal-pathway\.venv\data\vqa_v2\controls\gqa-1204__control_03.png,true,expert_human_reviewer,2026-10-05
gqa-1204,4,F:\Sadik\semantic-causal-pathway\.venv\data\vqa_v2\controls\gqa-1204__control_04.png,true,expert_human_reviewer,2026-10-05
gqa-2400631,0,F:\Sadik\semantic-causal-pathway\.venv\data\vqa_v2\controls\gqa-2400631__control_00.png,true,expert_human_reviewer,2026-10-05
gqa-2400631,1,F:\Sadik\semantic-causal-pathway\.venv\data\vqa_v2\controls\gqa-2400631__control_01.png,true,expert_human_reviewer,2026-10-05
gqa-2400631,2,F:\Sadik\semantic-causal-pathway\.venv\data\vqa_v2\controls\gqa-2400631__control_02.png,true,expert_human_reviewer,2026-10-05
gqa-2400631,3,F:\Sadik\semantic-causal-pathway\.venv\data\vqa_v2\controls\gqa-2400631__control_03.png,true,expert_human_reviewer,2026-10-05
gqa-2400631,4,F:\Sadik\semantic-causal-pathway\.venv\data\vqa_v2\controls\gqa-2400631__control_04.png,true,expert_human_reviewer,2026-10-05
gqa-2323902,0,F:\Sadik\semantic-causal-pathway\.venv\data\vqa_v2\controls\gqa-2323902__control_00.png,true,expert_human_reviewer,2026-10-05
gqa-2323902,1,F:\Sadik\semantic-causal-pathway\.venv\data\vqa_v2\controls\gqa-2323902__control_01.png,true,expert_human_reviewer,2026-10-05
gqa-2323902,2,F:\Sadik\semantic-causal-pathway\.venv\data\vqa_v2\controls\gqa-2323902__control_02.png,true,expert_human_reviewer,2026-10-05
gqa-2323902,3,F:\Sadik\semantic-causal-pathway\.venv\data\vqa_v2\controls\gqa-2323902__control_03.png,true,expert_human_reviewer,2026-10-05
gqa-2323902,4,F:\Sadik\semantic-causal-pathway\.venv\data\vqa_v2\controls\gqa-2323902__control_04.png,true,expert_human_reviewer,2026-10-05
gqa-2332799,0,F:\Sadik\semantic-causal-pathway\.venv\data\vqa_v2\controls\gqa-2332799__control_00.png,true,expert_human_reviewer,2026-10-05
gqa-2332799,1,F:\Sadik\semantic-causal-pathway\.venv\data\vqa_v2\controls\gqa-2332799__control_01.png,true,expert_human_reviewer,2026-10-05
gqa-2332799,2,F:\Sadik\semantic-causal-pathway\.venv\data\vqa_v2\controls\gqa-2332799__control_02.png,true,expert_human_reviewer,2026-10-05
gqa-2332799,3,F:\Sadik\semantic-causal-pathway\.venv\data\vqa_v2\controls\gqa-2332799__control_03.png,true,expert_human_reviewer,2026-10-05
gqa-2332799,4,F:\Sadik\semantic-causal-pathway\.venv\data\vqa_v2\controls\gqa-2332799__control_04.png,true,expert_human_reviewer,2026-10-05
gqa-2376957,0,F:\Sadik\semantic-causal-pathway\.venv\data\vqa_v2\controls\gqa-2376957__control_00.png,true,expert_human_reviewer,2026-10-05
gqa-2376957,1,F:\Sadik\semantic-causal-pathway\.venv\data\vqa_v2\controls\gqa-2376957__control_01.png,true,expert_human_reviewer,2026-10-05
gqa-2376957,2,F:\Sadik\semantic-causal-pathway\.venv\data\vqa_v2\controls\gqa-2376957__control_02.png,true,expert_human_reviewer,2026-10-05
gqa-2376957,3,F:\Sadik\semantic-causal-pathway\.venv\data\vqa_v2\controls\gqa-2376957__control_03.png,true,expert_human_reviewer,2026-10-05
gqa-2376957,4,F:\Sadik\semantic-causal-pathway\.venv\data\vqa_v2\controls\gqa-2376957__control_04.png,true,expert_human_reviewer,2026-10-05
vqav2-439522,0,F:\Sadik\semantic-causal-pathway\.venv\data\vqa_v2\controls\vqav2-439522__control_00.png,true,expert_human_reviewer,2026-10-05
vqav2-439522,1,F:\Sadik\semantic-causal-pathway\.venv\data\vqa_v2\controls\vqav2-439522__control_01.png,true,expert_human_reviewer,2026-10-05
vqav2-439522,2,F:\Sadik\semantic-causal-pathway\.venv\data\vqa_v2\controls\vqav2-439522__control_02.png,true,expert_human_reviewer,2026-10-05
vqav2-439522,3,F:\Sadik\semantic-causal-pathway\.venv\data\vqa_v2\controls\vqav2-439522__control_03.png,true,expert_human_reviewer,2026-10-05
vqav2-439522,4,F:\Sadik\semantic-causal-pathway\.venv\data\vqa_v2\controls\vqav2-439522__control_04.png,true,expert_human_reviewer,2026-10-05
gqa-2360831,0,F:\Sadik\semantic-causal-pathway\.venv\data\vqa_v2\controls\gqa-2360831__control_00.png,true,expert_human_reviewer,2026-10-05
gqa-2360831,1,F:\Sadik\semantic-causal-pathway\.venv\data\vqa_v2\controls\gqa-2360831__control_01.png,true,expert_human_reviewer,2026-10-05
gqa-2360831,2,F:\Sadik\semantic-causal-pathway\.venv\data\vqa_v2\controls\gqa-2360831__control_02.png,true,expert_human_reviewer,2026-10-05
gqa-2360831,3,F:\Sadik\semantic-causal-pathway\.venv\data\vqa_v2\controls\gqa-2360831__control_03.png,true,expert_human_reviewer,2026-10-05
gqa-2360831,4,F:\Sadik\semantic-causal-pathway\.venv\data\vqa_v2\controls\gqa-2360831__control_04.png,true,expert_human_reviewer,2026-10-05
vqav2-393942,0,F:\Sadik\semantic-causal-pathway\.venv\data\vqa_v2\controls\vqav2-393942__control_00.png,true,expert_human_reviewer,2026-10-05
vqav2-393942,1,F:\Sadik\semantic-causal-pathway\.venv\data\vqa_v2\controls\vqav2-393942__control_01.png,true,expert_human_reviewer,2026-10-05
vqav2-393942,2,F:\Sadik\semantic-causal-pathway\.venv\data\vqa_v2\controls\vqav2-393942__control_02.png,true,expert_human_reviewer,2026-10-05
vqav2-393942,3,F:\Sadik\semantic-causal-pathway\.venv\data\vqa_v2\controls\vqav2-393942__control_03.png,true,expert_human_reviewer,2026-10-05
vqav2-393942,4,F:\Sadik\semantic-causal-pathway\.venv\data\vqa_v2\controls\vqav2-393942__control_04.png,true,expert_human_reviewer,2026-10-05
vqav2-380388,0,F:\Sadik\semantic-causal-pathway\.venv\data\vqa_v2\controls\vqav2-380388__control_00.png,true,expert_human_reviewer,2026-10-05
vqav2-380388,1,F:\Sadik\semantic-causal-pathway\.venv\data\vqa_v2\controls\vqav2-380388__control_01.png,true,expert_human_reviewer,2026-10-05
vqav2-380388,2,F:\Sadik\semantic-causal-pathway\.venv\data\vqa_v2\controls\vqav2-380388__control_02.png,true,expert_human_reviewer,2026-10-05
vqav2-380388,3,F:\Sadik\semantic-causal-pathway\.venv\data\vqa_v2\controls\vqav2-380388__control_03.png,true,expert_human_reviewer,2026-10-05
vqav2-380388,4,F:\Sadik\semantic-causal-pathway\.venv\data\vqa_v2\controls\vqav2-380388__control_04.png,true,expert_human_reviewer,2026-10-05
vqav2-574297,0,F:\Sadik\semantic-causal-pathway\.venv\data\vqa_v2\controls\vqav2-574297__control_00.png,true,expert_human_reviewer,2026-10-05
vqav2-574297,1,F:\Sadik\semantic-causal-pathway\.venv\data\vqa_v2\controls\vqav2-574297__control_01.png,true,expert_human_reviewer,2026-10-05
vqav2-574297,2,F:\Sadik\semantic-causal-pathway\.venv\data\vqa_v2\controls\vqav2-574297__control_02.png,true,expert_human_reviewer,2026-10-05
vqav2-574297,3,F:\Sadik\semantic-causal-pathway\.venv\data\vqa_v2\controls\vqav2-574297__control_03.png,true,expert_human_reviewer,2026-10-05
vqav2-574297,4,F:\Sadik\semantic-causal-pathway\.venv\data\vqa_v2\controls\vqav2-574297__control_04.png,true,expert_human_reviewer,2026-10-05
vqav2-372265,0,F:\Sadik\semantic-causal-pathway\.venv\data\vqa_v2\controls\vqav2-372265__control_00.png,true,expert_human_reviewer,2026-10-05
vqav2-372265,1,F:\Sadik\semantic-causal-pathway\.venv\data\vqa_v2\controls\vqav2-372265__control_01.png,true,expert_human_reviewer,2026-10-05
vqav2-372265,2,F:\Sadik\semantic-causal-pathway\.venv\data\vqa_v2\controls\vqav2-372265__control_02.png,true,expert_human_reviewer,2026-10-05
vqav2-372265,3,F:\Sadik\semantic-causal-pathway\.venv\data\vqa_v2\controls\vqav2-372265__control_03.png,true,expert_human_reviewer,2026-10-05
vqav2-372265,4,F:\Sadik\semantic-causal-pathway\.venv\data\vqa_v2\controls\vqav2-372265__control_04.png,true,expert_human_reviewer,2026-10-05
vqav2-405635,0,F:\Sadik\semantic-causal-pathway\.venv\data\vqa_v2\controls\vqav2-405635__control_00.png,true,expert_human_reviewer,2026-10-05
vqav2-405635,1,F:\Sadik\semantic-causal-pathway\.venv\data\vqa_v2\controls\vqav2-405635__control_01.png,true,expert_human_reviewer,2026-10-05
vqav2-405635,2,F:\Sadik\semantic-causal-pathway\.venv\data\vqa_v2\controls\vqav2-405635__control_02.png,true,expert_human_reviewer,2026-10-05
vqav2-405635,3,F:\Sadik\semantic-causal-pathway\.venv\data\vqa_v2\controls\vqav2-405635__control_03.png,true,expert_human_reviewer,2026-10-05
vqav2-405635,4,F:\Sadik\semantic-causal-pathway\.venv\data\vqa_v2\controls\vqav2-405635__control_04.png,true,expert_human_reviewer,2026-10-05
gqa-2333044,0,F:\Sadik\semantic-causal-pathway\.venv\data\vqa_v2\controls\gqa-2333044__control_00.png,true,expert_human_reviewer,2026-10-05
gqa-2333044,1,F:\Sadik\semantic-causal-pathway\.venv\data\vqa_v2\controls\gqa-2333044__control_01.png,true,expert_human_reviewer,2026-10-05
gqa-2333044,2,F:\Sadik\semantic-causal-pathway\.venv\data\vqa_v2\controls\gqa-2333044__control_02.png,true,expert_human_reviewer,2026-10-05
gqa-2333044,3,F:\Sadik\semantic-causal-pathway\.venv\data\vqa_v2\controls\gqa-2333044__control_03.png,true,expert_human_reviewer,2026-10-05
gqa-2333044,4,F:\Sadik\semantic-causal-pathway\.venv\data\vqa_v2\controls\gqa-2333044__control_04.png,true,expert_human_reviewer,2026-10-05
gqa-2348712,0,F:\Sadik\semantic-causal-pathway\.venv\data\vqa_v2\controls\gqa-2348712__control_00.png,true,expert_human_reviewer,2026-10-05
gqa-2348712,1,F:\Sadik\semantic-causal-pathway\.venv\data\vqa_v2\controls\gqa-2348712__control_01.png,true,expert_human_reviewer,2026-10-05
gqa-2348712,2,F:\Sadik\semantic-causal-pathway\.venv\data\vqa_v2\controls\gqa-2348712__control_02.png,true,expert_human_reviewer,2026-10-05
gqa-2348712,3,F:\Sadik\semantic-causal-pathway\.venv\data\vqa_v2\controls\gqa-2348712__control_03.png,true,expert_human_reviewer,2026-10-05
gqa-2348712,4,F:\Sadik\semantic-causal-pathway\.venv\data\vqa_v2\controls\gqa-2348712__control_04.png,true,expert_human_reviewer,2026-10-05
vqav2-527887,0,F:\Sadik\semantic-causal-pathway\.venv\data\vqa_v2\controls\vqav2-527887__control_00.png,true,expert_human_reviewer,2026-10-05
vqav2-527887,1,F:\Sadik\semantic-causal-pathway\.venv\data\vqa_v2\controls\vqav2-527887__control_01.png,true,expert_human_reviewer,2026-10-05
vqav2-527887,2,F:\Sadik\semantic-causal-pathway\.venv\data\vqa_v2\controls\vqav2-527887__control_02.png,true,expert_human_reviewer,2026-10-05
vqav2-527887,3,F:\Sadik\semantic-causal-pathway\.venv\data\vqa_v2\controls\vqav2-527887__control_03.png,true,expert_human_reviewer,2026-10-05
vqav2-527887,4,F:\Sadik\semantic-causal-pathway\.venv\data\vqa_v2\controls\vqav2-527887__control_04.png,true,expert_human_reviewer,2026-10-05
gqa-2345900,0,F:\Sadik\semantic-causal-pathway\.venv\data\vqa_v2\controls\gqa-2345900__control_00.png,true,expert_human_reviewer,2026-10-05
gqa-2345900,1,F:\Sadik\semantic-causal-pathway\.venv\data\vqa_v2\controls\gqa-2345900__control_01.png,true,expert_human_reviewer,2026-10-05
gqa-2345900,2,F:\Sadik\semantic-causal-pathway\.venv\data\vqa_v2\controls\gqa-2345900__control_02.png,true,expert_human_reviewer,2026-10-05
gqa-2345900,3,F:\Sadik\semantic-causal-pathway\.venv\data\vqa_v2\controls\gqa-2345900__control_03.png,true,expert_human_reviewer,2026-10-05
gqa-2345900,4,F:\Sadik\semantic-causal-pathway\.venv\data\vqa_v2\controls\gqa-2345900__control_04.png,true,expert_human_reviewer,2026-10-05
vqav2-70657,0,F:\Sadik\semantic-causal-pathway\.venv\data\vqa_v2\controls\vqav2-70657__control_00.png,true,expert_human_reviewer,2026-10-05
vqav2-70657,1,F:\Sadik\semantic-causal-pathway\.venv\data\vqa_v2\controls\vqav2-70657__control_01.png,true,expert_human_reviewer,2026-10-05
vqav2-70657,2,F:\Sadik\semantic-causal-pathway\.venv\data\vqa_v2\controls\vqav2-70657__control_02.png,true,expert_human_reviewer,2026-10-05
vqav2-70657,3,F:\Sadik\semantic-causal-pathway\.venv\data\vqa_v2\controls\vqav2-70657__control_03.png,true,expert_human_reviewer,2026-10-05
vqav2-70657,4,F:\Sadik\semantic-causal-pathway\.venv\data\vqa_v2\controls\vqav2-70657__control_04.png,true,expert_human_reviewer,2026-10-05
gqa-2375356,0,F:\Sadik\semantic-causal-pathway\.venv\data\vqa_v2\controls\gqa-2375356__control_00.png,true,expert_human_reviewer,2026-10-05
gqa-2375356,1,F:\Sadik\semantic-causal-pathway\.venv\data\vqa_v2\controls\gqa-2375356__control_01.png,true,expert_human_reviewer,2026-10-05
gqa-2375356,2,F:\Sadik\semantic-causal-pathway\.venv\data\vqa_v2\controls\gqa-2375356__control_02.png,true,expert_human_reviewer,2026-10-05
gqa-2375356,3,F:\Sadik\semantic-causal-pathway\.venv\data\vqa_v2\controls\gqa-2375356__control_03.png,true,expert_human_reviewer,2026-10-05
gqa-2375356,4,F:\Sadik\semantic-causal-pathway\.venv\data\vqa_v2\controls\gqa-2375356__control_04.png,true,expert_human_reviewer,2026-10-05
gqa-2316597,0,F:\Sadik\semantic-causal-pathway\.venv\data\vqa_v2\controls\gqa-2316597__control_00.png,true,expert_human_reviewer,2026-10-05
gqa-2316597,1,F:\Sadik\semantic-causal-pathway\.venv\data\vqa_v2\controls\gqa-2316597__control_01.png,true,expert_human_reviewer,2026-10-05
gqa-2316597,2,F:\Sadik\semantic-causal-pathway\.venv\data\vqa_v2\controls\gqa-2316597__control_02.png,true,expert_human_reviewer,2026-10-05
gqa-2316597,3,F:\Sadik\semantic-causal-pathway\.venv\data\vqa_v2\controls\gqa-2316597__control_03.png,true,expert_human_reviewer,2026-10-05
gqa-2316597,4,F:\Sadik\semantic-causal-pathway\.venv\data\vqa_v2\controls\gqa-2316597__control_04.png,true,expert_human_reviewer,2026-10-05
vqav2-380459,0,F:\Sadik\semantic-causal-pathway\.venv\data\vqa_v2\controls\vqav2-380459__control_00.png,true,expert_human_reviewer,2026-10-05
vqav2-380459,1,F:\Sadik\semantic-causal-pathway\.venv\data\vqa_v2\controls\vqav2-380459__control_01.png,true,expert_human_reviewer,2026-10-05
vqav2-380459,2,F:\Sadik\semantic-causal-pathway\.venv\data\vqa_v2\controls\vqav2-380459__control_02.png,true,expert_human_reviewer,2026-10-05
vqav2-380459,3,F:\Sadik\semantic-causal-pathway\.venv\data\vqa_v2\controls\vqav2-380459__control_03.png,true,expert_human_reviewer,2026-10-05
vqav2-380459,4,F:\Sadik\semantic-causal-pathway\.venv\data\vqa_v2\controls\vqav2-380459__control_04.png,true,expert_human_reviewer,2026-10-05
gqa-2409738,0,F:\Sadik\semantic-causal-pathway\.venv\data\vqa_v2\controls\gqa-2409738__control_00.png,true,expert_human_reviewer,2026-10-05
gqa-2409738,1,F:\Sadik\semantic-causal-pathway\.venv\data\vqa_v2\controls\gqa-2409738__control_01.png,true,expert_human_reviewer,2026-10-05
gqa-2409738,2,F:\Sadik\semantic-causal-pathway\.venv\data\vqa_v2\controls\gqa-2409738__control_02.png,true,expert_human_reviewer,2026-10-05
gqa-2409738,3,F:\Sadik\semantic-causal-pathway\.venv\data\vqa_v2\controls\gqa-2409738__control_03.png,true,expert_human_reviewer,2026-10-05
gqa-2409738,4,F:\Sadik\semantic-causal-pathway\.venv\data\vqa_v2\controls\gqa-2409738__control_04.png,true,expert_human_reviewer,2026-10-05
gqa-2395512,0,F:\Sadik\semantic-causal-pathway\.venv\data\vqa_v2\controls\gqa-2395512__control_00.png,true,expert_human_reviewer,2026-10-05
gqa-2395512,1,F:\Sadik\semantic-causal-pathway\.venv\data\vqa_v2\controls\gqa-2395512__control_01.png,true,expert_human_reviewer,2026-10-05
gqa-2395512,2,F:\Sadik\semantic-causal-pathway\.venv\data\vqa_v2\controls\gqa-2395512__control_02.png,true,expert_human_reviewer,2026-10-05
gqa-2395512,3,F:\Sadik\semantic-causal-pathway\.venv\data\vqa_v2\controls\gqa-2395512__control_03.png,true,expert_human_reviewer,2026-10-05
gqa-2395512,4,F:\Sadik\semantic-causal-pathway\.venv\data\vqa_v2\controls\gqa-2395512__control_04.png,true,expert_human_reviewer,2026-10-05
vqav2-142940,0,F:\Sadik\semantic-causal-pathway\.venv\data\vqa_v2\controls\vqav2-142940__control_00.png,true,expert_human_reviewer,2026-10-05
vqav2-142940,1,F:\Sadik\semantic-causal-pathway\.venv\data\vqa_v2\controls\vqav2-142940__control_01.png,true,expert_human_reviewer,2026-10-05
vqav2-142940,2,F:\Sadik\semantic-causal-pathway\.venv\data\vqa_v2\controls\vqav2-142940__control_02.png,true,expert_human_reviewer,2026-10-05
vqav2-142940,3,F:\Sadik\semantic-causal-pathway\.venv\data\vqa_v2\controls\vqav2-142940__control_03.png,true,expert_human_reviewer,2026-10-05
vqav2-142940,4,F:\Sadik\semantic-causal-pathway\.venv\data\vqa_v2\controls\vqav2-142940__control_04.png,true,expert_human_reviewer,2026-10-05
vqav2-240589,0,F:\Sadik\semantic-causal-pathway\.venv\data\vqa_v2\controls\vqav2-240589__control_00.png,true,expert_human_reviewer,2026-10-05
vqav2-240589,1,F:\Sadik\semantic-causal-pathway\.venv\data\vqa_v2\controls\vqav2-240589__control_01.png,true,expert_human_reviewer,2026-10-05
vqav2-240589,2,F:\Sadik\semantic-causal-pathway\.venv\data\vqa_v2\controls\vqav2-240589__control_02.png,true,expert_human_reviewer,2026-10-05
vqav2-240589,3,F:\Sadik\semantic-causal-pathway\.venv\data\vqa_v2\controls\vqav2-240589__control_03.png,true,expert_human_reviewer,2026-10-05
vqav2-240589,4,F:\Sadik\semantic-causal-pathway\.venv\data\vqa_v2\controls\vqav2-240589__control_04.png,true,expert_human_reviewer,2026-10-05
gqa-2403946,0,F:\Sadik\semantic-causal-pathway\.venv\data\vqa_v2\controls\gqa-2403946__control_00.png,true,expert_human_reviewer,2026-10-05
gqa-2403946,1,F:\Sadik\semantic-causal-pathway\.venv\data\vqa_v2\controls\gqa-2403946__control_01.png,true,expert_human_reviewer,2026-10-05
gqa-2403946,2,F:\Sadik\semantic-causal-pathway\.venv\data\vqa_v2\controls\gqa-2403946__control_02.png,true,expert_human_reviewer,2026-10-05
gqa-2403946,3,F:\Sadik\semantic-causal-pathway\.venv\data\vqa_v2\controls\gqa-2403946__control_03.png,true,expert_human_reviewer,2026-10-05
gqa-2403946,4,F:\Sadik\semantic-causal-pathway\.venv\data\vqa_v2\controls\gqa-2403946__control_04.png,true,expert_human_reviewer,2026-10-05
gqa-1159297,0,F:\Sadik\semantic-causal-pathway\.venv\data\vqa_v2\controls\gqa-1159297__control_00.png,true,expert_human_reviewer,2026-10-05
gqa-1159297,1,F:\Sadik\semantic-causal-pathway\.venv\data\vqa_v2\controls\gqa-1159297__control_01.png,true,expert_human_reviewer,2026-10-05
gqa-1159297,2,F:\Sadik\semantic-causal-pathway\.venv\data\vqa_v2\controls\gqa-1159297__control_02.png,true,expert_human_reviewer,2026-10-05
gqa-1159297,3,F:\Sadik\semantic-causal-pathway\.venv\data\vqa_v2\controls\gqa-1159297__control_03.png,true,expert_human_reviewer,2026-10-05
gqa-1159297,4,F:\Sadik\semantic-causal-pathway\.venv\data\vqa_v2\controls\gqa-1159297__control_04.png,true,expert_human_reviewer,2026-10-05
gqa-2406216,0,F:\Sadik\semantic-causal-pathway\.venv\data\vqa_v2\controls\gqa-2406216__control_00.png,true,expert_human_reviewer,2026-10-05
gqa-2406216,1,F:\Sadik\semantic-causal-pathway\.venv\data\vqa_v2\controls\gqa-2406216__control_01.png,true,expert_human_reviewer,2026-10-05
gqa-2406216,2,F:\Sadik\semantic-causal-pathway\.venv\data\vqa_v2\controls\gqa-2406216__control_02.png,true,expert_human_reviewer,2026-10-05
gqa-2406216,3,F:\Sadik\semantic-causal-pathway\.venv\data\vqa_v2\controls\gqa-2406216__control_03.png,true,expert_human_reviewer,2026-10-05
gqa-2406216,4,F:\Sadik\semantic-causal-pathway\.venv\data\vqa_v2\controls\gqa-2406216__control_04.png,true,expert_human_reviewer,2026-10-05
gqa-2341440,0,F:\Sadik\semantic-causal-pathway\.venv\data\vqa_v2\controls\gqa-2341440__control_00.png,true,expert_human_reviewer,2026-10-05
gqa-2341440,1,F:\Sadik\semantic-causal-pathway\.venv\data\vqa_v2\controls\gqa-2341440__control_01.png,true,expert_human_reviewer,2026-10-05
gqa-2341440,2,F:\Sadik\semantic-causal-pathway\.venv\data\vqa_v2\controls\gqa-2341440__control_02.png,true,expert_human_reviewer,2026-10-05
gqa-2341440,3,F:\Sadik\semantic-causal-pathway\.venv\data\vqa_v2\controls\gqa-2341440__control_03.png,true,expert_human_reviewer,2026-10-05
gqa-2341440,4,F:\Sadik\semantic-causal-pathway\.venv\data\vqa_v2\controls\gqa-2341440__control_04.png,true,expert_human_reviewer,2026-10-05
gqa-2318332,0,F:\Sadik\semantic-causal-pathway\.venv\data\vqa_v2\controls\gqa-2318332__control_00.png,true,expert_human_reviewer,2026-10-05
gqa-2318332,1,F:\Sadik\semantic-causal-pathway\.venv\data\vqa_v2\controls\gqa-2318332__control_01.png,true,expert_human_reviewer,2026-10-05
gqa-2318332,2,F:\Sadik\semantic-causal-pathway\.venv\data\vqa_v2\controls\gqa-2318332__control_02.png,true,expert_human_reviewer,2026-10-05
gqa-2318332,3,F:\Sadik\semantic-causal-pathway\.venv\data\vqa_v2\controls\gqa-2318332__control_03.png,true,expert_human_reviewer,2026-10-05
gqa-2318332,4,F:\Sadik\semantic-causal-pathway\.venv\data\vqa_v2\controls\gqa-2318332__control_04.png,true,expert_human_reviewer,2026-10-05
vqav2-261679,0,F:\Sadik\semantic-causal-pathway\.venv\data\vqa_v2\controls\vqav2-261679__control_00.png,true,expert_human_reviewer,2026-10-05
vqav2-261679,1,F:\Sadik\semantic-causal-pathway\.venv\data\vqa_v2\controls\vqav2-261679__control_01.png,true,expert_human_reviewer,2026-10-05
vqav2-261679,2,F:\Sadik\semantic-causal-pathway\.venv\data\vqa_v2\controls\vqav2-261679__control_02.png,true,expert_human_reviewer,2026-10-05
vqav2-261679,3,F:\Sadik\semantic-causal-pathway\.venv\data\vqa_v2\controls\vqav2-261679__control_03.png,true,expert_human_reviewer,2026-10-05
vqav2-261679,4,F:\Sadik\semantic-causal-pathway\.venv\data\vqa_v2\controls\vqav2-261679__control_04.png,true,expert_human_reviewer,2026-10-05
vqav2-397863,0,F:\Sadik\semantic-causal-pathway\.venv\data\vqa_v2\controls\vqav2-397863__control_00.png,true,expert_human_reviewer,2026-10-05
vqav2-397863,1,F:\Sadik\semantic-causal-pathway\.venv\data\vqa_v2\controls\vqav2-397863__control_01.png,true,expert_human_reviewer,2026-10-05
vqav2-397863,2,F:\Sadik\semantic-causal-pathway\.venv\data\vqa_v2\controls\vqav2-397863__control_02.png,true,expert_human_reviewer,2026-10-05
vqav2-397863,3,F:\Sadik\semantic-causal-pathway\.venv\data\vqa_v2\controls\vqav2-397863__control_03.png,true,expert_human_reviewer,2026-10-05
vqav2-397863,4,F:\Sadik\semantic-causal-pathway\.venv\data\vqa_v2\controls\vqav2-397863__control_04.png,true,expert_human_reviewer,2026-10-05
vqav2-302185,0,F:\Sadik\semantic-causal-pathway\.venv\data\vqa_v2\controls\vqav2-302185__control_00.png,true,expert_human_reviewer,2026-10-05
vqav2-302185,1,F:\Sadik\semantic-causal-pathway\.venv\data\vqa_v2\controls\vqav2-302185__control_01.png,true,expert_human_reviewer,2026-10-05
vqav2-302185,2,F:\Sadik\semantic-causal-pathway\.venv\data\vqa_v2\controls\vqav2-302185__control_02.png,true,expert_human_reviewer,2026-10-05
vqav2-302185,3,F:\Sadik\semantic-causal-pathway\.venv\data\vqa_v2\controls\vqav2-302185__control_03.png,true,expert_human_reviewer,2026-10-05
vqav2-302185,4,F:\Sadik\semantic-causal-pathway\.venv\data\vqa_v2\controls\vqav2-302185__control_04.png,true,expert_human_reviewer,2026-10-05
gqa-2402273,0,F:\Sadik\semantic-causal-pathway\.venv\data\vqa_v2\controls\gqa-2402273__control_00.png,true,expert_human_reviewer,2026-10-05
gqa-2402273,1,F:\Sadik\semantic-causal-pathway\.venv\data\vqa_v2\controls\gqa-2402273__control_01.png,true,expert_human_reviewer,2026-10-05
gqa-2402273,2,F:\Sadik\semantic-causal-pathway\.venv\data\vqa_v2\controls\gqa-2402273__control_02.png,true,expert_human_reviewer,2026-10-05
gqa-2402273,3,F:\Sadik\semantic-causal-pathway\.venv\data\vqa_v2\controls\gqa-2402273__control_03.png,true,expert_human_reviewer,2026-10-05
gqa-2402273,4,F:\Sadik\semantic-causal-pathway\.venv\data\vqa_v2\controls\gqa-2402273__control_04.png,true,expert_human_reviewer,2026-10-05
gqa-2403468,0,F:\Sadik\semantic-causal-pathway\.venv\data\vqa_v2\controls\gqa-2403468__control_00.png,true,expert_human_reviewer,2026-10-05
gqa-2403468,1,F:\Sadik\semantic-causal-pathway\.venv\data\vqa_v2\controls\gqa-2403468__control_01.png,true,expert_human_reviewer,2026-10-05
gqa-2403468,2,F:\Sadik\semantic-causal-pathway\.venv\data\vqa_v2\controls\gqa-2403468__control_02.png,true,expert_human_reviewer,2026-10-05
gqa-2403468,3,F:\Sadik\semantic-causal-pathway\.venv\data\vqa_v2\controls\gqa-2403468__control_03.png,true,expert_human_reviewer,2026-10-05
gqa-2403468,4,F:\Sadik\semantic-causal-pathway\.venv\data\vqa_v2\controls\gqa-2403468__control_04.png,true,expert_human_reviewer,2026-10-05
gqa-2331336,0,F:\Sadik\semantic-causal-pathway\.venv\data\vqa_v2\controls\gqa-2331336__control_00.png,true,expert_human_reviewer,2026-10-05
gqa-2331336,1,F:\Sadik\semantic-causal-pathway\.venv\data\vqa_v2\controls\gqa-2331336__control_01.png,true,expert_human_reviewer,2026-10-05
gqa-2331336,2,F:\Sadik\semantic-causal-pathway\.venv\data\vqa_v2\controls\gqa-2331336__control_02.png,true,expert_human_reviewer,2026-10-05
gqa-2331336,3,F:\Sadik\semantic-causal-pathway\.venv\data\vqa_v2\controls\gqa-2331336__control_03.png,true,expert_human_reviewer,2026-10-05
gqa-2331336,4,F:\Sadik\semantic-causal-pathway\.venv\data\vqa_v2\controls\gqa-2331336__control_04.png,true,expert_human_reviewer,2026-10-05
vqav2-451151,0,F:\Sadik\semantic-causal-pathway\.venv\data\vqa_v2\controls\vqav2-451151__control_00.png,true,expert_human_reviewer,2026-10-05
vqav2-451151,1,F:\Sadik\semantic-causal-pathway\.venv\data\vqa_v2\controls\vqav2-451151__control_01.png,true,expert_human_reviewer,2026-10-05
vqav2-451151,2,F:\Sadik\semantic-causal-pathway\.venv\data\vqa_v2\controls\vqav2-451151__control_02.png,true,expert_human_reviewer,2026-10-05
vqav2-451151,3,F:\Sadik\semantic-causal-pathway\.venv\data\vqa_v2\controls\vqav2-451151__control_03.png,true,expert_human_reviewer,2026-10-05
vqav2-451151,4,F:\Sadik\semantic-causal-pathway\.venv\data\vqa_v2\controls\vqav2-451151__control_04.png,true,expert_human_reviewer,2026-10-05
vqav2-240279,0,F:\Sadik\semantic-causal-pathway\.venv\data\vqa_v2\controls\vqav2-240279__control_00.png,true,expert_human_reviewer,2026-10-05
vqav2-240279,1,F:\Sadik\semantic-causal-pathway\.venv\data\vqa_v2\controls\vqav2-240279__control_01.png,true,expert_human_reviewer,2026-10-05
vqav2-240279,2,F:\Sadik\semantic-causal-pathway\.venv\data\vqa_v2\controls\vqav2-240279__control_02.png,true,expert_human_reviewer,2026-10-05
vqav2-240279,3,F:\Sadik\semantic-causal-pathway\.venv\data\vqa_v2\controls\vqav2-240279__control_03.png,true,expert_human_reviewer,2026-10-05
vqav2-240279,4,F:\Sadik\semantic-causal-pathway\.venv\data\vqa_v2\controls\vqav2-240279__control_04.png,true,expert_human_reviewer,2026-10-05
gqa-2388927,0,F:\Sadik\semantic-causal-pathway\.venv\data\vqa_v2\controls\gqa-2388927__control_00.png,true,expert_human_reviewer,2026-10-05
gqa-2388927,1,F:\Sadik\semantic-causal-pathway\.venv\data\vqa_v2\controls\gqa-2388927__control_01.png,true,expert_human_reviewer,2026-10-05
gqa-2388927,2,F:\Sadik\semantic-causal-pathway\.venv\data\vqa_v2\controls\gqa-2388927__control_02.png,true,expert_human_reviewer,2026-10-05
gqa-2388927,3,F:\Sadik\semantic-causal-pathway\.venv\data\vqa_v2\controls\gqa-2388927__control_03.png,true,expert_human_reviewer,2026-10-05
gqa-2388927,4,F:\Sadik\semantic-causal-pathway\.venv\data\vqa_v2\controls\gqa-2388927__control_04.png,true,expert_human_reviewer,2026-10-05
gqa-2325742,0,F:\Sadik\semantic-causal-pathway\.venv\data\vqa_v2\controls\gqa-2325742__control_00.png,true,expert_human_reviewer,2026-10-05
gqa-2325742,1,F:\Sadik\semantic-causal-pathway\.venv\data\vqa_v2\controls\gqa-2325742__control_01.png,true,expert_human_reviewer,2026-10-05
gqa-2325742,2,F:\Sadik\semantic-causal-pathway\.venv\data\vqa_v2\controls\gqa-2325742__control_02.png,true,expert_human_reviewer,2026-10-05
gqa-2325742,3,F:\Sadik\semantic-causal-pathway\.venv\data\vqa_v2\controls\gqa-2325742__control_03.png,true,expert_human_reviewer,2026-10-05
gqa-2325742,4,F:\Sadik\semantic-causal-pathway\.venv\data\vqa_v2\controls\gqa-2325742__control_04.png,true,expert_human_reviewer,2026-10-05
gqa-2770,0,F:\Sadik\semantic-causal-pathway\.venv\data\vqa_v2\controls\gqa-2770__control_00.png,true,expert_human_reviewer,2026-10-05
gqa-2770,1,F:\Sadik\semantic-causal-pathway\.venv\data\vqa_v2\controls\gqa-2770__control_01.png,true,expert_human_reviewer,2026-10-05
gqa-2770,2,F:\Sadik\semantic-causal-pathway\.venv\data\vqa_v2\controls\gqa-2770__control_02.png,true,expert_human_reviewer,2026-10-05
gqa-2770,3,F:\Sadik\semantic-causal-pathway\.venv\data\vqa_v2\controls\gqa-2770__control_03.png,true,expert_human_reviewer,2026-10-05
gqa-2770,4,F:\Sadik\semantic-causal-pathway\.venv\data\vqa_v2\controls\gqa-2770__control_04.png,true,expert_human_reviewer,2026-10-05
vqav2-451406,0,F:\Sadik\semantic-causal-pathway\.venv\data\vqa_v2\controls\vqav2-451406__control_00.png,true,expert_human_reviewer,2026-10-05
vqav2-451406,1,F:\Sadik\semantic-causal-pathway\.venv\data\vqa_v2\controls\vqav2-451406__control_01.png,true,expert_human_reviewer,2026-10-05
vqav2-451406,2,F:\Sadik\semantic-causal-pathway\.venv\data\vqa_v2\controls\vqav2-451406__control_02.png,true,expert_human_reviewer,2026-10-05
vqav2-451406,3,F:\Sadik\semantic-causal-pathway\.venv\data\vqa_v2\controls\vqav2-451406__control_03.png,true,expert_human_reviewer,2026-10-05
vqav2-451406,4,F:\Sadik\semantic-causal-pathway\.venv\data\vqa_v2\controls\vqav2-451406__control_04.png,true,expert_human_reviewer,2026-10-05
vqav2-432605,0,F:\Sadik\semantic-causal-pathway\.venv\data\vqa_v2\controls\vqav2-432605__control_00.png,true,expert_human_reviewer,2026-10-05
vqav2-432605,1,F:\Sadik\semantic-causal-pathway\.venv\data\vqa_v2\controls\vqav2-432605__control_01.png,true,expert_human_reviewer,2026-10-05
vqav2-432605,2,F:\Sadik\semantic-causal-pathway\.venv\data\vqa_v2\controls\vqav2-432605__control_02.png,true,expert_human_reviewer,2026-10-05
vqav2-432605,3,F:\Sadik\semantic-causal-pathway\.venv\data\vqa_v2\controls\vqav2-432605__control_03.png,true,expert_human_reviewer,2026-10-05
vqav2-432605,4,F:\Sadik\semantic-causal-pathway\.venv\data\vqa_v2\controls\vqav2-432605__control_04.png,true,expert_human_reviewer,2026-10-05
vqav2-61862,0,F:\Sadik\semantic-causal-pathway\.venv\data\vqa_v2\controls\vqav2-61862__control_00.png,true,expert_human_reviewer,2026-10-05
vqav2-61862,1,F:\Sadik\semantic-causal-pathway\.venv\data\vqa_v2\controls\vqav2-61862__control_01.png,true,expert_human_reviewer,2026-10-05
vqav2-61862,2,F:\Sadik\semantic-causal-pathway\.venv\data\vqa_v2\controls\vqav2-61862__control_02.png,true,expert_human_reviewer,2026-10-05
vqav2-61862,3,F:\Sadik\semantic-causal-pathway\.venv\data\vqa_v2\controls\vqav2-61862__control_03.png,true,expert_human_reviewer,2026-10-05
vqav2-61862,4,F:\Sadik\semantic-causal-pathway\.venv\data\vqa_v2\controls\vqav2-61862__control_04.png,true,expert_human_reviewer,2026-10-05
vqav2-45248,0,F:\Sadik\semantic-causal-pathway\.venv\data\vqa_v2\controls\vqav2-45248__control_00.png,true,expert_human_reviewer,2026-10-05
vqav2-45248,1,F:\Sadik\semantic-causal-pathway\.venv\data\vqa_v2\controls\vqav2-45248__control_01.png,true,expert_human_reviewer,2026-10-05
vqav2-45248,2,F:\Sadik\semantic-causal-pathway\.venv\data\vqa_v2\controls\vqav2-45248__control_02.png,true,expert_human_reviewer,2026-10-05
vqav2-45248,3,F:\Sadik\semantic-causal-pathway\.venv\data\vqa_v2\controls\vqav2-45248__control_03.png,true,expert_human_reviewer,2026-10-05
vqav2-45248,4,F:\Sadik\semantic-causal-pathway\.venv\data\vqa_v2\controls\vqav2-45248__control_04.png,true,expert_human_reviewer,2026-10-05
gqa-2374131,0,F:\Sadik\semantic-causal-pathway\.venv\data\vqa_v2\controls\gqa-2374131__control_00.png,true,expert_human_reviewer,2026-10-05
gqa-2374131,1,F:\Sadik\semantic-causal-pathway\.venv\data\vqa_v2\controls\gqa-2374131__control_01.png,true,expert_human_reviewer,2026-10-05
gqa-2374131,2,F:\Sadik\semantic-causal-pathway\.venv\data\vqa_v2\controls\gqa-2374131__control_02.png,true,expert_human_reviewer,2026-10-05
gqa-2374131,3,F:\Sadik\semantic-causal-pathway\.venv\data\vqa_v2\controls\gqa-2374131__control_03.png,true,expert_human_reviewer,2026-10-05
gqa-2374131,4,F:\Sadik\semantic-causal-pathway\.venv\data\vqa_v2\controls\gqa-2374131__control_04.png,true,expert_human_reviewer,2026-10-05
vqav2-209868,0,F:\Sadik\semantic-causal-pathway\.venv\data\vqa_v2\controls\vqav2-209868__control_00.png,true,expert_human_reviewer,2026-10-05
vqav2-209868,1,F:\Sadik\semantic-causal-pathway\.venv\data\vqa_v2\controls\vqav2-209868__control_01.png,true,expert_human_reviewer,2026-10-05
vqav2-209868,2,F:\Sadik\semantic-causal-pathway\.venv\data\vqa_v2\controls\vqav2-209868__control_02.png,true,expert_human_reviewer,2026-10-05
vqav2-209868,3,F:\Sadik\semantic-causal-pathway\.venv\data\vqa_v2\controls\vqav2-209868__control_03.png,true,expert_human_reviewer,2026-10-05
vqav2-209868,4,F:\Sadik\semantic-causal-pathway\.venv\data\vqa_v2\controls\vqav2-209868__control_04.png,true,expert_human_reviewer,2026-10-05
vqav2-406885,0,F:\Sadik\semantic-causal-pathway\.venv\data\vqa_v2\controls\vqav2-406885__control_00.png,true,expert_human_reviewer,2026-10-05
vqav2-406885,1,F:\Sadik\semantic-causal-pathway\.venv\data\vqa_v2\controls\vqav2-406885__control_01.png,true,expert_human_reviewer,2026-10-05
vqav2-406885,2,F:\Sadik\semantic-causal-pathway\.venv\data\vqa_v2\controls\vqav2-406885__control_02.png,true,expert_human_reviewer,2026-10-05
vqav2-406885,3,F:\Sadik\semantic-causal-pathway\.venv\data\vqa_v2\controls\vqav2-406885__control_03.png,true,expert_human_reviewer,2026-10-05
vqav2-406885,4,F:\Sadik\semantic-causal-pathway\.venv\data\vqa_v2\controls\vqav2-406885__control_04.png,true,expert_human_reviewer,2026-10-05
vqav2-29393,0,F:\Sadik\semantic-causal-pathway\.venv\data\vqa_v2\controls\vqav2-29393__control_00.png,true,expert_human_reviewer,2026-10-05
vqav2-29393,1,F:\Sadik\semantic-causal-pathway\.venv\data\vqa_v2\controls\vqav2-29393__control_01.png,true,expert_human_reviewer,2026-10-05
vqav2-29393,2,F:\Sadik\semantic-causal-pathway\.venv\data\vqa_v2\controls\vqav2-29393__control_02.png,true,expert_human_reviewer,2026-10-05
vqav2-29393,3,F:\Sadik\semantic-causal-pathway\.venv\data\vqa_v2\controls\vqav2-29393__control_03.png,true,expert_human_reviewer,2026-10-05
vqav2-29393,4,F:\Sadik\semantic-causal-pathway\.venv\data\vqa_v2\controls\vqav2-29393__control_04.png,true,expert_human_reviewer,2026-10-05
vqav2-42433,0,F:\Sadik\semantic-causal-pathway\.venv\data\vqa_v2\controls\vqav2-42433__control_00.png,true,expert_human_reviewer,2026-10-05
vqav2-42433,1,F:\Sadik\semantic-causal-pathway\.venv\data\vqa_v2\controls\vqav2-42433__control_01.png,true,expert_human_reviewer,2026-10-05
vqav2-42433,2,F:\Sadik\semantic-causal-pathway\.venv\data\vqa_v2\controls\vqav2-42433__control_02.png,true,expert_human_reviewer,2026-10-05
vqav2-42433,3,F:\Sadik\semantic-causal-pathway\.venv\data\vqa_v2\controls\vqav2-42433__control_03.png,true,expert_human_reviewer,2026-10-05
vqav2-42433,4,F:\Sadik\semantic-causal-pathway\.venv\data\vqa_v2\controls\vqav2-42433__control_04.png,true,expert_human_reviewer,2026-10-05
vqav2-493682,0,F:\Sadik\semantic-causal-pathway\.venv\data\vqa_v2\controls\vqav2-493682__control_00.png,true,expert_human_reviewer,2026-10-05
vqav2-493682,1,F:\Sadik\semantic-causal-pathway\.venv\data\vqa_v2\controls\vqav2-493682__control_01.png,true,expert_human_reviewer,2026-10-05
vqav2-493682,2,F:\Sadik\semantic-causal-pathway\.venv\data\vqa_v2\controls\vqav2-493682__control_02.png,true,expert_human_reviewer,2026-10-05
vqav2-493682,3,F:\Sadik\semantic-causal-pathway\.venv\data\vqa_v2\controls\vqav2-493682__control_03.png,true,expert_human_reviewer,2026-10-05
vqav2-493682,4,F:\Sadik\semantic-causal-pathway\.venv\data\vqa_v2\controls\vqav2-493682__control_04.png,true,expert_human_reviewer,2026-10-05
vqav2-565045,0,F:\Sadik\semantic-causal-pathway\.venv\data\vqa_v2\controls\vqav2-565045__control_00.png,true,expert_human_reviewer,2026-10-05
vqav2-565045,1,F:\Sadik\semantic-causal-pathway\.venv\data\vqa_v2\controls\vqav2-565045__control_01.png,true,expert_human_reviewer,2026-10-05
vqav2-565045,2,F:\Sadik\semantic-causal-pathway\.venv\data\vqa_v2\controls\vqav2-565045__control_02.png,true,expert_human_reviewer,2026-10-05
vqav2-565045,3,F:\Sadik\semantic-causal-pathway\.venv\data\vqa_v2\controls\vqav2-565045__control_03.png,true,expert_human_reviewer,2026-10-05
vqav2-565045,4,F:\Sadik\semantic-causal-pathway\.venv\data\vqa_v2\controls\vqav2-565045__control_04.png,true,expert_human_reviewer,2026-10-05
