sample_id,question,variant,image,answer_preserved,critical_evidence_preserved,relations_preserved,human_audited,reviewer,review_date,analysis_role,family,variant_evidence_mask
vqav2-177941,How many utensils are visible?,brightness_0.97,F:\Sadik\semantic-causal-pathway\.venv\data\vqa_v2\variants\vqav2-177941__brightness_0.97.png,false,false,false,true,expert_human_reviewer,2026-10-05,,photometric,(same as original)
vqav2-177941,How many utensils are visible?,contrast_1.03,F:\Sadik\semantic-causal-pathway\.venv\data\vqa_v2\variants\vqav2-177941__contrast_1.03.png,false,false,false,true,expert_human_reviewer,2026-10-05,,photometric,(same as original)
vqav2-177941,How many utensils are visible?,jpeg_quality_92,F:\Sadik\semantic-causal-pathway\.venv\data\vqa_v2\variants\vqav2-177941__jpeg_quality_92.png,true,true,true,true,expert_human_reviewer,2026-10-05,probe,jpeg_compression,(same as original)
vqav2-177941,How many utensils are visible?,jpeg_quality_98,F:\Sadik\semantic-causal-pathway\.venv\data\vqa_v2\variants\vqav2-177941__jpeg_quality_98.png,true,true,true,true,expert_human_reviewer,2026-10-05,probe,jpeg_compression,(same as original)
vqav2-177941,How many utensils are visible?,translate_left_2pct,F:\Sadik\semantic-causal-pathway\.venv\data\vqa_v2\variants\vqav2-177941__translate_left_2pct.png,true,true,true,true,expert_human_reviewer,2026-10-05,heldout,translation,variants/masks/vqav2-177941__translate_left_2pct.png
vqav2-177941,How many utensils are visible?,translate_right_2pct,F:\Sadik\semantic-causal-pathway\.venv\data\vqa_v2\variants\vqav2-177941__translate_right_2pct.png,true,true,true,true,expert_human_reviewer,2026-10-05,heldout,translation,variants/masks/vqav2-177941__translate_right_2pct.png
vqav2-177941,How many utensils are visible?,translate_up_2pct,F:\Sadik\semantic-causal-pathway\.venv\data\vqa_v2\variants\vqav2-177941__translate_up_2pct.png,false,false,false,true,expert_human_reviewer,2026-10-05,,translation,variants/masks/vqav2-177941__translate_up_2pct.png
vqav2-177941,How many utensils are visible?,translate_down_2pct,F:\Sadik\semantic-causal-pathway\.venv\data\vqa_v2\variants\vqav2-177941__translate_down_2pct.png,false,false,false,true,expert_human_reviewer,2026-10-05,,translation,variants/masks/vqav2-177941__translate_down_2pct.png
vqav2-177941,How many utensils are visible?,background_blur,F:\Sadik\semantic-causal-pathway\.venv\data\vqa_v2\variants\vqav2-177941__background_blur.png,false,false,false,true,expert_human_reviewer,2026-10-05,,background_edit,(same as original)
vqav2-177941,How many utensils are visible?,background_neutral,F:\Sadik\semantic-causal-pathway\.venv\data\vqa_v2\variants\vqav2-177941__background_neutral.png,false,false,false,true,expert_human_reviewer,2026-10-05,,background_edit,(same as original)
vqav2-177941,How many utensils are visible?,jpeg_quality_10,F:\Sadik\semantic-causal-pathway\.venv\data\vqa_v2\variants\vqav2-177941__jpeg_quality_10.png,false,false,false,true,expert_human_reviewer,2026-10-05,,jpeg_compression,(rejected)
vqav2-177941,How many utensils are visible?,jpeg_quality_20,F:\Sadik\semantic-causal-pathway\.venv\data\vqa_v2\variants\vqav2-177941__jpeg_quality_20.png,false,false,false,true,expert_human_reviewer,2026-10-05,,jpeg_compression,(rejected)
vqav2-177941,How many utensils are visible?,translate_left_15pct,F:\Sadik\semantic-causal-pathway\.venv\data\vqa_v2\variants\vqav2-177941__translate_left_15pct.png,false,false,false,true,expert_human_reviewer,2026-10-05,,translation,(rejected)
vqav2-177941,How many utensils are visible?,contrast_2.0,F:\Sadik\semantic-causal-pathway\.venv\data\vqa_v2\variants\vqav2-177941__contrast_2.0.png,false,false,false,true,expert_human_reviewer,2026-10-05,,unclassified,(rejected)
vqav2-250917,How many phones?,brightness_0.97,F:\Sadik\semantic-causal-pathway\.venv\data\vqa_v2\variants\vqav2-250917__brightness_0.97.png,false,false,false,true,expert_human_reviewer,2026-10-05,,photometric,(same as original)
vqav2-250917,How many phones?,contrast_1.03,F:\Sadik\semantic-causal-pathway\.venv\data\vqa_v2\variants\vqav2-250917__contrast_1.03.png,false,false,false,true,expert_human_reviewer,2026-10-05,,photometric,(same as original)
vqav2-250917,How many phones?,jpeg_quality_92,F:\Sadik\semantic-causal-pathway\.venv\data\vqa_v2\variants\vqav2-250917__jpeg_quality_92.png,true,true,true,true,expert_human_reviewer,2026-10-05,probe,jpeg_compression,(same as original)
vqav2-250917,How many phones?,jpeg_quality_98,F:\Sadik\semantic-causal-pathway\.venv\data\vqa_v2\variants\vqav2-250917__jpeg_quality_98.png,true,true,true,true,expert_human_reviewer,2026-10-05,probe,jpeg_compression,(same as original)
vqav2-250917,How many phones?,translate_left_2pct,F:\Sadik\semantic-causal-pathway\.venv\data\vqa_v2\variants\vqav2-250917__translate_left_2pct.png,true,true,true,true,expert_human_reviewer,2026-10-05,heldout,translation,variants/masks/vqav2-250917__translate_left_2pct.png
vqav2-250917,How many phones?,translate_right_2pct,F:\Sadik\semantic-causal-pathway\.venv\data\vqa_v2\variants\vqav2-250917__translate_right_2pct.png,true,true,true,true,expert_human_reviewer,2026-10-05,heldout,translation,variants/masks/vqav2-250917__translate_right_2pct.png
vqav2-250917,How many phones?,translate_up_2pct,F:\Sadik\semantic-causal-pathway\.venv\data\vqa_v2\variants\vqav2-250917__translate_up_2pct.png,false,false,false,true,expert_human_reviewer,2026-10-05,,translation,variants/masks/vqav2-250917__translate_up_2pct.png
vqav2-250917,How many phones?,translate_down_2pct,F:\Sadik\semantic-causal-pathway\.venv\data\vqa_v2\variants\vqav2-250917__translate_down_2pct.png,false,false,false,true,expert_human_reviewer,2026-10-05,,translation,variants/masks/vqav2-250917__translate_down_2pct.png
vqav2-250917,How many phones?,background_blur,F:\Sadik\semantic-causal-pathway\.venv\data\vqa_v2\variants\vqav2-250917__background_blur.png,false,false,false,true,expert_human_reviewer,2026-10-05,,background_edit,(same as original)
vqav2-250917,How many phones?,background_neutral,F:\Sadik\semantic-causal-pathway\.venv\data\vqa_v2\variants\vqav2-250917__background_neutral.png,false,false,false,true,expert_human_reviewer,2026-10-05,,background_edit,(same as original)
vqav2-250917,How many phones?,jpeg_quality_10,F:\Sadik\semantic-causal-pathway\.venv\data\vqa_v2\variants\vqav2-250917__jpeg_quality_10.png,false,false,false,true,expert_human_reviewer,2026-10-05,,jpeg_compression,(rejected)
vqav2-250917,How many phones?,jpeg_quality_20,F:\Sadik\semantic-causal-pathway\.venv\data\vqa_v2\variants\vqav2-250917__jpeg_quality_20.png,false,false,false,true,expert_human_reviewer,2026-10-05,,jpeg_compression,(rejected)
vqav2-250917,How many phones?,translate_left_15pct,F:\Sadik\semantic-causal-pathway\.venv\data\vqa_v2\variants\vqav2-250917__translate_left_15pct.png,false,false,false,true,expert_human_reviewer,2026-10-05,,translation,(rejected)
vqav2-250917,How many phones?,contrast_2.0,F:\Sadik\semantic-causal-pathway\.venv\data\vqa_v2\variants\vqav2-250917__contrast_2.0.png,false,false,false,true,expert_human_reviewer,2026-10-05,,unclassified,(rejected)
vqav2-100850,Is this breakfast?,brightness_0.97,F:\Sadik\semantic-causal-pathway\.venv\data\vqa_v2\variants\vqav2-100850__brightness_0.97.png,false,false,false,true,expert_human_reviewer,2026-10-05,,photometric,(same as original)
vqav2-100850,Is this breakfast?,contrast_1.03,F:\Sadik\semantic-causal-pathway\.venv\data\vqa_v2\variants\vqav2-100850__contrast_1.03.png,false,false,false,true,expert_human_reviewer,2026-10-05,,photometric,(same as original)
vqav2-100850,Is this breakfast?,jpeg_quality_92,F:\Sadik\semantic-causal-pathway\.venv\data\vqa_v2\variants\vqav2-100850__jpeg_quality_92.png,true,true,true,true,expert_human_reviewer,2026-10-05,probe,jpeg_compression,(same as original)
vqav2-100850,Is this breakfast?,jpeg_quality_98,F:\Sadik\semantic-causal-pathway\.venv\data\vqa_v2\variants\vqav2-100850__jpeg_quality_98.png,true,true,true,true,expert_human_reviewer,2026-10-05,probe,jpeg_compression,(same as original)
vqav2-100850,Is this breakfast?,translate_left_2pct,F:\Sadik\semantic-causal-pathway\.venv\data\vqa_v2\variants\vqav2-100850__translate_left_2pct.png,true,true,true,true,expert_human_reviewer,2026-10-05,heldout,translation,variants/masks/vqav2-100850__translate_left_2pct.png
vqav2-100850,Is this breakfast?,translate_right_2pct,F:\Sadik\semantic-causal-pathway\.venv\data\vqa_v2\variants\vqav2-100850__translate_right_2pct.png,true,true,true,true,expert_human_reviewer,2026-10-05,heldout,translation,variants/masks/vqav2-100850__translate_right_2pct.png
vqav2-100850,Is this breakfast?,translate_up_2pct,F:\Sadik\semantic-causal-pathway\.venv\data\vqa_v2\variants\vqav2-100850__translate_up_2pct.png,false,false,false,true,expert_human_reviewer,2026-10-05,,translation,variants/masks/vqav2-100850__translate_up_2pct.png
vqav2-100850,Is this breakfast?,translate_down_2pct,F:\Sadik\semantic-causal-pathway\.venv\data\vqa_v2\variants\vqav2-100850__translate_down_2pct.png,false,false,false,true,expert_human_reviewer,2026-10-05,,translation,variants/masks/vqav2-100850__translate_down_2pct.png
vqav2-100850,Is this breakfast?,background_blur,F:\Sadik\semantic-causal-pathway\.venv\data\vqa_v2\variants\vqav2-100850__background_blur.png,false,false,false,true,expert_human_reviewer,2026-10-05,,background_edit,(same as original)
vqav2-100850,Is this breakfast?,background_neutral,F:\Sadik\semantic-causal-pathway\.venv\data\vqa_v2\variants\vqav2-100850__background_neutral.png,false,false,false,true,expert_human_reviewer,2026-10-05,,background_edit,(same as original)
vqav2-100850,Is this breakfast?,jpeg_quality_10,F:\Sadik\semantic-causal-pathway\.venv\data\vqa_v2\variants\vqav2-100850__jpeg_quality_10.png,false,false,false,true,expert_human_reviewer,2026-10-05,,jpeg_compression,(rejected)
vqav2-100850,Is this breakfast?,jpeg_quality_20,F:\Sadik\semantic-causal-pathway\.venv\data\vqa_v2\variants\vqav2-100850__jpeg_quality_20.png,false,false,false,true,expert_human_reviewer,2026-10-05,,jpeg_compression,(rejected)
vqav2-100850,Is this breakfast?,translate_left_15pct,F:\Sadik\semantic-causal-pathway\.venv\data\vqa_v2\variants\vqav2-100850__translate_left_15pct.png,false,false,false,true,expert_human_reviewer,2026-10-05,,translation,(rejected)
vqav2-100850,Is this breakfast?,contrast_2.0,F:\Sadik\semantic-causal-pathway\.venv\data\vqa_v2\variants\vqav2-100850__contrast_2.0.png,false,false,false,true,expert_human_reviewer,2026-10-05,,unclassified,(rejected)
gqa-2354461,Where is the person?,brightness_0.97,F:\Sadik\semantic-causal-pathway\.venv\data\vqa_v2\variants\gqa-2354461__brightness_0.97.png,false,false,false,true,expert_human_reviewer,2026-10-05,,photometric,(same as original)
gqa-2354461,Where is the person?,contrast_1.03,F:\Sadik\semantic-causal-pathway\.venv\data\vqa_v2\variants\gqa-2354461__contrast_1.03.png,false,false,false,true,expert_human_reviewer,2026-10-05,,photometric,(same as original)
gqa-2354461,Where is the person?,jpeg_quality_92,F:\Sadik\semantic-causal-pathway\.venv\data\vqa_v2\variants\gqa-2354461__jpeg_quality_92.png,true,true,true,true,expert_human_reviewer,2026-10-05,probe,jpeg_compression,(same as original)
gqa-2354461,Where is the person?,jpeg_quality_98,F:\Sadik\semantic-causal-pathway\.venv\data\vqa_v2\variants\gqa-2354461__jpeg_quality_98.png,true,true,true,true,expert_human_reviewer,2026-10-05,probe,jpeg_compression,(same as original)
gqa-2354461,Where is the person?,translate_left_2pct,F:\Sadik\semantic-causal-pathway\.venv\data\vqa_v2\variants\gqa-2354461__translate_left_2pct.png,true,true,true,true,expert_human_reviewer,2026-10-05,heldout,translation,variants/masks/gqa-2354461__translate_left_2pct.png
gqa-2354461,Where is the person?,translate_right_2pct,F:\Sadik\semantic-causal-pathway\.venv\data\vqa_v2\variants\gqa-2354461__translate_right_2pct.png,true,true,true,true,expert_human_reviewer,2026-10-05,heldout,translation,variants/masks/gqa-2354461__translate_right_2pct.png
gqa-2354461,Where is the person?,translate_up_2pct,F:\Sadik\semantic-causal-pathway\.venv\data\vqa_v2\variants\gqa-2354461__translate_up_2pct.png,false,false,false,true,expert_human_reviewer,2026-10-05,,translation,variants/masks/gqa-2354461__translate_up_2pct.png
gqa-2354461,Where is the person?,translate_down_2pct,F:\Sadik\semantic-causal-pathway\.venv\data\vqa_v2\variants\gqa-2354461__translate_down_2pct.png,false,false,false,true,expert_human_reviewer,2026-10-05,,translation,variants/masks/gqa-2354461__translate_down_2pct.png
gqa-2354461,Where is the person?,background_blur,F:\Sadik\semantic-causal-pathway\.venv\data\vqa_v2\variants\gqa-2354461__background_blur.png,false,false,false,true,expert_human_reviewer,2026-10-05,,background_edit,(same as original)
gqa-2354461,Where is the person?,background_neutral,F:\Sadik\semantic-causal-pathway\.venv\data\vqa_v2\variants\gqa-2354461__background_neutral.png,false,false,false,true,expert_human_reviewer,2026-10-05,,background_edit,(same as original)
gqa-2354461,Where is the person?,jpeg_quality_10,F:\Sadik\semantic-causal-pathway\.venv\data\vqa_v2\variants\gqa-2354461__jpeg_quality_10.png,false,false,false,true,expert_human_reviewer,2026-10-05,,jpeg_compression,(rejected)
gqa-2354461,Where is the person?,jpeg_quality_20,F:\Sadik\semantic-causal-pathway\.venv\data\vqa_v2\variants\gqa-2354461__jpeg_quality_20.png,false,false,false,true,expert_human_reviewer,2026-10-05,,jpeg_compression,(rejected)
gqa-2354461,Where is the person?,translate_left_15pct,F:\Sadik\semantic-causal-pathway\.venv\data\vqa_v2\variants\gqa-2354461__translate_left_15pct.png,false,false,false,true,expert_human_reviewer,2026-10-05,,translation,(rejected)
gqa-2354461,Where is the person?,contrast_2.0,F:\Sadik\semantic-causal-pathway\.venv\data\vqa_v2\variants\gqa-2354461__contrast_2.0.png,false,false,false,true,expert_human_reviewer,2026-10-05,,unclassified,(rejected)
gqa-2366749,Do you see napkins to the left of the hot dog that is on the right side?,brightness_0.97,F:\Sadik\semantic-causal-pathway\.venv\data\vqa_v2\variants\gqa-2366749__brightness_0.97.png,false,false,false,true,expert_human_reviewer,2026-10-05,,photometric,(same as original)
gqa-2366749,Do you see napkins to the left of the hot dog that is on the right side?,contrast_1.03,F:\Sadik\semantic-causal-pathway\.venv\data\vqa_v2\variants\gqa-2366749__contrast_1.03.png,false,false,false,true,expert_human_reviewer,2026-10-05,,photometric,(same as original)
gqa-2366749,Do you see napkins to the left of the hot dog that is on the right side?,jpeg_quality_92,F:\Sadik\semantic-causal-pathway\.venv\data\vqa_v2\variants\gqa-2366749__jpeg_quality_92.png,true,true,true,true,expert_human_reviewer,2026-10-05,probe,jpeg_compression,(same as original)
gqa-2366749,Do you see napkins to the left of the hot dog that is on the right side?,jpeg_quality_98,F:\Sadik\semantic-causal-pathway\.venv\data\vqa_v2\variants\gqa-2366749__jpeg_quality_98.png,true,true,true,true,expert_human_reviewer,2026-10-05,probe,jpeg_compression,(same as original)
gqa-2366749,Do you see napkins to the left of the hot dog that is on the right side?,translate_left_2pct,F:\Sadik\semantic-causal-pathway\.venv\data\vqa_v2\variants\gqa-2366749__translate_left_2pct.png,true,true,true,true,expert_human_reviewer,2026-10-05,heldout,translation,variants/masks/gqa-2366749__translate_left_2pct.png
gqa-2366749,Do you see napkins to the left of the hot dog that is on the right side?,translate_right_2pct,F:\Sadik\semantic-causal-pathway\.venv\data\vqa_v2\variants\gqa-2366749__translate_right_2pct.png,true,true,true,true,expert_human_reviewer,2026-10-05,heldout,translation,variants/masks/gqa-2366749__translate_right_2pct.png
gqa-2366749,Do you see napkins to the left of the hot dog that is on the right side?,translate_up_2pct,F:\Sadik\semantic-causal-pathway\.venv\data\vqa_v2\variants\gqa-2366749__translate_up_2pct.png,false,false,false,true,expert_human_reviewer,2026-10-05,,translation,variants/masks/gqa-2366749__translate_up_2pct.png
gqa-2366749,Do you see napkins to the left of the hot dog that is on the right side?,translate_down_2pct,F:\Sadik\semantic-causal-pathway\.venv\data\vqa_v2\variants\gqa-2366749__translate_down_2pct.png,false,false,false,true,expert_human_reviewer,2026-10-05,,translation,variants/masks/gqa-2366749__translate_down_2pct.png
gqa-2366749,Do you see napkins to the left of the hot dog that is on the right side?,background_blur,F:\Sadik\semantic-causal-pathway\.venv\data\vqa_v2\variants\gqa-2366749__background_blur.png,false,false,false,true,expert_human_reviewer,2026-10-05,,background_edit,(same as original)
gqa-2366749,Do you see napkins to the left of the hot dog that is on the right side?,background_neutral,F:\Sadik\semantic-causal-pathway\.venv\data\vqa_v2\variants\gqa-2366749__background_neutral.png,false,false,false,true,expert_human_reviewer,2026-10-05,,background_edit,(same as original)
gqa-2366749,Do you see napkins to the left of the hot dog that is on the right side?,jpeg_quality_10,F:\Sadik\semantic-causal-pathway\.venv\data\vqa_v2\variants\gqa-2366749__jpeg_quality_10.png,false,false,false,true,expert_human_reviewer,2026-10-05,,jpeg_compression,(rejected)
gqa-2366749,Do you see napkins to the left of the hot dog that is on the right side?,jpeg_quality_20,F:\Sadik\semantic-causal-pathway\.venv\data\vqa_v2\variants\gqa-2366749__jpeg_quality_20.png,false,false,false,true,expert_human_reviewer,2026-10-05,,jpeg_compression,(rejected)
gqa-2366749,Do you see napkins to the left of the hot dog that is on the right side?,translate_left_15pct,F:\Sadik\semantic-causal-pathway\.venv\data\vqa_v2\variants\gqa-2366749__translate_left_15pct.png,false,false,false,true,expert_human_reviewer,2026-10-05,,translation,(rejected)
gqa-2366749,Do you see napkins to the left of the hot dog that is on the right side?,contrast_2.0,F:\Sadik\semantic-causal-pathway\.venv\data\vqa_v2\variants\gqa-2366749__contrast_2.0.png,false,false,false,true,expert_human_reviewer,2026-10-05,,unclassified,(rejected)
gqa-2347379,What is the flour sitting on?,brightness_0.97,F:\Sadik\semantic-causal-pathway\.venv\data\vqa_v2\variants\gqa-2347379__brightness_0.97.png,false,false,false,true,expert_human_reviewer,2026-10-05,,photometric,(same as original)
gqa-2347379,What is the flour sitting on?,contrast_1.03,F:\Sadik\semantic-causal-pathway\.venv\data\vqa_v2\variants\gqa-2347379__contrast_1.03.png,false,false,false,true,expert_human_reviewer,2026-10-05,,photometric,(same as original)
gqa-2347379,What is the flour sitting on?,jpeg_quality_92,F:\Sadik\semantic-causal-pathway\.venv\data\vqa_v2\variants\gqa-2347379__jpeg_quality_92.png,true,true,true,true,expert_human_reviewer,2026-10-05,probe,jpeg_compression,(same as original)
gqa-2347379,What is the flour sitting on?,jpeg_quality_98,F:\Sadik\semantic-causal-pathway\.venv\data\vqa_v2\variants\gqa-2347379__jpeg_quality_98.png,true,true,true,true,expert_human_reviewer,2026-10-05,probe,jpeg_compression,(same as original)
gqa-2347379,What is the flour sitting on?,translate_left_2pct,F:\Sadik\semantic-causal-pathway\.venv\data\vqa_v2\variants\gqa-2347379__translate_left_2pct.png,true,true,true,true,expert_human_reviewer,2026-10-05,heldout,translation,variants/masks/gqa-2347379__translate_left_2pct.png
gqa-2347379,What is the flour sitting on?,translate_right_2pct,F:\Sadik\semantic-causal-pathway\.venv\data\vqa_v2\variants\gqa-2347379__translate_right_2pct.png,true,true,true,true,expert_human_reviewer,2026-10-05,heldout,translation,variants/masks/gqa-2347379__translate_right_2pct.png
gqa-2347379,What is the flour sitting on?,translate_up_2pct,F:\Sadik\semantic-causal-pathway\.venv\data\vqa_v2\variants\gqa-2347379__translate_up_2pct.png,false,false,false,true,expert_human_reviewer,2026-10-05,,translation,variants/masks/gqa-2347379__translate_up_2pct.png
gqa-2347379,What is the flour sitting on?,translate_down_2pct,F:\Sadik\semantic-causal-pathway\.venv\data\vqa_v2\variants\gqa-2347379__translate_down_2pct.png,false,false,false,true,expert_human_reviewer,2026-10-05,,translation,variants/masks/gqa-2347379__translate_down_2pct.png
gqa-2347379,What is the flour sitting on?,background_blur,F:\Sadik\semantic-causal-pathway\.venv\data\vqa_v2\variants\gqa-2347379__background_blur.png,false,false,false,true,expert_human_reviewer,2026-10-05,,background_edit,(same as original)
gqa-2347379,What is the flour sitting on?,background_neutral,F:\Sadik\semantic-causal-pathway\.venv\data\vqa_v2\variants\gqa-2347379__background_neutral.png,false,false,false,true,expert_human_reviewer,2026-10-05,,background_edit,(same as original)
gqa-2347379,What is the flour sitting on?,jpeg_quality_10,F:\Sadik\semantic-causal-pathway\.venv\data\vqa_v2\variants\gqa-2347379__jpeg_quality_10.png,false,false,false,true,expert_human_reviewer,2026-10-05,,jpeg_compression,(rejected)
gqa-2347379,What is the flour sitting on?,jpeg_quality_20,F:\Sadik\semantic-causal-pathway\.venv\data\vqa_v2\variants\gqa-2347379__jpeg_quality_20.png,false,false,false,true,expert_human_reviewer,2026-10-05,,jpeg_compression,(rejected)
gqa-2347379,What is the flour sitting on?,translate_left_15pct,F:\Sadik\semantic-causal-pathway\.venv\data\vqa_v2\variants\gqa-2347379__translate_left_15pct.png,false,false,false,true,expert_human_reviewer,2026-10-05,,translation,(rejected)
gqa-2347379,What is the flour sitting on?,contrast_2.0,F:\Sadik\semantic-causal-pathway\.venv\data\vqa_v2\variants\gqa-2347379__contrast_2.0.png,false,false,false,true,expert_human_reviewer,2026-10-05,,unclassified,(rejected)
vqav2-471446,Is there a light on?,brightness_0.97,F:\Sadik\semantic-causal-pathway\.venv\data\vqa_v2\variants\vqav2-471446__brightness_0.97.png,false,false,false,true,expert_human_reviewer,2026-10-05,,photometric,(same as original)
vqav2-471446,Is there a light on?,contrast_1.03,F:\Sadik\semantic-causal-pathway\.venv\data\vqa_v2\variants\vqav2-471446__contrast_1.03.png,false,false,false,true,expert_human_reviewer,2026-10-05,,photometric,(same as original)
vqav2-471446,Is there a light on?,jpeg_quality_92,F:\Sadik\semantic-causal-pathway\.venv\data\vqa_v2\variants\vqav2-471446__jpeg_quality_92.png,true,true,true,true,expert_human_reviewer,2026-10-05,probe,jpeg_compression,(same as original)
vqav2-471446,Is there a light on?,jpeg_quality_98,F:\Sadik\semantic-causal-pathway\.venv\data\vqa_v2\variants\vqav2-471446__jpeg_quality_98.png,true,true,true,true,expert_human_reviewer,2026-10-05,probe,jpeg_compression,(same as original)
vqav2-471446,Is there a light on?,translate_left_2pct,F:\Sadik\semantic-causal-pathway\.venv\data\vqa_v2\variants\vqav2-471446__translate_left_2pct.png,true,true,true,true,expert_human_reviewer,2026-10-05,heldout,translation,variants/masks/vqav2-471446__translate_left_2pct.png
vqav2-471446,Is there a light on?,translate_right_2pct,F:\Sadik\semantic-causal-pathway\.venv\data\vqa_v2\variants\vqav2-471446__translate_right_2pct.png,true,true,true,true,expert_human_reviewer,2026-10-05,heldout,translation,variants/masks/vqav2-471446__translate_right_2pct.png
vqav2-471446,Is there a light on?,translate_up_2pct,F:\Sadik\semantic-causal-pathway\.venv\data\vqa_v2\variants\vqav2-471446__translate_up_2pct.png,false,false,false,true,expert_human_reviewer,2026-10-05,,translation,variants/masks/vqav2-471446__translate_up_2pct.png
vqav2-471446,Is there a light on?,translate_down_2pct,F:\Sadik\semantic-causal-pathway\.venv\data\vqa_v2\variants\vqav2-471446__translate_down_2pct.png,false,false,false,true,expert_human_reviewer,2026-10-05,,translation,variants/masks/vqav2-471446__translate_down_2pct.png
vqav2-471446,Is there a light on?,background_blur,F:\Sadik\semantic-causal-pathway\.venv\data\vqa_v2\variants\vqav2-471446__background_blur.png,false,false,false,true,expert_human_reviewer,2026-10-05,,background_edit,(same as original)
vqav2-471446,Is there a light on?,background_neutral,F:\Sadik\semantic-causal-pathway\.venv\data\vqa_v2\variants\vqav2-471446__background_neutral.png,false,false,false,true,expert_human_reviewer,2026-10-05,,background_edit,(same as original)
vqav2-471446,Is there a light on?,jpeg_quality_10,F:\Sadik\semantic-causal-pathway\.venv\data\vqa_v2\variants\vqav2-471446__jpeg_quality_10.png,false,false,false,true,expert_human_reviewer,2026-10-05,,jpeg_compression,(rejected)
vqav2-471446,Is there a light on?,jpeg_quality_20,F:\Sadik\semantic-causal-pathway\.venv\data\vqa_v2\variants\vqav2-471446__jpeg_quality_20.png,false,false,false,true,expert_human_reviewer,2026-10-05,,jpeg_compression,(rejected)
vqav2-471446,Is there a light on?,translate_left_15pct,F:\Sadik\semantic-causal-pathway\.venv\data\vqa_v2\variants\vqav2-471446__translate_left_15pct.png,false,false,false,true,expert_human_reviewer,2026-10-05,,translation,(rejected)
vqav2-471446,Is there a light on?,contrast_2.0,F:\Sadik\semantic-causal-pathway\.venv\data\vqa_v2\variants\vqav2-471446__contrast_2.0.png,false,false,false,true,expert_human_reviewer,2026-10-05,,unclassified,(rejected)
vqav2-154711,Is this painted?,brightness_0.97,F:\Sadik\semantic-causal-pathway\.venv\data\vqa_v2\variants\vqav2-154711__brightness_0.97.png,false,false,false,true,expert_human_reviewer,2026-10-05,,photometric,(same as original)
vqav2-154711,Is this painted?,contrast_1.03,F:\Sadik\semantic-causal-pathway\.venv\data\vqa_v2\variants\vqav2-154711__contrast_1.03.png,false,false,false,true,expert_human_reviewer,2026-10-05,,photometric,(same as original)
vqav2-154711,Is this painted?,jpeg_quality_92,F:\Sadik\semantic-causal-pathway\.venv\data\vqa_v2\variants\vqav2-154711__jpeg_quality_92.png,true,true,true,true,expert_human_reviewer,2026-10-05,probe,jpeg_compression,(same as original)
vqav2-154711,Is this painted?,jpeg_quality_98,F:\Sadik\semantic-causal-pathway\.venv\data\vqa_v2\variants\vqav2-154711__jpeg_quality_98.png,true,true,true,true,expert_human_reviewer,2026-10-05,probe,jpeg_compression,(same as original)
vqav2-154711,Is this painted?,translate_left_2pct,F:\Sadik\semantic-causal-pathway\.venv\data\vqa_v2\variants\vqav2-154711__translate_left_2pct.png,true,true,true,true,expert_human_reviewer,2026-10-05,heldout,translation,variants/masks/vqav2-154711__translate_left_2pct.png
vqav2-154711,Is this painted?,translate_right_2pct,F:\Sadik\semantic-causal-pathway\.venv\data\vqa_v2\variants\vqav2-154711__translate_right_2pct.png,true,true,true,true,expert_human_reviewer,2026-10-05,heldout,translation,variants/masks/vqav2-154711__translate_right_2pct.png
vqav2-154711,Is this painted?,translate_up_2pct,F:\Sadik\semantic-causal-pathway\.venv\data\vqa_v2\variants\vqav2-154711__translate_up_2pct.png,false,false,false,true,expert_human_reviewer,2026-10-05,,translation,variants/masks/vqav2-154711__translate_up_2pct.png
vqav2-154711,Is this painted?,translate_down_2pct,F:\Sadik\semantic-causal-pathway\.venv\data\vqa_v2\variants\vqav2-154711__translate_down_2pct.png,false,false,false,true,expert_human_reviewer,2026-10-05,,translation,variants/masks/vqav2-154711__translate_down_2pct.png
vqav2-154711,Is this painted?,background_blur,F:\Sadik\semantic-causal-pathway\.venv\data\vqa_v2\variants\vqav2-154711__background_blur.png,false,false,false,true,expert_human_reviewer,2026-10-05,,background_edit,(same as original)
vqav2-154711,Is this painted?,background_neutral,F:\Sadik\semantic-causal-pathway\.venv\data\vqa_v2\variants\vqav2-154711__background_neutral.png,false,false,false,true,expert_human_reviewer,2026-10-05,,background_edit,(same as original)
vqav2-154711,Is this painted?,jpeg_quality_10,F:\Sadik\semantic-causal-pathway\.venv\data\vqa_v2\variants\vqav2-154711__jpeg_quality_10.png,false,false,false,true,expert_human_reviewer,2026-10-05,,jpeg_compression,(rejected)
vqav2-154711,Is this painted?,jpeg_quality_20,F:\Sadik\semantic-causal-pathway\.venv\data\vqa_v2\variants\vqav2-154711__jpeg_quality_20.png,false,false,false,true,expert_human_reviewer,2026-10-05,,jpeg_compression,(rejected)
vqav2-154711,Is this painted?,translate_left_15pct,F:\Sadik\semantic-causal-pathway\.venv\data\vqa_v2\variants\vqav2-154711__translate_left_15pct.png,false,false,false,true,expert_human_reviewer,2026-10-05,,translation,(rejected)
vqav2-154711,Is this painted?,contrast_2.0,F:\Sadik\semantic-causal-pathway\.venv\data\vqa_v2\variants\vqav2-154711__contrast_2.0.png,false,false,false,true,expert_human_reviewer,2026-10-05,,unclassified,(rejected)
vqav2-502982,Is the man playing a sport?,brightness_0.97,F:\Sadik\semantic-causal-pathway\.venv\data\vqa_v2\variants\vqav2-502982__brightness_0.97.png,false,false,false,true,expert_human_reviewer,2026-10-05,,photometric,(same as original)
vqav2-502982,Is the man playing a sport?,contrast_1.03,F:\Sadik\semantic-causal-pathway\.venv\data\vqa_v2\variants\vqav2-502982__contrast_1.03.png,false,false,false,true,expert_human_reviewer,2026-10-05,,photometric,(same as original)
vqav2-502982,Is the man playing a sport?,jpeg_quality_92,F:\Sadik\semantic-causal-pathway\.venv\data\vqa_v2\variants\vqav2-502982__jpeg_quality_92.png,true,true,true,true,expert_human_reviewer,2026-10-05,probe,jpeg_compression,(same as original)
vqav2-502982,Is the man playing a sport?,jpeg_quality_98,F:\Sadik\semantic-causal-pathway\.venv\data\vqa_v2\variants\vqav2-502982__jpeg_quality_98.png,true,true,true,true,expert_human_reviewer,2026-10-05,probe,jpeg_compression,(same as original)
vqav2-502982,Is the man playing a sport?,translate_left_2pct,F:\Sadik\semantic-causal-pathway\.venv\data\vqa_v2\variants\vqav2-502982__translate_left_2pct.png,true,true,true,true,expert_human_reviewer,2026-10-05,heldout,translation,variants/masks/vqav2-502982__translate_left_2pct.png
vqav2-502982,Is the man playing a sport?,translate_right_2pct,F:\Sadik\semantic-causal-pathway\.venv\data\vqa_v2\variants\vqav2-502982__translate_right_2pct.png,true,true,true,true,expert_human_reviewer,2026-10-05,heldout,translation,variants/masks/vqav2-502982__translate_right_2pct.png
vqav2-502982,Is the man playing a sport?,translate_up_2pct,F:\Sadik\semantic-causal-pathway\.venv\data\vqa_v2\variants\vqav2-502982__translate_up_2pct.png,false,false,false,true,expert_human_reviewer,2026-10-05,,translation,variants/masks/vqav2-502982__translate_up_2pct.png
vqav2-502982,Is the man playing a sport?,translate_down_2pct,F:\Sadik\semantic-causal-pathway\.venv\data\vqa_v2\variants\vqav2-502982__translate_down_2pct.png,false,false,false,true,expert_human_reviewer,2026-10-05,,translation,variants/masks/vqav2-502982__translate_down_2pct.png
vqav2-502982,Is the man playing a sport?,background_blur,F:\Sadik\semantic-causal-pathway\.venv\data\vqa_v2\variants\vqav2-502982__background_blur.png,false,false,false,true,expert_human_reviewer,2026-10-05,,background_edit,(same as original)
vqav2-502982,Is the man playing a sport?,background_neutral,F:\Sadik\semantic-causal-pathway\.venv\data\vqa_v2\variants\vqav2-502982__background_neutral.png,false,false,false,true,expert_human_reviewer,2026-10-05,,background_edit,(same as original)
vqav2-502982,Is the man playing a sport?,jpeg_quality_10,F:\Sadik\semantic-causal-pathway\.venv\data\vqa_v2\variants\vqav2-502982__jpeg_quality_10.png,false,false,false,true,expert_human_reviewer,2026-10-05,,jpeg_compression,(rejected)
vqav2-502982,Is the man playing a sport?,jpeg_quality_20,F:\Sadik\semantic-causal-pathway\.venv\data\vqa_v2\variants\vqav2-502982__jpeg_quality_20.png,false,false,false,true,expert_human_reviewer,2026-10-05,,jpeg_compression,(rejected)
vqav2-502982,Is the man playing a sport?,translate_left_15pct,F:\Sadik\semantic-causal-pathway\.venv\data\vqa_v2\variants\vqav2-502982__translate_left_15pct.png,false,false,false,true,expert_human_reviewer,2026-10-05,,translation,(rejected)
vqav2-502982,Is the man playing a sport?,contrast_2.0,F:\Sadik\semantic-causal-pathway\.venv\data\vqa_v2\variants\vqav2-502982__contrast_2.0.png,false,false,false,true,expert_human_reviewer,2026-10-05,,unclassified,(rejected)
gqa-2373388,Is the racket to the right or to the left of the person in the middle?,brightness_0.97,F:\Sadik\semantic-causal-pathway\.venv\data\vqa_v2\variants\gqa-2373388__brightness_0.97.png,false,false,false,true,expert_human_reviewer,2026-10-05,,photometric,(same as original)
gqa-2373388,Is the racket to the right or to the left of the person in the middle?,contrast_1.03,F:\Sadik\semantic-causal-pathway\.venv\data\vqa_v2\variants\gqa-2373388__contrast_1.03.png,false,false,false,true,expert_human_reviewer,2026-10-05,,photometric,(same as original)
gqa-2373388,Is the racket to the right or to the left of the person in the middle?,jpeg_quality_92,F:\Sadik\semantic-causal-pathway\.venv\data\vqa_v2\variants\gqa-2373388__jpeg_quality_92.png,true,true,true,true,expert_human_reviewer,2026-10-05,probe,jpeg_compression,(same as original)
gqa-2373388,Is the racket to the right or to the left of the person in the middle?,jpeg_quality_98,F:\Sadik\semantic-causal-pathway\.venv\data\vqa_v2\variants\gqa-2373388__jpeg_quality_98.png,true,true,true,true,expert_human_reviewer,2026-10-05,probe,jpeg_compression,(same as original)
gqa-2373388,Is the racket to the right or to the left of the person in the middle?,translate_left_2pct,F:\Sadik\semantic-causal-pathway\.venv\data\vqa_v2\variants\gqa-2373388__translate_left_2pct.png,true,true,true,true,expert_human_reviewer,2026-10-05,heldout,translation,variants/masks/gqa-2373388__translate_left_2pct.png
gqa-2373388,Is the racket to the right or to the left of the person in the middle?,translate_right_2pct,F:\Sadik\semantic-causal-pathway\.venv\data\vqa_v2\variants\gqa-2373388__translate_right_2pct.png,true,true,true,true,expert_human_reviewer,2026-10-05,heldout,translation,variants/masks/gqa-2373388__translate_right_2pct.png
gqa-2373388,Is the racket to the right or to the left of the person in the middle?,translate_up_2pct,F:\Sadik\semantic-causal-pathway\.venv\data\vqa_v2\variants\gqa-2373388__translate_up_2pct.png,false,false,false,true,expert_human_reviewer,2026-10-05,,translation,variants/masks/gqa-2373388__translate_up_2pct.png
gqa-2373388,Is the racket to the right or to the left of the person in the middle?,translate_down_2pct,F:\Sadik\semantic-causal-pathway\.venv\data\vqa_v2\variants\gqa-2373388__translate_down_2pct.png,false,false,false,true,expert_human_reviewer,2026-10-05,,translation,variants/masks/gqa-2373388__translate_down_2pct.png
gqa-2373388,Is the racket to the right or to the left of the person in the middle?,background_blur,F:\Sadik\semantic-causal-pathway\.venv\data\vqa_v2\variants\gqa-2373388__background_blur.png,false,false,false,true,expert_human_reviewer,2026-10-05,,background_edit,(same as original)
gqa-2373388,Is the racket to the right or to the left of the person in the middle?,background_neutral,F:\Sadik\semantic-causal-pathway\.venv\data\vqa_v2\variants\gqa-2373388__background_neutral.png,false,false,false,true,expert_human_reviewer,2026-10-05,,background_edit,(same as original)
gqa-2373388,Is the racket to the right or to the left of the person in the middle?,jpeg_quality_10,F:\Sadik\semantic-causal-pathway\.venv\data\vqa_v2\variants\gqa-2373388__jpeg_quality_10.png,false,false,false,true,expert_human_reviewer,2026-10-05,,jpeg_compression,(rejected)
gqa-2373388,Is the racket to the right or to the left of the person in the middle?,jpeg_quality_20,F:\Sadik\semantic-causal-pathway\.venv\data\vqa_v2\variants\gqa-2373388__jpeg_quality_20.png,false,false,false,true,expert_human_reviewer,2026-10-05,,jpeg_compression,(rejected)
gqa-2373388,Is the racket to the right or to the left of the person in the middle?,translate_left_15pct,F:\Sadik\semantic-causal-pathway\.venv\data\vqa_v2\variants\gqa-2373388__translate_left_15pct.png,false,false,false,true,expert_human_reviewer,2026-10-05,,translation,(rejected)
gqa-2373388,Is the racket to the right or to the left of the person in the middle?,contrast_2.0,F:\Sadik\semantic-causal-pathway\.venv\data\vqa_v2\variants\gqa-2373388__contrast_2.0.png,false,false,false,true,expert_human_reviewer,2026-10-05,,unclassified,(rejected)
gqa-2326675,Who is wearing the headband?,brightness_0.97,F:\Sadik\semantic-causal-pathway\.venv\data\vqa_v2\variants\gqa-2326675__brightness_0.97.png,false,false,false,true,expert_human_reviewer,2026-10-05,,photometric,(same as original)
gqa-2326675,Who is wearing the headband?,contrast_1.03,F:\Sadik\semantic-causal-pathway\.venv\data\vqa_v2\variants\gqa-2326675__contrast_1.03.png,false,false,false,true,expert_human_reviewer,2026-10-05,,photometric,(same as original)
gqa-2326675,Who is wearing the headband?,jpeg_quality_92,F:\Sadik\semantic-causal-pathway\.venv\data\vqa_v2\variants\gqa-2326675__jpeg_quality_92.png,true,true,true,true,expert_human_reviewer,2026-10-05,probe,jpeg_compression,(same as original)
gqa-2326675,Who is wearing the headband?,jpeg_quality_98,F:\Sadik\semantic-causal-pathway\.venv\data\vqa_v2\variants\gqa-2326675__jpeg_quality_98.png,true,true,true,true,expert_human_reviewer,2026-10-05,probe,jpeg_compression,(same as original)
gqa-2326675,Who is wearing the headband?,translate_left_2pct,F:\Sadik\semantic-causal-pathway\.venv\data\vqa_v2\variants\gqa-2326675__translate_left_2pct.png,true,true,true,true,expert_human_reviewer,2026-10-05,heldout,translation,variants/masks/gqa-2326675__translate_left_2pct.png
gqa-2326675,Who is wearing the headband?,translate_right_2pct,F:\Sadik\semantic-causal-pathway\.venv\data\vqa_v2\variants\gqa-2326675__translate_right_2pct.png,true,true,true,true,expert_human_reviewer,2026-10-05,heldout,translation,variants/masks/gqa-2326675__translate_right_2pct.png
gqa-2326675,Who is wearing the headband?,translate_up_2pct,F:\Sadik\semantic-causal-pathway\.venv\data\vqa_v2\variants\gqa-2326675__translate_up_2pct.png,false,false,false,true,expert_human_reviewer,2026-10-05,,translation,variants/masks/gqa-2326675__translate_up_2pct.png
gqa-2326675,Who is wearing the headband?,translate_down_2pct,F:\Sadik\semantic-causal-pathway\.venv\data\vqa_v2\variants\gqa-2326675__translate_down_2pct.png,false,false,false,true,expert_human_reviewer,2026-10-05,,translation,variants/masks/gqa-2326675__translate_down_2pct.png
gqa-2326675,Who is wearing the headband?,background_blur,F:\Sadik\semantic-causal-pathway\.venv\data\vqa_v2\variants\gqa-2326675__background_blur.png,false,false,false,true,expert_human_reviewer,2026-10-05,,background_edit,(same as original)
gqa-2326675,Who is wearing the headband?,background_neutral,F:\Sadik\semantic-causal-pathway\.venv\data\vqa_v2\variants\gqa-2326675__background_neutral.png,false,false,false,true,expert_human_reviewer,2026-10-05,,background_edit,(same as original)
gqa-2326675,Who is wearing the headband?,jpeg_quality_10,F:\Sadik\semantic-causal-pathway\.venv\data\vqa_v2\variants\gqa-2326675__jpeg_quality_10.png,false,false,false,true,expert_human_reviewer,2026-10-05,,jpeg_compression,(rejected)
gqa-2326675,Who is wearing the headband?,jpeg_quality_20,F:\Sadik\semantic-causal-pathway\.venv\data\vqa_v2\variants\gqa-2326675__jpeg_quality_20.png,false,false,false,true,expert_human_reviewer,2026-10-05,,jpeg_compression,(rejected)
gqa-2326675,Who is wearing the headband?,translate_left_15pct,F:\Sadik\semantic-causal-pathway\.venv\data\vqa_v2\variants\gqa-2326675__translate_left_15pct.png,false,false,false,true,expert_human_reviewer,2026-10-05,,translation,(rejected)
gqa-2326675,Who is wearing the headband?,contrast_2.0,F:\Sadik\semantic-causal-pathway\.venv\data\vqa_v2\variants\gqa-2326675__contrast_2.0.png,false,false,false,true,expert_human_reviewer,2026-10-05,,unclassified,(rejected)
gqa-2398774,"What color is the jacket, brown or green?",jpeg_quality_90,F:\Sadik\semantic-causal-pathway\.venv\data\vqa_v2\variants\gqa-2398774__jpeg_quality_90.png,false,false,false,true,expert_human_reviewer,2026-10-05,,jpeg_compression,(same as original)
gqa-2398774,"What color is the jacket, brown or green?",jpeg_quality_92,F:\Sadik\semantic-causal-pathway\.venv\data\vqa_v2\variants\gqa-2398774__jpeg_quality_92.png,true,true,true,true,expert_human_reviewer,2026-10-05,probe,jpeg_compression,(same as original)
gqa-2398774,"What color is the jacket, brown or green?",jpeg_quality_95,F:\Sadik\semantic-causal-pathway\.venv\data\vqa_v2\variants\gqa-2398774__jpeg_quality_95.png,false,false,false,true,expert_human_reviewer,2026-10-05,,jpeg_compression,(same as original)
gqa-2398774,"What color is the jacket, brown or green?",jpeg_quality_98,F:\Sadik\semantic-causal-pathway\.venv\data\vqa_v2\variants\gqa-2398774__jpeg_quality_98.png,true,true,true,true,expert_human_reviewer,2026-10-05,probe,jpeg_compression,(same as original)
gqa-2398774,"What color is the jacket, brown or green?",translate_left_2pct,F:\Sadik\semantic-causal-pathway\.venv\data\vqa_v2\variants\gqa-2398774__translate_left_2pct.png,true,true,true,true,expert_human_reviewer,2026-10-05,heldout,translation,variants/masks/gqa-2398774__translate_left_2pct.png
gqa-2398774,"What color is the jacket, brown or green?",translate_right_2pct,F:\Sadik\semantic-causal-pathway\.venv\data\vqa_v2\variants\gqa-2398774__translate_right_2pct.png,true,true,true,true,expert_human_reviewer,2026-10-05,heldout,translation,variants/masks/gqa-2398774__translate_right_2pct.png
gqa-2398774,"What color is the jacket, brown or green?",translate_up_2pct,F:\Sadik\semantic-causal-pathway\.venv\data\vqa_v2\variants\gqa-2398774__translate_up_2pct.png,false,false,false,true,expert_human_reviewer,2026-10-05,,translation,variants/masks/gqa-2398774__translate_up_2pct.png
gqa-2398774,"What color is the jacket, brown or green?",translate_down_2pct,F:\Sadik\semantic-causal-pathway\.venv\data\vqa_v2\variants\gqa-2398774__translate_down_2pct.png,false,false,false,true,expert_human_reviewer,2026-10-05,,translation,variants/masks/gqa-2398774__translate_down_2pct.png
gqa-2398774,"What color is the jacket, brown or green?",background_blur,F:\Sadik\semantic-causal-pathway\.venv\data\vqa_v2\variants\gqa-2398774__background_blur.png,false,false,false,true,expert_human_reviewer,2026-10-05,,background_edit,(same as original)
gqa-2398774,"What color is the jacket, brown or green?",background_neutral,F:\Sadik\semantic-causal-pathway\.venv\data\vqa_v2\variants\gqa-2398774__background_neutral.png,false,false,false,true,expert_human_reviewer,2026-10-05,,background_edit,(same as original)
gqa-2398774,"What color is the jacket, brown or green?",jpeg_quality_10,F:\Sadik\semantic-causal-pathway\.venv\data\vqa_v2\variants\gqa-2398774__jpeg_quality_10.png,false,false,false,true,expert_human_reviewer,2026-10-05,,jpeg_compression,(rejected)
gqa-2398774,"What color is the jacket, brown or green?",jpeg_quality_20,F:\Sadik\semantic-causal-pathway\.venv\data\vqa_v2\variants\gqa-2398774__jpeg_quality_20.png,false,false,false,true,expert_human_reviewer,2026-10-05,,jpeg_compression,(rejected)
gqa-2398774,"What color is the jacket, brown or green?",translate_left_15pct,F:\Sadik\semantic-causal-pathway\.venv\data\vqa_v2\variants\gqa-2398774__translate_left_15pct.png,false,false,false,true,expert_human_reviewer,2026-10-05,,translation,(rejected)
gqa-2398774,"What color is the jacket, brown or green?",contrast_2.0,F:\Sadik\semantic-causal-pathway\.venv\data\vqa_v2\variants\gqa-2398774__contrast_2.0.png,false,false,false,true,expert_human_reviewer,2026-10-05,,unclassified,(rejected)
gqa-2324683,Does the coat look long sleeved and orange?,brightness_0.97,F:\Sadik\semantic-causal-pathway\.venv\data\vqa_v2\variants\gqa-2324683__brightness_0.97.png,false,false,false,true,expert_human_reviewer,2026-10-05,,photometric,(same as original)
gqa-2324683,Does the coat look long sleeved and orange?,contrast_1.03,F:\Sadik\semantic-causal-pathway\.venv\data\vqa_v2\variants\gqa-2324683__contrast_1.03.png,false,false,false,true,expert_human_reviewer,2026-10-05,,photometric,(same as original)
gqa-2324683,Does the coat look long sleeved and orange?,jpeg_quality_92,F:\Sadik\semantic-causal-pathway\.venv\data\vqa_v2\variants\gqa-2324683__jpeg_quality_92.png,true,true,true,true,expert_human_reviewer,2026-10-05,probe,jpeg_compression,(same as original)
gqa-2324683,Does the coat look long sleeved and orange?,jpeg_quality_98,F:\Sadik\semantic-causal-pathway\.venv\data\vqa_v2\variants\gqa-2324683__jpeg_quality_98.png,true,true,true,true,expert_human_reviewer,2026-10-05,probe,jpeg_compression,(same as original)
gqa-2324683,Does the coat look long sleeved and orange?,translate_left_2pct,F:\Sadik\semantic-causal-pathway\.venv\data\vqa_v2\variants\gqa-2324683__translate_left_2pct.png,true,true,true,true,expert_human_reviewer,2026-10-05,heldout,translation,variants/masks/gqa-2324683__translate_left_2pct.png
gqa-2324683,Does the coat look long sleeved and orange?,translate_right_2pct,F:\Sadik\semantic-causal-pathway\.venv\data\vqa_v2\variants\gqa-2324683__translate_right_2pct.png,true,true,true,true,expert_human_reviewer,2026-10-05,heldout,translation,variants/masks/gqa-2324683__translate_right_2pct.png
gqa-2324683,Does the coat look long sleeved and orange?,translate_up_2pct,F:\Sadik\semantic-causal-pathway\.venv\data\vqa_v2\variants\gqa-2324683__translate_up_2pct.png,false,false,false,true,expert_human_reviewer,2026-10-05,,translation,variants/masks/gqa-2324683__translate_up_2pct.png
gqa-2324683,Does the coat look long sleeved and orange?,translate_down_2pct,F:\Sadik\semantic-causal-pathway\.venv\data\vqa_v2\variants\gqa-2324683__translate_down_2pct.png,false,false,false,true,expert_human_reviewer,2026-10-05,,translation,variants/masks/gqa-2324683__translate_down_2pct.png
gqa-2324683,Does the coat look long sleeved and orange?,background_blur,F:\Sadik\semantic-causal-pathway\.venv\data\vqa_v2\variants\gqa-2324683__background_blur.png,false,false,false,true,expert_human_reviewer,2026-10-05,,background_edit,(same as original)
gqa-2324683,Does the coat look long sleeved and orange?,background_neutral,F:\Sadik\semantic-causal-pathway\.venv\data\vqa_v2\variants\gqa-2324683__background_neutral.png,false,false,false,true,expert_human_reviewer,2026-10-05,,background_edit,(same as original)
gqa-2324683,Does the coat look long sleeved and orange?,jpeg_quality_10,F:\Sadik\semantic-causal-pathway\.venv\data\vqa_v2\variants\gqa-2324683__jpeg_quality_10.png,false,false,false,true,expert_human_reviewer,2026-10-05,,jpeg_compression,(rejected)
gqa-2324683,Does the coat look long sleeved and orange?,jpeg_quality_20,F:\Sadik\semantic-causal-pathway\.venv\data\vqa_v2\variants\gqa-2324683__jpeg_quality_20.png,false,false,false,true,expert_human_reviewer,2026-10-05,,jpeg_compression,(rejected)
gqa-2324683,Does the coat look long sleeved and orange?,translate_left_15pct,F:\Sadik\semantic-causal-pathway\.venv\data\vqa_v2\variants\gqa-2324683__translate_left_15pct.png,false,false,false,true,expert_human_reviewer,2026-10-05,,translation,(rejected)
gqa-2324683,Does the coat look long sleeved and orange?,contrast_2.0,F:\Sadik\semantic-causal-pathway\.venv\data\vqa_v2\variants\gqa-2324683__contrast_2.0.png,false,false,false,true,expert_human_reviewer,2026-10-05,,unclassified,(rejected)
vqav2-287550,What is on the person's head and back?,brightness_0.97,F:\Sadik\semantic-causal-pathway\.venv\data\vqa_v2\variants\vqav2-287550__brightness_0.97.png,false,false,false,true,expert_human_reviewer,2026-10-05,,photometric,(same as original)
vqav2-287550,What is on the person's head and back?,contrast_1.03,F:\Sadik\semantic-causal-pathway\.venv\data\vqa_v2\variants\vqav2-287550__contrast_1.03.png,false,false,false,true,expert_human_reviewer,2026-10-05,,photometric,(same as original)
vqav2-287550,What is on the person's head and back?,jpeg_quality_92,F:\Sadik\semantic-causal-pathway\.venv\data\vqa_v2\variants\vqav2-287550__jpeg_quality_92.png,true,true,true,true,expert_human_reviewer,2026-10-05,probe,jpeg_compression,(same as original)
vqav2-287550,What is on the person's head and back?,jpeg_quality_98,F:\Sadik\semantic-causal-pathway\.venv\data\vqa_v2\variants\vqav2-287550__jpeg_quality_98.png,true,true,true,true,expert_human_reviewer,2026-10-05,probe,jpeg_compression,(same as original)
vqav2-287550,What is on the person's head and back?,translate_left_2pct,F:\Sadik\semantic-causal-pathway\.venv\data\vqa_v2\variants\vqav2-287550__translate_left_2pct.png,true,true,true,true,expert_human_reviewer,2026-10-05,heldout,translation,variants/masks/vqav2-287550__translate_left_2pct.png
vqav2-287550,What is on the person's head and back?,translate_right_2pct,F:\Sadik\semantic-causal-pathway\.venv\data\vqa_v2\variants\vqav2-287550__translate_right_2pct.png,true,true,true,true,expert_human_reviewer,2026-10-05,heldout,translation,variants/masks/vqav2-287550__translate_right_2pct.png
vqav2-287550,What is on the person's head and back?,translate_up_2pct,F:\Sadik\semantic-causal-pathway\.venv\data\vqa_v2\variants\vqav2-287550__translate_up_2pct.png,false,false,false,true,expert_human_reviewer,2026-10-05,,translation,variants/masks/vqav2-287550__translate_up_2pct.png
vqav2-287550,What is on the person's head and back?,translate_down_2pct,F:\Sadik\semantic-causal-pathway\.venv\data\vqa_v2\variants\vqav2-287550__translate_down_2pct.png,false,false,false,true,expert_human_reviewer,2026-10-05,,translation,variants/masks/vqav2-287550__translate_down_2pct.png
vqav2-287550,What is on the person's head and back?,background_blur,F:\Sadik\semantic-causal-pathway\.venv\data\vqa_v2\variants\vqav2-287550__background_blur.png,false,false,false,true,expert_human_reviewer,2026-10-05,,background_edit,(same as original)
vqav2-287550,What is on the person's head and back?,background_neutral,F:\Sadik\semantic-causal-pathway\.venv\data\vqa_v2\variants\vqav2-287550__background_neutral.png,false,false,false,true,expert_human_reviewer,2026-10-05,,background_edit,(same as original)
vqav2-287550,What is on the person's head and back?,jpeg_quality_10,F:\Sadik\semantic-causal-pathway\.venv\data\vqa_v2\variants\vqav2-287550__jpeg_quality_10.png,false,false,false,true,expert_human_reviewer,2026-10-05,,jpeg_compression,(rejected)
vqav2-287550,What is on the person's head and back?,jpeg_quality_20,F:\Sadik\semantic-causal-pathway\.venv\data\vqa_v2\variants\vqav2-287550__jpeg_quality_20.png,false,false,false,true,expert_human_reviewer,2026-10-05,,jpeg_compression,(rejected)
vqav2-287550,What is on the person's head and back?,translate_left_15pct,F:\Sadik\semantic-causal-pathway\.venv\data\vqa_v2\variants\vqav2-287550__translate_left_15pct.png,false,false,false,true,expert_human_reviewer,2026-10-05,,translation,(rejected)
vqav2-287550,What is on the person's head and back?,contrast_2.0,F:\Sadik\semantic-causal-pathway\.venv\data\vqa_v2\variants\vqav2-287550__contrast_2.0.png,false,false,false,true,expert_human_reviewer,2026-10-05,,unclassified,(rejected)
gqa-2336142,What is that decoration on?,brightness_0.97,F:\Sadik\semantic-causal-pathway\.venv\data\vqa_v2\variants\gqa-2336142__brightness_0.97.png,false,false,false,true,expert_human_reviewer,2026-10-05,,photometric,(same as original)
gqa-2336142,What is that decoration on?,contrast_1.03,F:\Sadik\semantic-causal-pathway\.venv\data\vqa_v2\variants\gqa-2336142__contrast_1.03.png,false,false,false,true,expert_human_reviewer,2026-10-05,,photometric,(same as original)
gqa-2336142,What is that decoration on?,jpeg_quality_92,F:\Sadik\semantic-causal-pathway\.venv\data\vqa_v2\variants\gqa-2336142__jpeg_quality_92.png,true,true,true,true,expert_human_reviewer,2026-10-05,probe,jpeg_compression,(same as original)
gqa-2336142,What is that decoration on?,jpeg_quality_98,F:\Sadik\semantic-causal-pathway\.venv\data\vqa_v2\variants\gqa-2336142__jpeg_quality_98.png,true,true,true,true,expert_human_reviewer,2026-10-05,probe,jpeg_compression,(same as original)
gqa-2336142,What is that decoration on?,translate_left_2pct,F:\Sadik\semantic-causal-pathway\.venv\data\vqa_v2\variants\gqa-2336142__translate_left_2pct.png,true,true,true,true,expert_human_reviewer,2026-10-05,heldout,translation,variants/masks/gqa-2336142__translate_left_2pct.png
gqa-2336142,What is that decoration on?,translate_right_2pct,F:\Sadik\semantic-causal-pathway\.venv\data\vqa_v2\variants\gqa-2336142__translate_right_2pct.png,true,true,true,true,expert_human_reviewer,2026-10-05,heldout,translation,variants/masks/gqa-2336142__translate_right_2pct.png
gqa-2336142,What is that decoration on?,translate_up_2pct,F:\Sadik\semantic-causal-pathway\.venv\data\vqa_v2\variants\gqa-2336142__translate_up_2pct.png,false,false,false,true,expert_human_reviewer,2026-10-05,,translation,variants/masks/gqa-2336142__translate_up_2pct.png
gqa-2336142,What is that decoration on?,translate_down_2pct,F:\Sadik\semantic-causal-pathway\.venv\data\vqa_v2\variants\gqa-2336142__translate_down_2pct.png,false,false,false,true,expert_human_reviewer,2026-10-05,,translation,variants/masks/gqa-2336142__translate_down_2pct.png
gqa-2336142,What is that decoration on?,background_blur,F:\Sadik\semantic-causal-pathway\.venv\data\vqa_v2\variants\gqa-2336142__background_blur.png,false,false,false,true,expert_human_reviewer,2026-10-05,,background_edit,(same as original)
gqa-2336142,What is that decoration on?,background_neutral,F:\Sadik\semantic-causal-pathway\.venv\data\vqa_v2\variants\gqa-2336142__background_neutral.png,false,false,false,true,expert_human_reviewer,2026-10-05,,background_edit,(same as original)
gqa-2336142,What is that decoration on?,jpeg_quality_10,F:\Sadik\semantic-causal-pathway\.venv\data\vqa_v2\variants\gqa-2336142__jpeg_quality_10.png,false,false,false,true,expert_human_reviewer,2026-10-05,,jpeg_compression,(rejected)
gqa-2336142,What is that decoration on?,jpeg_quality_20,F:\Sadik\semantic-causal-pathway\.venv\data\vqa_v2\variants\gqa-2336142__jpeg_quality_20.png,false,false,false,true,expert_human_reviewer,2026-10-05,,jpeg_compression,(rejected)
gqa-2336142,What is that decoration on?,translate_left_15pct,F:\Sadik\semantic-causal-pathway\.venv\data\vqa_v2\variants\gqa-2336142__translate_left_15pct.png,false,false,false,true,expert_human_reviewer,2026-10-05,,translation,(rejected)
gqa-2336142,What is that decoration on?,contrast_2.0,F:\Sadik\semantic-causal-pathway\.venv\data\vqa_v2\variants\gqa-2336142__contrast_2.0.png,false,false,false,true,expert_human_reviewer,2026-10-05,,unclassified,(rejected)
vqav2-341118,Is there a stuffed panda on the table?,brightness_0.97,F:\Sadik\semantic-causal-pathway\.venv\data\vqa_v2\variants\vqav2-341118__brightness_0.97.png,false,false,false,true,expert_human_reviewer,2026-10-05,,photometric,(same as original)
vqav2-341118,Is there a stuffed panda on the table?,contrast_1.03,F:\Sadik\semantic-causal-pathway\.venv\data\vqa_v2\variants\vqav2-341118__contrast_1.03.png,false,false,false,true,expert_human_reviewer,2026-10-05,,photometric,(same as original)
vqav2-341118,Is there a stuffed panda on the table?,jpeg_quality_92,F:\Sadik\semantic-causal-pathway\.venv\data\vqa_v2\variants\vqav2-341118__jpeg_quality_92.png,true,true,true,true,expert_human_reviewer,2026-10-05,probe,jpeg_compression,(same as original)
vqav2-341118,Is there a stuffed panda on the table?,jpeg_quality_98,F:\Sadik\semantic-causal-pathway\.venv\data\vqa_v2\variants\vqav2-341118__jpeg_quality_98.png,true,true,true,true,expert_human_reviewer,2026-10-05,probe,jpeg_compression,(same as original)
vqav2-341118,Is there a stuffed panda on the table?,translate_left_2pct,F:\Sadik\semantic-causal-pathway\.venv\data\vqa_v2\variants\vqav2-341118__translate_left_2pct.png,true,true,true,true,expert_human_reviewer,2026-10-05,heldout,translation,variants/masks/vqav2-341118__translate_left_2pct.png
vqav2-341118,Is there a stuffed panda on the table?,translate_right_2pct,F:\Sadik\semantic-causal-pathway\.venv\data\vqa_v2\variants\vqav2-341118__translate_right_2pct.png,true,true,true,true,expert_human_reviewer,2026-10-05,heldout,translation,variants/masks/vqav2-341118__translate_right_2pct.png
vqav2-341118,Is there a stuffed panda on the table?,translate_up_2pct,F:\Sadik\semantic-causal-pathway\.venv\data\vqa_v2\variants\vqav2-341118__translate_up_2pct.png,false,false,false,true,expert_human_reviewer,2026-10-05,,translation,variants/masks/vqav2-341118__translate_up_2pct.png
vqav2-341118,Is there a stuffed panda on the table?,translate_down_2pct,F:\Sadik\semantic-causal-pathway\.venv\data\vqa_v2\variants\vqav2-341118__translate_down_2pct.png,false,false,false,true,expert_human_reviewer,2026-10-05,,translation,variants/masks/vqav2-341118__translate_down_2pct.png
vqav2-341118,Is there a stuffed panda on the table?,background_blur,F:\Sadik\semantic-causal-pathway\.venv\data\vqa_v2\variants\vqav2-341118__background_blur.png,false,false,false,true,expert_human_reviewer,2026-10-05,,background_edit,(same as original)
vqav2-341118,Is there a stuffed panda on the table?,background_neutral,F:\Sadik\semantic-causal-pathway\.venv\data\vqa_v2\variants\vqav2-341118__background_neutral.png,false,false,false,true,expert_human_reviewer,2026-10-05,,background_edit,(same as original)
vqav2-341118,Is there a stuffed panda on the table?,jpeg_quality_10,F:\Sadik\semantic-causal-pathway\.venv\data\vqa_v2\variants\vqav2-341118__jpeg_quality_10.png,false,false,false,true,expert_human_reviewer,2026-10-05,,jpeg_compression,(rejected)
vqav2-341118,Is there a stuffed panda on the table?,jpeg_quality_20,F:\Sadik\semantic-causal-pathway\.venv\data\vqa_v2\variants\vqav2-341118__jpeg_quality_20.png,false,false,false,true,expert_human_reviewer,2026-10-05,,jpeg_compression,(rejected)
vqav2-341118,Is there a stuffed panda on the table?,translate_left_15pct,F:\Sadik\semantic-causal-pathway\.venv\data\vqa_v2\variants\vqav2-341118__translate_left_15pct.png,false,false,false,true,expert_human_reviewer,2026-10-05,,translation,(rejected)
vqav2-341118,Is there a stuffed panda on the table?,contrast_2.0,F:\Sadik\semantic-causal-pathway\.venv\data\vqa_v2\variants\vqav2-341118__contrast_2.0.png,false,false,false,true,expert_human_reviewer,2026-10-05,,unclassified,(rejected)
vqav2-528516,What is in the stir fry?,brightness_0.97,F:\Sadik\semantic-causal-pathway\.venv\data\vqa_v2\variants\vqav2-528516__brightness_0.97.png,false,false,false,true,expert_human_reviewer,2026-10-05,,photometric,(same as original)
vqav2-528516,What is in the stir fry?,contrast_1.03,F:\Sadik\semantic-causal-pathway\.venv\data\vqa_v2\variants\vqav2-528516__contrast_1.03.png,false,false,false,true,expert_human_reviewer,2026-10-05,,photometric,(same as original)
vqav2-528516,What is in the stir fry?,jpeg_quality_92,F:\Sadik\semantic-causal-pathway\.venv\data\vqa_v2\variants\vqav2-528516__jpeg_quality_92.png,true,true,true,true,expert_human_reviewer,2026-10-05,probe,jpeg_compression,(same as original)
vqav2-528516,What is in the stir fry?,jpeg_quality_98,F:\Sadik\semantic-causal-pathway\.venv\data\vqa_v2\variants\vqav2-528516__jpeg_quality_98.png,true,true,true,true,expert_human_reviewer,2026-10-05,probe,jpeg_compression,(same as original)
vqav2-528516,What is in the stir fry?,translate_left_2pct,F:\Sadik\semantic-causal-pathway\.venv\data\vqa_v2\variants\vqav2-528516__translate_left_2pct.png,true,true,true,true,expert_human_reviewer,2026-10-05,heldout,translation,variants/masks/vqav2-528516__translate_left_2pct.png
vqav2-528516,What is in the stir fry?,translate_right_2pct,F:\Sadik\semantic-causal-pathway\.venv\data\vqa_v2\variants\vqav2-528516__translate_right_2pct.png,true,true,true,true,expert_human_reviewer,2026-10-05,heldout,translation,variants/masks/vqav2-528516__translate_right_2pct.png
vqav2-528516,What is in the stir fry?,translate_up_2pct,F:\Sadik\semantic-causal-pathway\.venv\data\vqa_v2\variants\vqav2-528516__translate_up_2pct.png,false,false,false,true,expert_human_reviewer,2026-10-05,,translation,variants/masks/vqav2-528516__translate_up_2pct.png
vqav2-528516,What is in the stir fry?,translate_down_2pct,F:\Sadik\semantic-causal-pathway\.venv\data\vqa_v2\variants\vqav2-528516__translate_down_2pct.png,false,false,false,true,expert_human_reviewer,2026-10-05,,translation,variants/masks/vqav2-528516__translate_down_2pct.png
vqav2-528516,What is in the stir fry?,background_blur,F:\Sadik\semantic-causal-pathway\.venv\data\vqa_v2\variants\vqav2-528516__background_blur.png,false,false,false,true,expert_human_reviewer,2026-10-05,,background_edit,(same as original)
vqav2-528516,What is in the stir fry?,background_neutral,F:\Sadik\semantic-causal-pathway\.venv\data\vqa_v2\variants\vqav2-528516__background_neutral.png,false,false,false,true,expert_human_reviewer,2026-10-05,,background_edit,(same as original)
vqav2-528516,What is in the stir fry?,jpeg_quality_10,F:\Sadik\semantic-causal-pathway\.venv\data\vqa_v2\variants\vqav2-528516__jpeg_quality_10.png,false,false,false,true,expert_human_reviewer,2026-10-05,,jpeg_compression,(rejected)
vqav2-528516,What is in the stir fry?,jpeg_quality_20,F:\Sadik\semantic-causal-pathway\.venv\data\vqa_v2\variants\vqav2-528516__jpeg_quality_20.png,false,false,false,true,expert_human_reviewer,2026-10-05,,jpeg_compression,(rejected)
vqav2-528516,What is in the stir fry?,translate_left_15pct,F:\Sadik\semantic-causal-pathway\.venv\data\vqa_v2\variants\vqav2-528516__translate_left_15pct.png,false,false,false,true,expert_human_reviewer,2026-10-05,,translation,(rejected)
vqav2-528516,What is in the stir fry?,contrast_2.0,F:\Sadik\semantic-causal-pathway\.venv\data\vqa_v2\variants\vqav2-528516__contrast_2.0.png,false,false,false,true,expert_human_reviewer,2026-10-05,,unclassified,(rejected)
gqa-2395906,What is the man on?,brightness_0.97,F:\Sadik\semantic-causal-pathway\.venv\data\vqa_v2\variants\gqa-2395906__brightness_0.97.png,false,false,false,true,expert_human_reviewer,2026-10-05,,photometric,(same as original)
gqa-2395906,What is the man on?,contrast_1.03,F:\Sadik\semantic-causal-pathway\.venv\data\vqa_v2\variants\gqa-2395906__contrast_1.03.png,false,false,false,true,expert_human_reviewer,2026-10-05,,photometric,(same as original)
gqa-2395906,What is the man on?,jpeg_quality_92,F:\Sadik\semantic-causal-pathway\.venv\data\vqa_v2\variants\gqa-2395906__jpeg_quality_92.png,true,true,true,true,expert_human_reviewer,2026-10-05,probe,jpeg_compression,(same as original)
gqa-2395906,What is the man on?,jpeg_quality_98,F:\Sadik\semantic-causal-pathway\.venv\data\vqa_v2\variants\gqa-2395906__jpeg_quality_98.png,true,true,true,true,expert_human_reviewer,2026-10-05,probe,jpeg_compression,(same as original)
gqa-2395906,What is the man on?,translate_left_2pct,F:\Sadik\semantic-causal-pathway\.venv\data\vqa_v2\variants\gqa-2395906__translate_left_2pct.png,true,true,true,true,expert_human_reviewer,2026-10-05,heldout,translation,variants/masks/gqa-2395906__translate_left_2pct.png
gqa-2395906,What is the man on?,translate_right_2pct,F:\Sadik\semantic-causal-pathway\.venv\data\vqa_v2\variants\gqa-2395906__translate_right_2pct.png,true,true,true,true,expert_human_reviewer,2026-10-05,heldout,translation,variants/masks/gqa-2395906__translate_right_2pct.png
gqa-2395906,What is the man on?,translate_up_2pct,F:\Sadik\semantic-causal-pathway\.venv\data\vqa_v2\variants\gqa-2395906__translate_up_2pct.png,false,false,false,true,expert_human_reviewer,2026-10-05,,translation,variants/masks/gqa-2395906__translate_up_2pct.png
gqa-2395906,What is the man on?,translate_down_2pct,F:\Sadik\semantic-causal-pathway\.venv\data\vqa_v2\variants\gqa-2395906__translate_down_2pct.png,false,false,false,true,expert_human_reviewer,2026-10-05,,translation,variants/masks/gqa-2395906__translate_down_2pct.png
gqa-2395906,What is the man on?,background_blur,F:\Sadik\semantic-causal-pathway\.venv\data\vqa_v2\variants\gqa-2395906__background_blur.png,false,false,false,true,expert_human_reviewer,2026-10-05,,background_edit,(same as original)
gqa-2395906,What is the man on?,background_neutral,F:\Sadik\semantic-causal-pathway\.venv\data\vqa_v2\variants\gqa-2395906__background_neutral.png,false,false,false,true,expert_human_reviewer,2026-10-05,,background_edit,(same as original)
gqa-2395906,What is the man on?,jpeg_quality_10,F:\Sadik\semantic-causal-pathway\.venv\data\vqa_v2\variants\gqa-2395906__jpeg_quality_10.png,false,false,false,true,expert_human_reviewer,2026-10-05,,jpeg_compression,(rejected)
gqa-2395906,What is the man on?,jpeg_quality_20,F:\Sadik\semantic-causal-pathway\.venv\data\vqa_v2\variants\gqa-2395906__jpeg_quality_20.png,false,false,false,true,expert_human_reviewer,2026-10-05,,jpeg_compression,(rejected)
gqa-2395906,What is the man on?,translate_left_15pct,F:\Sadik\semantic-causal-pathway\.venv\data\vqa_v2\variants\gqa-2395906__translate_left_15pct.png,false,false,false,true,expert_human_reviewer,2026-10-05,,translation,(rejected)
gqa-2395906,What is the man on?,contrast_2.0,F:\Sadik\semantic-causal-pathway\.venv\data\vqa_v2\variants\gqa-2395906__contrast_2.0.png,false,false,false,true,expert_human_reviewer,2026-10-05,,unclassified,(rejected)
vqav2-3335,Does the toilet look new?,brightness_0.97,F:\Sadik\semantic-causal-pathway\.venv\data\vqa_v2\variants\vqav2-3335__brightness_0.97.png,false,false,false,true,expert_human_reviewer,2026-10-05,,photometric,(same as original)
vqav2-3335,Does the toilet look new?,contrast_1.03,F:\Sadik\semantic-causal-pathway\.venv\data\vqa_v2\variants\vqav2-3335__contrast_1.03.png,false,false,false,true,expert_human_reviewer,2026-10-05,,photometric,(same as original)
vqav2-3335,Does the toilet look new?,jpeg_quality_92,F:\Sadik\semantic-causal-pathway\.venv\data\vqa_v2\variants\vqav2-3335__jpeg_quality_92.png,true,true,true,true,expert_human_reviewer,2026-10-05,probe,jpeg_compression,(same as original)
vqav2-3335,Does the toilet look new?,jpeg_quality_98,F:\Sadik\semantic-causal-pathway\.venv\data\vqa_v2\variants\vqav2-3335__jpeg_quality_98.png,true,true,true,true,expert_human_reviewer,2026-10-05,probe,jpeg_compression,(same as original)
vqav2-3335,Does the toilet look new?,translate_left_2pct,F:\Sadik\semantic-causal-pathway\.venv\data\vqa_v2\variants\vqav2-3335__translate_left_2pct.png,true,true,true,true,expert_human_reviewer,2026-10-05,heldout,translation,variants/masks/vqav2-3335__translate_left_2pct.png
vqav2-3335,Does the toilet look new?,translate_right_2pct,F:\Sadik\semantic-causal-pathway\.venv\data\vqa_v2\variants\vqav2-3335__translate_right_2pct.png,true,true,true,true,expert_human_reviewer,2026-10-05,heldout,translation,variants/masks/vqav2-3335__translate_right_2pct.png
vqav2-3335,Does the toilet look new?,translate_up_2pct,F:\Sadik\semantic-causal-pathway\.venv\data\vqa_v2\variants\vqav2-3335__translate_up_2pct.png,false,false,false,true,expert_human_reviewer,2026-10-05,,translation,variants/masks/vqav2-3335__translate_up_2pct.png
vqav2-3335,Does the toilet look new?,translate_down_2pct,F:\Sadik\semantic-causal-pathway\.venv\data\vqa_v2\variants\vqav2-3335__translate_down_2pct.png,false,false,false,true,expert_human_reviewer,2026-10-05,,translation,variants/masks/vqav2-3335__translate_down_2pct.png
vqav2-3335,Does the toilet look new?,background_blur,F:\Sadik\semantic-causal-pathway\.venv\data\vqa_v2\variants\vqav2-3335__background_blur.png,false,false,false,true,expert_human_reviewer,2026-10-05,,background_edit,(same as original)
vqav2-3335,Does the toilet look new?,background_neutral,F:\Sadik\semantic-causal-pathway\.venv\data\vqa_v2\variants\vqav2-3335__background_neutral.png,false,false,false,true,expert_human_reviewer,2026-10-05,,background_edit,(same as original)
vqav2-3335,Does the toilet look new?,jpeg_quality_10,F:\Sadik\semantic-causal-pathway\.venv\data\vqa_v2\variants\vqav2-3335__jpeg_quality_10.png,false,false,false,true,expert_human_reviewer,2026-10-05,,jpeg_compression,(rejected)
vqav2-3335,Does the toilet look new?,jpeg_quality_20,F:\Sadik\semantic-causal-pathway\.venv\data\vqa_v2\variants\vqav2-3335__jpeg_quality_20.png,false,false,false,true,expert_human_reviewer,2026-10-05,,jpeg_compression,(rejected)
vqav2-3335,Does the toilet look new?,translate_left_15pct,F:\Sadik\semantic-causal-pathway\.venv\data\vqa_v2\variants\vqav2-3335__translate_left_15pct.png,false,false,false,true,expert_human_reviewer,2026-10-05,,translation,(rejected)
vqav2-3335,Does the toilet look new?,contrast_2.0,F:\Sadik\semantic-causal-pathway\.venv\data\vqa_v2\variants\vqav2-3335__contrast_2.0.png,false,false,false,true,expert_human_reviewer,2026-10-05,,unclassified,(rejected)
gqa-1653,Where is it?,brightness_0.97,F:\Sadik\semantic-causal-pathway\.venv\data\vqa_v2\variants\gqa-1653__brightness_0.97.png,false,false,false,true,expert_human_reviewer,2026-10-05,,photometric,(same as original)
gqa-1653,Where is it?,contrast_1.03,F:\Sadik\semantic-causal-pathway\.venv\data\vqa_v2\variants\gqa-1653__contrast_1.03.png,false,false,false,true,expert_human_reviewer,2026-10-05,,photometric,(same as original)
gqa-1653,Where is it?,jpeg_quality_92,F:\Sadik\semantic-causal-pathway\.venv\data\vqa_v2\variants\gqa-1653__jpeg_quality_92.png,true,true,true,true,expert_human_reviewer,2026-10-05,probe,jpeg_compression,(same as original)
gqa-1653,Where is it?,jpeg_quality_98,F:\Sadik\semantic-causal-pathway\.venv\data\vqa_v2\variants\gqa-1653__jpeg_quality_98.png,true,true,true,true,expert_human_reviewer,2026-10-05,probe,jpeg_compression,(same as original)
gqa-1653,Where is it?,translate_left_2pct,F:\Sadik\semantic-causal-pathway\.venv\data\vqa_v2\variants\gqa-1653__translate_left_2pct.png,true,true,true,true,expert_human_reviewer,2026-10-05,heldout,translation,variants/masks/gqa-1653__translate_left_2pct.png
gqa-1653,Where is it?,translate_right_2pct,F:\Sadik\semantic-causal-pathway\.venv\data\vqa_v2\variants\gqa-1653__translate_right_2pct.png,true,true,true,true,expert_human_reviewer,2026-10-05,heldout,translation,variants/masks/gqa-1653__translate_right_2pct.png
gqa-1653,Where is it?,translate_up_2pct,F:\Sadik\semantic-causal-pathway\.venv\data\vqa_v2\variants\gqa-1653__translate_up_2pct.png,false,false,false,true,expert_human_reviewer,2026-10-05,,translation,variants/masks/gqa-1653__translate_up_2pct.png
gqa-1653,Where is it?,translate_down_2pct,F:\Sadik\semantic-causal-pathway\.venv\data\vqa_v2\variants\gqa-1653__translate_down_2pct.png,false,false,false,true,expert_human_reviewer,2026-10-05,,translation,variants/masks/gqa-1653__translate_down_2pct.png
gqa-1653,Where is it?,background_blur,F:\Sadik\semantic-causal-pathway\.venv\data\vqa_v2\variants\gqa-1653__background_blur.png,false,false,false,true,expert_human_reviewer,2026-10-05,,background_edit,(same as original)
gqa-1653,Where is it?,background_neutral,F:\Sadik\semantic-causal-pathway\.venv\data\vqa_v2\variants\gqa-1653__background_neutral.png,false,false,false,true,expert_human_reviewer,2026-10-05,,background_edit,(same as original)
gqa-1653,Where is it?,jpeg_quality_10,F:\Sadik\semantic-causal-pathway\.venv\data\vqa_v2\variants\gqa-1653__jpeg_quality_10.png,false,false,false,true,expert_human_reviewer,2026-10-05,,jpeg_compression,(rejected)
gqa-1653,Where is it?,jpeg_quality_20,F:\Sadik\semantic-causal-pathway\.venv\data\vqa_v2\variants\gqa-1653__jpeg_quality_20.png,false,false,false,true,expert_human_reviewer,2026-10-05,,jpeg_compression,(rejected)
gqa-1653,Where is it?,translate_left_15pct,F:\Sadik\semantic-causal-pathway\.venv\data\vqa_v2\variants\gqa-1653__translate_left_15pct.png,false,false,false,true,expert_human_reviewer,2026-10-05,,translation,(rejected)
gqa-1653,Where is it?,contrast_2.0,F:\Sadik\semantic-causal-pathway\.venv\data\vqa_v2\variants\gqa-1653__contrast_2.0.png,false,false,false,true,expert_human_reviewer,2026-10-05,,unclassified,(rejected)
vqav2-337984,Is this facility crowded?,brightness_0.97,F:\Sadik\semantic-causal-pathway\.venv\data\vqa_v2\variants\vqav2-337984__brightness_0.97.png,false,false,false,true,expert_human_reviewer,2026-10-05,,photometric,(same as original)
vqav2-337984,Is this facility crowded?,contrast_1.03,F:\Sadik\semantic-causal-pathway\.venv\data\vqa_v2\variants\vqav2-337984__contrast_1.03.png,false,false,false,true,expert_human_reviewer,2026-10-05,,photometric,(same as original)
vqav2-337984,Is this facility crowded?,jpeg_quality_92,F:\Sadik\semantic-causal-pathway\.venv\data\vqa_v2\variants\vqav2-337984__jpeg_quality_92.png,true,true,true,true,expert_human_reviewer,2026-10-05,probe,jpeg_compression,(same as original)
vqav2-337984,Is this facility crowded?,jpeg_quality_98,F:\Sadik\semantic-causal-pathway\.venv\data\vqa_v2\variants\vqav2-337984__jpeg_quality_98.png,true,true,true,true,expert_human_reviewer,2026-10-05,probe,jpeg_compression,(same as original)
vqav2-337984,Is this facility crowded?,translate_left_2pct,F:\Sadik\semantic-causal-pathway\.venv\data\vqa_v2\variants\vqav2-337984__translate_left_2pct.png,true,true,true,true,expert_human_reviewer,2026-10-05,heldout,translation,variants/masks/vqav2-337984__translate_left_2pct.png
vqav2-337984,Is this facility crowded?,translate_right_2pct,F:\Sadik\semantic-causal-pathway\.venv\data\vqa_v2\variants\vqav2-337984__translate_right_2pct.png,true,true,true,true,expert_human_reviewer,2026-10-05,heldout,translation,variants/masks/vqav2-337984__translate_right_2pct.png
vqav2-337984,Is this facility crowded?,translate_up_2pct,F:\Sadik\semantic-causal-pathway\.venv\data\vqa_v2\variants\vqav2-337984__translate_up_2pct.png,false,false,false,true,expert_human_reviewer,2026-10-05,,translation,variants/masks/vqav2-337984__translate_up_2pct.png
vqav2-337984,Is this facility crowded?,translate_down_2pct,F:\Sadik\semantic-causal-pathway\.venv\data\vqa_v2\variants\vqav2-337984__translate_down_2pct.png,false,false,false,true,expert_human_reviewer,2026-10-05,,translation,variants/masks/vqav2-337984__translate_down_2pct.png
vqav2-337984,Is this facility crowded?,background_blur,F:\Sadik\semantic-causal-pathway\.venv\data\vqa_v2\variants\vqav2-337984__background_blur.png,false,false,false,true,expert_human_reviewer,2026-10-05,,background_edit,(same as original)
vqav2-337984,Is this facility crowded?,background_neutral,F:\Sadik\semantic-causal-pathway\.venv\data\vqa_v2\variants\vqav2-337984__background_neutral.png,false,false,false,true,expert_human_reviewer,2026-10-05,,background_edit,(same as original)
vqav2-337984,Is this facility crowded?,jpeg_quality_10,F:\Sadik\semantic-causal-pathway\.venv\data\vqa_v2\variants\vqav2-337984__jpeg_quality_10.png,false,false,false,true,expert_human_reviewer,2026-10-05,,jpeg_compression,(rejected)
vqav2-337984,Is this facility crowded?,jpeg_quality_20,F:\Sadik\semantic-causal-pathway\.venv\data\vqa_v2\variants\vqav2-337984__jpeg_quality_20.png,false,false,false,true,expert_human_reviewer,2026-10-05,,jpeg_compression,(rejected)
vqav2-337984,Is this facility crowded?,translate_left_15pct,F:\Sadik\semantic-causal-pathway\.venv\data\vqa_v2\variants\vqav2-337984__translate_left_15pct.png,false,false,false,true,expert_human_reviewer,2026-10-05,,translation,(rejected)
vqav2-337984,Is this facility crowded?,contrast_2.0,F:\Sadik\semantic-causal-pathway\.venv\data\vqa_v2\variants\vqav2-337984__contrast_2.0.png,false,false,false,true,expert_human_reviewer,2026-10-05,,unclassified,(rejected)
gqa-2391748,Is the skirt purple or white?,brightness_0.97,F:\Sadik\semantic-causal-pathway\.venv\data\vqa_v2\variants\gqa-2391748__brightness_0.97.png,false,false,false,true,expert_human_reviewer,2026-10-05,,photometric,(same as original)
gqa-2391748,Is the skirt purple or white?,contrast_1.03,F:\Sadik\semantic-causal-pathway\.venv\data\vqa_v2\variants\gqa-2391748__contrast_1.03.png,false,false,false,true,expert_human_reviewer,2026-10-05,,photometric,(same as original)
gqa-2391748,Is the skirt purple or white?,jpeg_quality_92,F:\Sadik\semantic-causal-pathway\.venv\data\vqa_v2\variants\gqa-2391748__jpeg_quality_92.png,true,true,true,true,expert_human_reviewer,2026-10-05,probe,jpeg_compression,(same as original)
gqa-2391748,Is the skirt purple or white?,jpeg_quality_98,F:\Sadik\semantic-causal-pathway\.venv\data\vqa_v2\variants\gqa-2391748__jpeg_quality_98.png,true,true,true,true,expert_human_reviewer,2026-10-05,probe,jpeg_compression,(same as original)
gqa-2391748,Is the skirt purple or white?,translate_left_2pct,F:\Sadik\semantic-causal-pathway\.venv\data\vqa_v2\variants\gqa-2391748__translate_left_2pct.png,true,true,true,true,expert_human_reviewer,2026-10-05,heldout,translation,variants/masks/gqa-2391748__translate_left_2pct.png
gqa-2391748,Is the skirt purple or white?,translate_right_2pct,F:\Sadik\semantic-causal-pathway\.venv\data\vqa_v2\variants\gqa-2391748__translate_right_2pct.png,true,true,true,true,expert_human_reviewer,2026-10-05,heldout,translation,variants/masks/gqa-2391748__translate_right_2pct.png
gqa-2391748,Is the skirt purple or white?,translate_up_2pct,F:\Sadik\semantic-causal-pathway\.venv\data\vqa_v2\variants\gqa-2391748__translate_up_2pct.png,false,false,false,true,expert_human_reviewer,2026-10-05,,translation,variants/masks/gqa-2391748__translate_up_2pct.png
gqa-2391748,Is the skirt purple or white?,translate_down_2pct,F:\Sadik\semantic-causal-pathway\.venv\data\vqa_v2\variants\gqa-2391748__translate_down_2pct.png,false,false,false,true,expert_human_reviewer,2026-10-05,,translation,variants/masks/gqa-2391748__translate_down_2pct.png
gqa-2391748,Is the skirt purple or white?,background_blur,F:\Sadik\semantic-causal-pathway\.venv\data\vqa_v2\variants\gqa-2391748__background_blur.png,false,false,false,true,expert_human_reviewer,2026-10-05,,background_edit,(same as original)
gqa-2391748,Is the skirt purple or white?,background_neutral,F:\Sadik\semantic-causal-pathway\.venv\data\vqa_v2\variants\gqa-2391748__background_neutral.png,false,false,false,true,expert_human_reviewer,2026-10-05,,background_edit,(same as original)
gqa-2391748,Is the skirt purple or white?,jpeg_quality_10,F:\Sadik\semantic-causal-pathway\.venv\data\vqa_v2\variants\gqa-2391748__jpeg_quality_10.png,false,false,false,true,expert_human_reviewer,2026-10-05,,jpeg_compression,(rejected)
gqa-2391748,Is the skirt purple or white?,jpeg_quality_20,F:\Sadik\semantic-causal-pathway\.venv\data\vqa_v2\variants\gqa-2391748__jpeg_quality_20.png,false,false,false,true,expert_human_reviewer,2026-10-05,,jpeg_compression,(rejected)
gqa-2391748,Is the skirt purple or white?,translate_left_15pct,F:\Sadik\semantic-causal-pathway\.venv\data\vqa_v2\variants\gqa-2391748__translate_left_15pct.png,false,false,false,true,expert_human_reviewer,2026-10-05,,translation,(rejected)
gqa-2391748,Is the skirt purple or white?,contrast_2.0,F:\Sadik\semantic-causal-pathway\.venv\data\vqa_v2\variants\gqa-2391748__contrast_2.0.png,false,false,false,true,expert_human_reviewer,2026-10-05,,unclassified,(rejected)
gqa-2394980,What kind of furniture is to the right of the appliance the dog is on?,brightness_0.97,F:\Sadik\semantic-causal-pathway\.venv\data\vqa_v2\variants\gqa-2394980__brightness_0.97.png,false,false,false,true,expert_human_reviewer,2026-10-05,,photometric,(same as original)
gqa-2394980,What kind of furniture is to the right of the appliance the dog is on?,contrast_1.03,F:\Sadik\semantic-causal-pathway\.venv\data\vqa_v2\variants\gqa-2394980__contrast_1.03.png,false,false,false,true,expert_human_reviewer,2026-10-05,,photometric,(same as original)
gqa-2394980,What kind of furniture is to the right of the appliance the dog is on?,jpeg_quality_92,F:\Sadik\semantic-causal-pathway\.venv\data\vqa_v2\variants\gqa-2394980__jpeg_quality_92.png,true,true,true,true,expert_human_reviewer,2026-10-05,probe,jpeg_compression,(same as original)
gqa-2394980,What kind of furniture is to the right of the appliance the dog is on?,jpeg_quality_98,F:\Sadik\semantic-causal-pathway\.venv\data\vqa_v2\variants\gqa-2394980__jpeg_quality_98.png,true,true,true,true,expert_human_reviewer,2026-10-05,probe,jpeg_compression,(same as original)
gqa-2394980,What kind of furniture is to the right of the appliance the dog is on?,translate_left_2pct,F:\Sadik\semantic-causal-pathway\.venv\data\vqa_v2\variants\gqa-2394980__translate_left_2pct.png,true,true,true,true,expert_human_reviewer,2026-10-05,heldout,translation,variants/masks/gqa-2394980__translate_left_2pct.png
gqa-2394980,What kind of furniture is to the right of the appliance the dog is on?,translate_right_2pct,F:\Sadik\semantic-causal-pathway\.venv\data\vqa_v2\variants\gqa-2394980__translate_right_2pct.png,true,true,true,true,expert_human_reviewer,2026-10-05,heldout,translation,variants/masks/gqa-2394980__translate_right_2pct.png
gqa-2394980,What kind of furniture is to the right of the appliance the dog is on?,translate_up_2pct,F:\Sadik\semantic-causal-pathway\.venv\data\vqa_v2\variants\gqa-2394980__translate_up_2pct.png,false,false,false,true,expert_human_reviewer,2026-10-05,,translation,variants/masks/gqa-2394980__translate_up_2pct.png
gqa-2394980,What kind of furniture is to the right of the appliance the dog is on?,translate_down_2pct,F:\Sadik\semantic-causal-pathway\.venv\data\vqa_v2\variants\gqa-2394980__translate_down_2pct.png,false,false,false,true,expert_human_reviewer,2026-10-05,,translation,variants/masks/gqa-2394980__translate_down_2pct.png
gqa-2394980,What kind of furniture is to the right of the appliance the dog is on?,background_blur,F:\Sadik\semantic-causal-pathway\.venv\data\vqa_v2\variants\gqa-2394980__background_blur.png,false,false,false,true,expert_human_reviewer,2026-10-05,,background_edit,(same as original)
gqa-2394980,What kind of furniture is to the right of the appliance the dog is on?,background_neutral,F:\Sadik\semantic-causal-pathway\.venv\data\vqa_v2\variants\gqa-2394980__background_neutral.png,false,false,false,true,expert_human_reviewer,2026-10-05,,background_edit,(same as original)
gqa-2394980,What kind of furniture is to the right of the appliance the dog is on?,jpeg_quality_10,F:\Sadik\semantic-causal-pathway\.venv\data\vqa_v2\variants\gqa-2394980__jpeg_quality_10.png,false,false,false,true,expert_human_reviewer,2026-10-05,,jpeg_compression,(rejected)
gqa-2394980,What kind of furniture is to the right of the appliance the dog is on?,jpeg_quality_20,F:\Sadik\semantic-causal-pathway\.venv\data\vqa_v2\variants\gqa-2394980__jpeg_quality_20.png,false,false,false,true,expert_human_reviewer,2026-10-05,,jpeg_compression,(rejected)
gqa-2394980,What kind of furniture is to the right of the appliance the dog is on?,translate_left_15pct,F:\Sadik\semantic-causal-pathway\.venv\data\vqa_v2\variants\gqa-2394980__translate_left_15pct.png,false,false,false,true,expert_human_reviewer,2026-10-05,,translation,(rejected)
gqa-2394980,What kind of furniture is to the right of the appliance the dog is on?,contrast_2.0,F:\Sadik\semantic-causal-pathway\.venv\data\vqa_v2\variants\gqa-2394980__contrast_2.0.png,false,false,false,true,expert_human_reviewer,2026-10-05,,unclassified,(rejected)
vqav2-111086,Does a red car have it's doors open?,brightness_0.97,F:\Sadik\semantic-causal-pathway\.venv\data\vqa_v2\variants\vqav2-111086__brightness_0.97.png,false,false,false,true,expert_human_reviewer,2026-10-05,,photometric,(same as original)
vqav2-111086,Does a red car have it's doors open?,contrast_1.03,F:\Sadik\semantic-causal-pathway\.venv\data\vqa_v2\variants\vqav2-111086__contrast_1.03.png,false,false,false,true,expert_human_reviewer,2026-10-05,,photometric,(same as original)
vqav2-111086,Does a red car have it's doors open?,jpeg_quality_92,F:\Sadik\semantic-causal-pathway\.venv\data\vqa_v2\variants\vqav2-111086__jpeg_quality_92.png,true,true,true,true,expert_human_reviewer,2026-10-05,probe,jpeg_compression,(same as original)
vqav2-111086,Does a red car have it's doors open?,jpeg_quality_98,F:\Sadik\semantic-causal-pathway\.venv\data\vqa_v2\variants\vqav2-111086__jpeg_quality_98.png,true,true,true,true,expert_human_reviewer,2026-10-05,probe,jpeg_compression,(same as original)
vqav2-111086,Does a red car have it's doors open?,translate_left_2pct,F:\Sadik\semantic-causal-pathway\.venv\data\vqa_v2\variants\vqav2-111086__translate_left_2pct.png,true,true,true,true,expert_human_reviewer,2026-10-05,heldout,translation,variants/masks/vqav2-111086__translate_left_2pct.png
vqav2-111086,Does a red car have it's doors open?,translate_right_2pct,F:\Sadik\semantic-causal-pathway\.venv\data\vqa_v2\variants\vqav2-111086__translate_right_2pct.png,true,true,true,true,expert_human_reviewer,2026-10-05,heldout,translation,variants/masks/vqav2-111086__translate_right_2pct.png
vqav2-111086,Does a red car have it's doors open?,translate_up_2pct,F:\Sadik\semantic-causal-pathway\.venv\data\vqa_v2\variants\vqav2-111086__translate_up_2pct.png,false,false,false,true,expert_human_reviewer,2026-10-05,,translation,variants/masks/vqav2-111086__translate_up_2pct.png
vqav2-111086,Does a red car have it's doors open?,translate_down_2pct,F:\Sadik\semantic-causal-pathway\.venv\data\vqa_v2\variants\vqav2-111086__translate_down_2pct.png,false,false,false,true,expert_human_reviewer,2026-10-05,,translation,variants/masks/vqav2-111086__translate_down_2pct.png
vqav2-111086,Does a red car have it's doors open?,background_blur,F:\Sadik\semantic-causal-pathway\.venv\data\vqa_v2\variants\vqav2-111086__background_blur.png,false,false,false,true,expert_human_reviewer,2026-10-05,,background_edit,(same as original)
vqav2-111086,Does a red car have it's doors open?,background_neutral,F:\Sadik\semantic-causal-pathway\.venv\data\vqa_v2\variants\vqav2-111086__background_neutral.png,false,false,false,true,expert_human_reviewer,2026-10-05,,background_edit,(same as original)
vqav2-111086,Does a red car have it's doors open?,jpeg_quality_10,F:\Sadik\semantic-causal-pathway\.venv\data\vqa_v2\variants\vqav2-111086__jpeg_quality_10.png,false,false,false,true,expert_human_reviewer,2026-10-05,,jpeg_compression,(rejected)
vqav2-111086,Does a red car have it's doors open?,jpeg_quality_20,F:\Sadik\semantic-causal-pathway\.venv\data\vqa_v2\variants\vqav2-111086__jpeg_quality_20.png,false,false,false,true,expert_human_reviewer,2026-10-05,,jpeg_compression,(rejected)
vqav2-111086,Does a red car have it's doors open?,translate_left_15pct,F:\Sadik\semantic-causal-pathway\.venv\data\vqa_v2\variants\vqav2-111086__translate_left_15pct.png,false,false,false,true,expert_human_reviewer,2026-10-05,,translation,(rejected)
vqav2-111086,Does a red car have it's doors open?,contrast_2.0,F:\Sadik\semantic-causal-pathway\.venv\data\vqa_v2\variants\vqav2-111086__contrast_2.0.png,false,false,false,true,expert_human_reviewer,2026-10-05,,unclassified,(rejected)
gqa-2380370,Does the shirt look short sleeved?,brightness_0.97,F:\Sadik\semantic-causal-pathway\.venv\data\vqa_v2\variants\gqa-2380370__brightness_0.97.png,false,false,false,true,expert_human_reviewer,2026-10-05,,photometric,(same as original)
gqa-2380370,Does the shirt look short sleeved?,contrast_1.03,F:\Sadik\semantic-causal-pathway\.venv\data\vqa_v2\variants\gqa-2380370__contrast_1.03.png,false,false,false,true,expert_human_reviewer,2026-10-05,,photometric,(same as original)
gqa-2380370,Does the shirt look short sleeved?,jpeg_quality_92,F:\Sadik\semantic-causal-pathway\.venv\data\vqa_v2\variants\gqa-2380370__jpeg_quality_92.png,true,true,true,true,expert_human_reviewer,2026-10-05,probe,jpeg_compression,(same as original)
gqa-2380370,Does the shirt look short sleeved?,jpeg_quality_98,F:\Sadik\semantic-causal-pathway\.venv\data\vqa_v2\variants\gqa-2380370__jpeg_quality_98.png,true,true,true,true,expert_human_reviewer,2026-10-05,probe,jpeg_compression,(same as original)
gqa-2380370,Does the shirt look short sleeved?,translate_left_2pct,F:\Sadik\semantic-causal-pathway\.venv\data\vqa_v2\variants\gqa-2380370__translate_left_2pct.png,true,true,true,true,expert_human_reviewer,2026-10-05,heldout,translation,variants/masks/gqa-2380370__translate_left_2pct.png
gqa-2380370,Does the shirt look short sleeved?,translate_right_2pct,F:\Sadik\semantic-causal-pathway\.venv\data\vqa_v2\variants\gqa-2380370__translate_right_2pct.png,true,true,true,true,expert_human_reviewer,2026-10-05,heldout,translation,variants/masks/gqa-2380370__translate_right_2pct.png
gqa-2380370,Does the shirt look short sleeved?,translate_up_2pct,F:\Sadik\semantic-causal-pathway\.venv\data\vqa_v2\variants\gqa-2380370__translate_up_2pct.png,false,false,false,true,expert_human_reviewer,2026-10-05,,translation,variants/masks/gqa-2380370__translate_up_2pct.png
gqa-2380370,Does the shirt look short sleeved?,translate_down_2pct,F:\Sadik\semantic-causal-pathway\.venv\data\vqa_v2\variants\gqa-2380370__translate_down_2pct.png,false,false,false,true,expert_human_reviewer,2026-10-05,,translation,variants/masks/gqa-2380370__translate_down_2pct.png
gqa-2380370,Does the shirt look short sleeved?,background_blur,F:\Sadik\semantic-causal-pathway\.venv\data\vqa_v2\variants\gqa-2380370__background_blur.png,false,false,false,true,expert_human_reviewer,2026-10-05,,background_edit,(same as original)
gqa-2380370,Does the shirt look short sleeved?,background_neutral,F:\Sadik\semantic-causal-pathway\.venv\data\vqa_v2\variants\gqa-2380370__background_neutral.png,false,false,false,true,expert_human_reviewer,2026-10-05,,background_edit,(same as original)
gqa-2380370,Does the shirt look short sleeved?,jpeg_quality_10,F:\Sadik\semantic-causal-pathway\.venv\data\vqa_v2\variants\gqa-2380370__jpeg_quality_10.png,false,false,false,true,expert_human_reviewer,2026-10-05,,jpeg_compression,(rejected)
gqa-2380370,Does the shirt look short sleeved?,jpeg_quality_20,F:\Sadik\semantic-causal-pathway\.venv\data\vqa_v2\variants\gqa-2380370__jpeg_quality_20.png,false,false,false,true,expert_human_reviewer,2026-10-05,,jpeg_compression,(rejected)
gqa-2380370,Does the shirt look short sleeved?,translate_left_15pct,F:\Sadik\semantic-causal-pathway\.venv\data\vqa_v2\variants\gqa-2380370__translate_left_15pct.png,false,false,false,true,expert_human_reviewer,2026-10-05,,translation,(rejected)
gqa-2380370,Does the shirt look short sleeved?,contrast_2.0,F:\Sadik\semantic-causal-pathway\.venv\data\vqa_v2\variants\gqa-2380370__contrast_2.0.png,false,false,false,true,expert_human_reviewer,2026-10-05,,unclassified,(rejected)
gqa-713596,What is located on top of the shrubs?,brightness_0.97,F:\Sadik\semantic-causal-pathway\.venv\data\vqa_v2\variants\gqa-713596__brightness_0.97.png,false,false,false,true,expert_human_reviewer,2026-10-05,,photometric,(same as original)
gqa-713596,What is located on top of the shrubs?,contrast_1.03,F:\Sadik\semantic-causal-pathway\.venv\data\vqa_v2\variants\gqa-713596__contrast_1.03.png,false,false,false,true,expert_human_reviewer,2026-10-05,,photometric,(same as original)
gqa-713596,What is located on top of the shrubs?,jpeg_quality_92,F:\Sadik\semantic-causal-pathway\.venv\data\vqa_v2\variants\gqa-713596__jpeg_quality_92.png,true,true,true,true,expert_human_reviewer,2026-10-05,probe,jpeg_compression,(same as original)
gqa-713596,What is located on top of the shrubs?,jpeg_quality_98,F:\Sadik\semantic-causal-pathway\.venv\data\vqa_v2\variants\gqa-713596__jpeg_quality_98.png,true,true,true,true,expert_human_reviewer,2026-10-05,probe,jpeg_compression,(same as original)
gqa-713596,What is located on top of the shrubs?,translate_left_2pct,F:\Sadik\semantic-causal-pathway\.venv\data\vqa_v2\variants\gqa-713596__translate_left_2pct.png,true,true,true,true,expert_human_reviewer,2026-10-05,heldout,translation,variants/masks/gqa-713596__translate_left_2pct.png
gqa-713596,What is located on top of the shrubs?,translate_right_2pct,F:\Sadik\semantic-causal-pathway\.venv\data\vqa_v2\variants\gqa-713596__translate_right_2pct.png,true,true,true,true,expert_human_reviewer,2026-10-05,heldout,translation,variants/masks/gqa-713596__translate_right_2pct.png
gqa-713596,What is located on top of the shrubs?,translate_up_2pct,F:\Sadik\semantic-causal-pathway\.venv\data\vqa_v2\variants\gqa-713596__translate_up_2pct.png,false,false,false,true,expert_human_reviewer,2026-10-05,,translation,variants/masks/gqa-713596__translate_up_2pct.png
gqa-713596,What is located on top of the shrubs?,translate_down_2pct,F:\Sadik\semantic-causal-pathway\.venv\data\vqa_v2\variants\gqa-713596__translate_down_2pct.png,false,false,false,true,expert_human_reviewer,2026-10-05,,translation,variants/masks/gqa-713596__translate_down_2pct.png
gqa-713596,What is located on top of the shrubs?,background_blur,F:\Sadik\semantic-causal-pathway\.venv\data\vqa_v2\variants\gqa-713596__background_blur.png,false,false,false,true,expert_human_reviewer,2026-10-05,,background_edit,(same as original)
gqa-713596,What is located on top of the shrubs?,background_neutral,F:\Sadik\semantic-causal-pathway\.venv\data\vqa_v2\variants\gqa-713596__background_neutral.png,false,false,false,true,expert_human_reviewer,2026-10-05,,background_edit,(same as original)
gqa-713596,What is located on top of the shrubs?,jpeg_quality_10,F:\Sadik\semantic-causal-pathway\.venv\data\vqa_v2\variants\gqa-713596__jpeg_quality_10.png,false,false,false,true,expert_human_reviewer,2026-10-05,,jpeg_compression,(rejected)
gqa-713596,What is located on top of the shrubs?,jpeg_quality_20,F:\Sadik\semantic-causal-pathway\.venv\data\vqa_v2\variants\gqa-713596__jpeg_quality_20.png,false,false,false,true,expert_human_reviewer,2026-10-05,,jpeg_compression,(rejected)
gqa-713596,What is located on top of the shrubs?,translate_left_15pct,F:\Sadik\semantic-causal-pathway\.venv\data\vqa_v2\variants\gqa-713596__translate_left_15pct.png,false,false,false,true,expert_human_reviewer,2026-10-05,,translation,(rejected)
gqa-713596,What is located on top of the shrubs?,contrast_2.0,F:\Sadik\semantic-causal-pathway\.venv\data\vqa_v2\variants\gqa-713596__contrast_2.0.png,false,false,false,true,expert_human_reviewer,2026-10-05,,unclassified,(rejected)
vqav2-92514,What appliances are in the cabinet?,brightness_0.97,F:\Sadik\semantic-causal-pathway\.venv\data\vqa_v2\variants\vqav2-92514__brightness_0.97.png,false,false,false,true,expert_human_reviewer,2026-10-05,,photometric,(same as original)
vqav2-92514,What appliances are in the cabinet?,contrast_1.03,F:\Sadik\semantic-causal-pathway\.venv\data\vqa_v2\variants\vqav2-92514__contrast_1.03.png,false,false,false,true,expert_human_reviewer,2026-10-05,,photometric,(same as original)
vqav2-92514,What appliances are in the cabinet?,jpeg_quality_92,F:\Sadik\semantic-causal-pathway\.venv\data\vqa_v2\variants\vqav2-92514__jpeg_quality_92.png,true,true,true,true,expert_human_reviewer,2026-10-05,probe,jpeg_compression,(same as original)
vqav2-92514,What appliances are in the cabinet?,jpeg_quality_98,F:\Sadik\semantic-causal-pathway\.venv\data\vqa_v2\variants\vqav2-92514__jpeg_quality_98.png,true,true,true,true,expert_human_reviewer,2026-10-05,probe,jpeg_compression,(same as original)
vqav2-92514,What appliances are in the cabinet?,translate_left_2pct,F:\Sadik\semantic-causal-pathway\.venv\data\vqa_v2\variants\vqav2-92514__translate_left_2pct.png,true,true,true,true,expert_human_reviewer,2026-10-05,heldout,translation,variants/masks/vqav2-92514__translate_left_2pct.png
vqav2-92514,What appliances are in the cabinet?,translate_right_2pct,F:\Sadik\semantic-causal-pathway\.venv\data\vqa_v2\variants\vqav2-92514__translate_right_2pct.png,true,true,true,true,expert_human_reviewer,2026-10-05,heldout,translation,variants/masks/vqav2-92514__translate_right_2pct.png
vqav2-92514,What appliances are in the cabinet?,translate_up_2pct,F:\Sadik\semantic-causal-pathway\.venv\data\vqa_v2\variants\vqav2-92514__translate_up_2pct.png,false,false,false,true,expert_human_reviewer,2026-10-05,,translation,variants/masks/vqav2-92514__translate_up_2pct.png
vqav2-92514,What appliances are in the cabinet?,translate_down_2pct,F:\Sadik\semantic-causal-pathway\.venv\data\vqa_v2\variants\vqav2-92514__translate_down_2pct.png,false,false,false,true,expert_human_reviewer,2026-10-05,,translation,variants/masks/vqav2-92514__translate_down_2pct.png
vqav2-92514,What appliances are in the cabinet?,background_blur,F:\Sadik\semantic-causal-pathway\.venv\data\vqa_v2\variants\vqav2-92514__background_blur.png,false,false,false,true,expert_human_reviewer,2026-10-05,,background_edit,(same as original)
vqav2-92514,What appliances are in the cabinet?,background_neutral,F:\Sadik\semantic-causal-pathway\.venv\data\vqa_v2\variants\vqav2-92514__background_neutral.png,false,false,false,true,expert_human_reviewer,2026-10-05,,background_edit,(same as original)
vqav2-92514,What appliances are in the cabinet?,jpeg_quality_10,F:\Sadik\semantic-causal-pathway\.venv\data\vqa_v2\variants\vqav2-92514__jpeg_quality_10.png,false,false,false,true,expert_human_reviewer,2026-10-05,,jpeg_compression,(rejected)
vqav2-92514,What appliances are in the cabinet?,jpeg_quality_20,F:\Sadik\semantic-causal-pathway\.venv\data\vqa_v2\variants\vqav2-92514__jpeg_quality_20.png,false,false,false,true,expert_human_reviewer,2026-10-05,,jpeg_compression,(rejected)
vqav2-92514,What appliances are in the cabinet?,translate_left_15pct,F:\Sadik\semantic-causal-pathway\.venv\data\vqa_v2\variants\vqav2-92514__translate_left_15pct.png,false,false,false,true,expert_human_reviewer,2026-10-05,,translation,(rejected)
vqav2-92514,What appliances are in the cabinet?,contrast_2.0,F:\Sadik\semantic-causal-pathway\.venv\data\vqa_v2\variants\vqav2-92514__contrast_2.0.png,false,false,false,true,expert_human_reviewer,2026-10-05,,unclassified,(rejected)
gqa-2382208,What color do you think the stop sign on the sidewalk is?,jpeg_quality_90,F:\Sadik\semantic-causal-pathway\.venv\data\vqa_v2\variants\gqa-2382208__jpeg_quality_90.png,false,false,false,true,expert_human_reviewer,2026-10-05,,jpeg_compression,(same as original)
gqa-2382208,What color do you think the stop sign on the sidewalk is?,jpeg_quality_92,F:\Sadik\semantic-causal-pathway\.venv\data\vqa_v2\variants\gqa-2382208__jpeg_quality_92.png,true,true,true,true,expert_human_reviewer,2026-10-05,probe,jpeg_compression,(same as original)
gqa-2382208,What color do you think the stop sign on the sidewalk is?,jpeg_quality_95,F:\Sadik\semantic-causal-pathway\.venv\data\vqa_v2\variants\gqa-2382208__jpeg_quality_95.png,false,false,false,true,expert_human_reviewer,2026-10-05,,jpeg_compression,(same as original)
gqa-2382208,What color do you think the stop sign on the sidewalk is?,jpeg_quality_98,F:\Sadik\semantic-causal-pathway\.venv\data\vqa_v2\variants\gqa-2382208__jpeg_quality_98.png,true,true,true,true,expert_human_reviewer,2026-10-05,probe,jpeg_compression,(same as original)
gqa-2382208,What color do you think the stop sign on the sidewalk is?,translate_left_2pct,F:\Sadik\semantic-causal-pathway\.venv\data\vqa_v2\variants\gqa-2382208__translate_left_2pct.png,true,true,true,true,expert_human_reviewer,2026-10-05,heldout,translation,variants/masks/gqa-2382208__translate_left_2pct.png
gqa-2382208,What color do you think the stop sign on the sidewalk is?,translate_right_2pct,F:\Sadik\semantic-causal-pathway\.venv\data\vqa_v2\variants\gqa-2382208__translate_right_2pct.png,true,true,true,true,expert_human_reviewer,2026-10-05,heldout,translation,variants/masks/gqa-2382208__translate_right_2pct.png
gqa-2382208,What color do you think the stop sign on the sidewalk is?,translate_up_2pct,F:\Sadik\semantic-causal-pathway\.venv\data\vqa_v2\variants\gqa-2382208__translate_up_2pct.png,false,false,false,true,expert_human_reviewer,2026-10-05,,translation,variants/masks/gqa-2382208__translate_up_2pct.png
gqa-2382208,What color do you think the stop sign on the sidewalk is?,translate_down_2pct,F:\Sadik\semantic-causal-pathway\.venv\data\vqa_v2\variants\gqa-2382208__translate_down_2pct.png,false,false,false,true,expert_human_reviewer,2026-10-05,,translation,variants/masks/gqa-2382208__translate_down_2pct.png
gqa-2382208,What color do you think the stop sign on the sidewalk is?,background_blur,F:\Sadik\semantic-causal-pathway\.venv\data\vqa_v2\variants\gqa-2382208__background_blur.png,false,false,false,true,expert_human_reviewer,2026-10-05,,background_edit,(same as original)
gqa-2382208,What color do you think the stop sign on the sidewalk is?,background_neutral,F:\Sadik\semantic-causal-pathway\.venv\data\vqa_v2\variants\gqa-2382208__background_neutral.png,false,false,false,true,expert_human_reviewer,2026-10-05,,background_edit,(same as original)
gqa-2382208,What color do you think the stop sign on the sidewalk is?,jpeg_quality_10,F:\Sadik\semantic-causal-pathway\.venv\data\vqa_v2\variants\gqa-2382208__jpeg_quality_10.png,false,false,false,true,expert_human_reviewer,2026-10-05,,jpeg_compression,(rejected)
gqa-2382208,What color do you think the stop sign on the sidewalk is?,jpeg_quality_20,F:\Sadik\semantic-causal-pathway\.venv\data\vqa_v2\variants\gqa-2382208__jpeg_quality_20.png,false,false,false,true,expert_human_reviewer,2026-10-05,,jpeg_compression,(rejected)
gqa-2382208,What color do you think the stop sign on the sidewalk is?,translate_left_15pct,F:\Sadik\semantic-causal-pathway\.venv\data\vqa_v2\variants\gqa-2382208__translate_left_15pct.png,false,false,false,true,expert_human_reviewer,2026-10-05,,translation,(rejected)
gqa-2382208,What color do you think the stop sign on the sidewalk is?,contrast_2.0,F:\Sadik\semantic-causal-pathway\.venv\data\vqa_v2\variants\gqa-2382208__contrast_2.0.png,false,false,false,true,expert_human_reviewer,2026-10-05,,unclassified,(rejected)
gqa-2387265,Do you see any boys or women?,brightness_0.97,F:\Sadik\semantic-causal-pathway\.venv\data\vqa_v2\variants\gqa-2387265__brightness_0.97.png,false,false,false,true,expert_human_reviewer,2026-10-05,,photometric,(same as original)
gqa-2387265,Do you see any boys or women?,contrast_1.03,F:\Sadik\semantic-causal-pathway\.venv\data\vqa_v2\variants\gqa-2387265__contrast_1.03.png,false,false,false,true,expert_human_reviewer,2026-10-05,,photometric,(same as original)
gqa-2387265,Do you see any boys or women?,jpeg_quality_92,F:\Sadik\semantic-causal-pathway\.venv\data\vqa_v2\variants\gqa-2387265__jpeg_quality_92.png,true,true,true,true,expert_human_reviewer,2026-10-05,probe,jpeg_compression,(same as original)
gqa-2387265,Do you see any boys or women?,jpeg_quality_98,F:\Sadik\semantic-causal-pathway\.venv\data\vqa_v2\variants\gqa-2387265__jpeg_quality_98.png,true,true,true,true,expert_human_reviewer,2026-10-05,probe,jpeg_compression,(same as original)
gqa-2387265,Do you see any boys or women?,translate_left_2pct,F:\Sadik\semantic-causal-pathway\.venv\data\vqa_v2\variants\gqa-2387265__translate_left_2pct.png,true,true,true,true,expert_human_reviewer,2026-10-05,heldout,translation,variants/masks/gqa-2387265__translate_left_2pct.png
gqa-2387265,Do you see any boys or women?,translate_right_2pct,F:\Sadik\semantic-causal-pathway\.venv\data\vqa_v2\variants\gqa-2387265__translate_right_2pct.png,true,true,true,true,expert_human_reviewer,2026-10-05,heldout,translation,variants/masks/gqa-2387265__translate_right_2pct.png
gqa-2387265,Do you see any boys or women?,translate_up_2pct,F:\Sadik\semantic-causal-pathway\.venv\data\vqa_v2\variants\gqa-2387265__translate_up_2pct.png,false,false,false,true,expert_human_reviewer,2026-10-05,,translation,variants/masks/gqa-2387265__translate_up_2pct.png
gqa-2387265,Do you see any boys or women?,translate_down_2pct,F:\Sadik\semantic-causal-pathway\.venv\data\vqa_v2\variants\gqa-2387265__translate_down_2pct.png,false,false,false,true,expert_human_reviewer,2026-10-05,,translation,variants/masks/gqa-2387265__translate_down_2pct.png
gqa-2387265,Do you see any boys or women?,background_blur,F:\Sadik\semantic-causal-pathway\.venv\data\vqa_v2\variants\gqa-2387265__background_blur.png,false,false,false,true,expert_human_reviewer,2026-10-05,,background_edit,(same as original)
gqa-2387265,Do you see any boys or women?,background_neutral,F:\Sadik\semantic-causal-pathway\.venv\data\vqa_v2\variants\gqa-2387265__background_neutral.png,false,false,false,true,expert_human_reviewer,2026-10-05,,background_edit,(same as original)
gqa-2387265,Do you see any boys or women?,jpeg_quality_10,F:\Sadik\semantic-causal-pathway\.venv\data\vqa_v2\variants\gqa-2387265__jpeg_quality_10.png,false,false,false,true,expert_human_reviewer,2026-10-05,,jpeg_compression,(rejected)
gqa-2387265,Do you see any boys or women?,jpeg_quality_20,F:\Sadik\semantic-causal-pathway\.venv\data\vqa_v2\variants\gqa-2387265__jpeg_quality_20.png,false,false,false,true,expert_human_reviewer,2026-10-05,,jpeg_compression,(rejected)
gqa-2387265,Do you see any boys or women?,translate_left_15pct,F:\Sadik\semantic-causal-pathway\.venv\data\vqa_v2\variants\gqa-2387265__translate_left_15pct.png,false,false,false,true,expert_human_reviewer,2026-10-05,,translation,(rejected)
gqa-2387265,Do you see any boys or women?,contrast_2.0,F:\Sadik\semantic-causal-pathway\.venv\data\vqa_v2\variants\gqa-2387265__contrast_2.0.png,false,false,false,true,expert_human_reviewer,2026-10-05,,unclassified,(rejected)
gqa-2330701,Which kind of vehicle is on the road?,brightness_0.97,F:\Sadik\semantic-causal-pathway\.venv\data\vqa_v2\variants\gqa-2330701__brightness_0.97.png,false,false,false,true,expert_human_reviewer,2026-10-05,,photometric,(same as original)
gqa-2330701,Which kind of vehicle is on the road?,contrast_1.03,F:\Sadik\semantic-causal-pathway\.venv\data\vqa_v2\variants\gqa-2330701__contrast_1.03.png,false,false,false,true,expert_human_reviewer,2026-10-05,,photometric,(same as original)
gqa-2330701,Which kind of vehicle is on the road?,jpeg_quality_92,F:\Sadik\semantic-causal-pathway\.venv\data\vqa_v2\variants\gqa-2330701__jpeg_quality_92.png,true,true,true,true,expert_human_reviewer,2026-10-05,probe,jpeg_compression,(same as original)
gqa-2330701,Which kind of vehicle is on the road?,jpeg_quality_98,F:\Sadik\semantic-causal-pathway\.venv\data\vqa_v2\variants\gqa-2330701__jpeg_quality_98.png,true,true,true,true,expert_human_reviewer,2026-10-05,probe,jpeg_compression,(same as original)
gqa-2330701,Which kind of vehicle is on the road?,translate_left_2pct,F:\Sadik\semantic-causal-pathway\.venv\data\vqa_v2\variants\gqa-2330701__translate_left_2pct.png,true,true,true,true,expert_human_reviewer,2026-10-05,heldout,translation,variants/masks/gqa-2330701__translate_left_2pct.png
gqa-2330701,Which kind of vehicle is on the road?,translate_right_2pct,F:\Sadik\semantic-causal-pathway\.venv\data\vqa_v2\variants\gqa-2330701__translate_right_2pct.png,true,true,true,true,expert_human_reviewer,2026-10-05,heldout,translation,variants/masks/gqa-2330701__translate_right_2pct.png
gqa-2330701,Which kind of vehicle is on the road?,translate_up_2pct,F:\Sadik\semantic-causal-pathway\.venv\data\vqa_v2\variants\gqa-2330701__translate_up_2pct.png,false,false,false,true,expert_human_reviewer,2026-10-05,,translation,variants/masks/gqa-2330701__translate_up_2pct.png
gqa-2330701,Which kind of vehicle is on the road?,translate_down_2pct,F:\Sadik\semantic-causal-pathway\.venv\data\vqa_v2\variants\gqa-2330701__translate_down_2pct.png,false,false,false,true,expert_human_reviewer,2026-10-05,,translation,variants/masks/gqa-2330701__translate_down_2pct.png
gqa-2330701,Which kind of vehicle is on the road?,background_blur,F:\Sadik\semantic-causal-pathway\.venv\data\vqa_v2\variants\gqa-2330701__background_blur.png,false,false,false,true,expert_human_reviewer,2026-10-05,,background_edit,(same as original)
gqa-2330701,Which kind of vehicle is on the road?,background_neutral,F:\Sadik\semantic-causal-pathway\.venv\data\vqa_v2\variants\gqa-2330701__background_neutral.png,false,false,false,true,expert_human_reviewer,2026-10-05,,background_edit,(same as original)
gqa-2330701,Which kind of vehicle is on the road?,jpeg_quality_10,F:\Sadik\semantic-causal-pathway\.venv\data\vqa_v2\variants\gqa-2330701__jpeg_quality_10.png,false,false,false,true,expert_human_reviewer,2026-10-05,,jpeg_compression,(rejected)
gqa-2330701,Which kind of vehicle is on the road?,jpeg_quality_20,F:\Sadik\semantic-causal-pathway\.venv\data\vqa_v2\variants\gqa-2330701__jpeg_quality_20.png,false,false,false,true,expert_human_reviewer,2026-10-05,,jpeg_compression,(rejected)
gqa-2330701,Which kind of vehicle is on the road?,translate_left_15pct,F:\Sadik\semantic-causal-pathway\.venv\data\vqa_v2\variants\gqa-2330701__translate_left_15pct.png,false,false,false,true,expert_human_reviewer,2026-10-05,,translation,(rejected)
gqa-2330701,Which kind of vehicle is on the road?,contrast_2.0,F:\Sadik\semantic-causal-pathway\.venv\data\vqa_v2\variants\gqa-2330701__contrast_2.0.png,false,false,false,true,expert_human_reviewer,2026-10-05,,unclassified,(rejected)
gqa-2374541,Are there any potatoes to the right of the meat with the sauce?,brightness_0.97,F:\Sadik\semantic-causal-pathway\.venv\data\vqa_v2\variants\gqa-2374541__brightness_0.97.png,false,false,false,true,expert_human_reviewer,2026-10-05,,photometric,(same as original)
gqa-2374541,Are there any potatoes to the right of the meat with the sauce?,contrast_1.03,F:\Sadik\semantic-causal-pathway\.venv\data\vqa_v2\variants\gqa-2374541__contrast_1.03.png,false,false,false,true,expert_human_reviewer,2026-10-05,,photometric,(same as original)
gqa-2374541,Are there any potatoes to the right of the meat with the sauce?,jpeg_quality_92,F:\Sadik\semantic-causal-pathway\.venv\data\vqa_v2\variants\gqa-2374541__jpeg_quality_92.png,true,true,true,true,expert_human_reviewer,2026-10-05,probe,jpeg_compression,(same as original)
gqa-2374541,Are there any potatoes to the right of the meat with the sauce?,jpeg_quality_98,F:\Sadik\semantic-causal-pathway\.venv\data\vqa_v2\variants\gqa-2374541__jpeg_quality_98.png,true,true,true,true,expert_human_reviewer,2026-10-05,probe,jpeg_compression,(same as original)
gqa-2374541,Are there any potatoes to the right of the meat with the sauce?,translate_left_2pct,F:\Sadik\semantic-causal-pathway\.venv\data\vqa_v2\variants\gqa-2374541__translate_left_2pct.png,true,true,true,true,expert_human_reviewer,2026-10-05,heldout,translation,variants/masks/gqa-2374541__translate_left_2pct.png
gqa-2374541,Are there any potatoes to the right of the meat with the sauce?,translate_right_2pct,F:\Sadik\semantic-causal-pathway\.venv\data\vqa_v2\variants\gqa-2374541__translate_right_2pct.png,true,true,true,true,expert_human_reviewer,2026-10-05,heldout,translation,variants/masks/gqa-2374541__translate_right_2pct.png
gqa-2374541,Are there any potatoes to the right of the meat with the sauce?,translate_up_2pct,F:\Sadik\semantic-causal-pathway\.venv\data\vqa_v2\variants\gqa-2374541__translate_up_2pct.png,false,false,false,true,expert_human_reviewer,2026-10-05,,translation,variants/masks/gqa-2374541__translate_up_2pct.png
gqa-2374541,Are there any potatoes to the right of the meat with the sauce?,translate_down_2pct,F:\Sadik\semantic-causal-pathway\.venv\data\vqa_v2\variants\gqa-2374541__translate_down_2pct.png,false,false,false,true,expert_human_reviewer,2026-10-05,,translation,variants/masks/gqa-2374541__translate_down_2pct.png
gqa-2374541,Are there any potatoes to the right of the meat with the sauce?,background_blur,F:\Sadik\semantic-causal-pathway\.venv\data\vqa_v2\variants\gqa-2374541__background_blur.png,false,false,false,true,expert_human_reviewer,2026-10-05,,background_edit,(same as original)
gqa-2374541,Are there any potatoes to the right of the meat with the sauce?,background_neutral,F:\Sadik\semantic-causal-pathway\.venv\data\vqa_v2\variants\gqa-2374541__background_neutral.png,false,false,false,true,expert_human_reviewer,2026-10-05,,background_edit,(same as original)
gqa-2374541,Are there any potatoes to the right of the meat with the sauce?,jpeg_quality_10,F:\Sadik\semantic-causal-pathway\.venv\data\vqa_v2\variants\gqa-2374541__jpeg_quality_10.png,false,false,false,true,expert_human_reviewer,2026-10-05,,jpeg_compression,(rejected)
gqa-2374541,Are there any potatoes to the right of the meat with the sauce?,jpeg_quality_20,F:\Sadik\semantic-causal-pathway\.venv\data\vqa_v2\variants\gqa-2374541__jpeg_quality_20.png,false,false,false,true,expert_human_reviewer,2026-10-05,,jpeg_compression,(rejected)
gqa-2374541,Are there any potatoes to the right of the meat with the sauce?,translate_left_15pct,F:\Sadik\semantic-causal-pathway\.venv\data\vqa_v2\variants\gqa-2374541__translate_left_15pct.png,false,false,false,true,expert_human_reviewer,2026-10-05,,translation,(rejected)
gqa-2374541,Are there any potatoes to the right of the meat with the sauce?,contrast_2.0,F:\Sadik\semantic-causal-pathway\.venv\data\vqa_v2\variants\gqa-2374541__contrast_2.0.png,false,false,false,true,expert_human_reviewer,2026-10-05,,unclassified,(rejected)
gqa-2342004,"In which part of the image is the bag, the top or the bottom?",brightness_0.97,F:\Sadik\semantic-causal-pathway\.venv\data\vqa_v2\variants\gqa-2342004__brightness_0.97.png,false,false,false,true,expert_human_reviewer,2026-10-05,,photometric,(same as original)
gqa-2342004,"In which part of the image is the bag, the top or the bottom?",contrast_1.03,F:\Sadik\semantic-causal-pathway\.venv\data\vqa_v2\variants\gqa-2342004__contrast_1.03.png,false,false,false,true,expert_human_reviewer,2026-10-05,,photometric,(same as original)
gqa-2342004,"In which part of the image is the bag, the top or the bottom?",jpeg_quality_92,F:\Sadik\semantic-causal-pathway\.venv\data\vqa_v2\variants\gqa-2342004__jpeg_quality_92.png,true,true,true,true,expert_human_reviewer,2026-10-05,probe,jpeg_compression,(same as original)
gqa-2342004,"In which part of the image is the bag, the top or the bottom?",jpeg_quality_98,F:\Sadik\semantic-causal-pathway\.venv\data\vqa_v2\variants\gqa-2342004__jpeg_quality_98.png,true,true,true,true,expert_human_reviewer,2026-10-05,probe,jpeg_compression,(same as original)
gqa-2342004,"In which part of the image is the bag, the top or the bottom?",translate_left_2pct,F:\Sadik\semantic-causal-pathway\.venv\data\vqa_v2\variants\gqa-2342004__translate_left_2pct.png,true,true,true,true,expert_human_reviewer,2026-10-05,heldout,translation,variants/masks/gqa-2342004__translate_left_2pct.png
gqa-2342004,"In which part of the image is the bag, the top or the bottom?",translate_right_2pct,F:\Sadik\semantic-causal-pathway\.venv\data\vqa_v2\variants\gqa-2342004__translate_right_2pct.png,true,true,true,true,expert_human_reviewer,2026-10-05,heldout,translation,variants/masks/gqa-2342004__translate_right_2pct.png
gqa-2342004,"In which part of the image is the bag, the top or the bottom?",translate_up_2pct,F:\Sadik\semantic-causal-pathway\.venv\data\vqa_v2\variants\gqa-2342004__translate_up_2pct.png,false,false,false,true,expert_human_reviewer,2026-10-05,,translation,variants/masks/gqa-2342004__translate_up_2pct.png
gqa-2342004,"In which part of the image is the bag, the top or the bottom?",translate_down_2pct,F:\Sadik\semantic-causal-pathway\.venv\data\vqa_v2\variants\gqa-2342004__translate_down_2pct.png,false,false,false,true,expert_human_reviewer,2026-10-05,,translation,variants/masks/gqa-2342004__translate_down_2pct.png
gqa-2342004,"In which part of the image is the bag, the top or the bottom?",background_blur,F:\Sadik\semantic-causal-pathway\.venv\data\vqa_v2\variants\gqa-2342004__background_blur.png,false,false,false,true,expert_human_reviewer,2026-10-05,,background_edit,(same as original)
gqa-2342004,"In which part of the image is the bag, the top or the bottom?",background_neutral,F:\Sadik\semantic-causal-pathway\.venv\data\vqa_v2\variants\gqa-2342004__background_neutral.png,false,false,false,true,expert_human_reviewer,2026-10-05,,background_edit,(same as original)
gqa-2342004,"In which part of the image is the bag, the top or the bottom?",jpeg_quality_10,F:\Sadik\semantic-causal-pathway\.venv\data\vqa_v2\variants\gqa-2342004__jpeg_quality_10.png,false,false,false,true,expert_human_reviewer,2026-10-05,,jpeg_compression,(rejected)
gqa-2342004,"In which part of the image is the bag, the top or the bottom?",jpeg_quality_20,F:\Sadik\semantic-causal-pathway\.venv\data\vqa_v2\variants\gqa-2342004__jpeg_quality_20.png,false,false,false,true,expert_human_reviewer,2026-10-05,,jpeg_compression,(rejected)
gqa-2342004,"In which part of the image is the bag, the top or the bottom?",translate_left_15pct,F:\Sadik\semantic-causal-pathway\.venv\data\vqa_v2\variants\gqa-2342004__translate_left_15pct.png,false,false,false,true,expert_human_reviewer,2026-10-05,,translation,(rejected)
gqa-2342004,"In which part of the image is the bag, the top or the bottom?",contrast_2.0,F:\Sadik\semantic-causal-pathway\.venv\data\vqa_v2\variants\gqa-2342004__contrast_2.0.png,false,false,false,true,expert_human_reviewer,2026-10-05,,unclassified,(rejected)
vqav2-328464,What number is on the sail?,brightness_0.97,F:\Sadik\semantic-causal-pathway\.venv\data\vqa_v2\variants\vqav2-328464__brightness_0.97.png,false,false,false,true,expert_human_reviewer,2026-10-05,,photometric,(same as original)
vqav2-328464,What number is on the sail?,contrast_1.03,F:\Sadik\semantic-causal-pathway\.venv\data\vqa_v2\variants\vqav2-328464__contrast_1.03.png,false,false,false,true,expert_human_reviewer,2026-10-05,,photometric,(same as original)
vqav2-328464,What number is on the sail?,jpeg_quality_92,F:\Sadik\semantic-causal-pathway\.venv\data\vqa_v2\variants\vqav2-328464__jpeg_quality_92.png,true,true,true,true,expert_human_reviewer,2026-10-05,probe,jpeg_compression,(same as original)
vqav2-328464,What number is on the sail?,jpeg_quality_98,F:\Sadik\semantic-causal-pathway\.venv\data\vqa_v2\variants\vqav2-328464__jpeg_quality_98.png,true,true,true,true,expert_human_reviewer,2026-10-05,probe,jpeg_compression,(same as original)
vqav2-328464,What number is on the sail?,translate_left_2pct,F:\Sadik\semantic-causal-pathway\.venv\data\vqa_v2\variants\vqav2-328464__translate_left_2pct.png,true,true,true,true,expert_human_reviewer,2026-10-05,heldout,translation,variants/masks/vqav2-328464__translate_left_2pct.png
vqav2-328464,What number is on the sail?,translate_right_2pct,F:\Sadik\semantic-causal-pathway\.venv\data\vqa_v2\variants\vqav2-328464__translate_right_2pct.png,true,true,true,true,expert_human_reviewer,2026-10-05,heldout,translation,variants/masks/vqav2-328464__translate_right_2pct.png
vqav2-328464,What number is on the sail?,translate_up_2pct,F:\Sadik\semantic-causal-pathway\.venv\data\vqa_v2\variants\vqav2-328464__translate_up_2pct.png,false,false,false,true,expert_human_reviewer,2026-10-05,,translation,variants/masks/vqav2-328464__translate_up_2pct.png
vqav2-328464,What number is on the sail?,translate_down_2pct,F:\Sadik\semantic-causal-pathway\.venv\data\vqa_v2\variants\vqav2-328464__translate_down_2pct.png,false,false,false,true,expert_human_reviewer,2026-10-05,,translation,variants/masks/vqav2-328464__translate_down_2pct.png
vqav2-328464,What number is on the sail?,background_blur,F:\Sadik\semantic-causal-pathway\.venv\data\vqa_v2\variants\vqav2-328464__background_blur.png,false,false,false,true,expert_human_reviewer,2026-10-05,,background_edit,(same as original)
vqav2-328464,What number is on the sail?,background_neutral,F:\Sadik\semantic-causal-pathway\.venv\data\vqa_v2\variants\vqav2-328464__background_neutral.png,false,false,false,true,expert_human_reviewer,2026-10-05,,background_edit,(same as original)
vqav2-328464,What number is on the sail?,jpeg_quality_10,F:\Sadik\semantic-causal-pathway\.venv\data\vqa_v2\variants\vqav2-328464__jpeg_quality_10.png,false,false,false,true,expert_human_reviewer,2026-10-05,,jpeg_compression,(rejected)
vqav2-328464,What number is on the sail?,jpeg_quality_20,F:\Sadik\semantic-causal-pathway\.venv\data\vqa_v2\variants\vqav2-328464__jpeg_quality_20.png,false,false,false,true,expert_human_reviewer,2026-10-05,,jpeg_compression,(rejected)
vqav2-328464,What number is on the sail?,translate_left_15pct,F:\Sadik\semantic-causal-pathway\.venv\data\vqa_v2\variants\vqav2-328464__translate_left_15pct.png,false,false,false,true,expert_human_reviewer,2026-10-05,,translation,(rejected)
vqav2-328464,What number is on the sail?,contrast_2.0,F:\Sadik\semantic-causal-pathway\.venv\data\vqa_v2\variants\vqav2-328464__contrast_2.0.png,false,false,false,true,expert_human_reviewer,2026-10-05,,unclassified,(rejected)
vqav2-295956,What are the people playing?,brightness_0.97,F:\Sadik\semantic-causal-pathway\.venv\data\vqa_v2\variants\vqav2-295956__brightness_0.97.png,false,false,false,true,expert_human_reviewer,2026-10-05,,photometric,(same as original)
vqav2-295956,What are the people playing?,contrast_1.03,F:\Sadik\semantic-causal-pathway\.venv\data\vqa_v2\variants\vqav2-295956__contrast_1.03.png,false,false,false,true,expert_human_reviewer,2026-10-05,,photometric,(same as original)
vqav2-295956,What are the people playing?,jpeg_quality_92,F:\Sadik\semantic-causal-pathway\.venv\data\vqa_v2\variants\vqav2-295956__jpeg_quality_92.png,true,true,true,true,expert_human_reviewer,2026-10-05,probe,jpeg_compression,(same as original)
vqav2-295956,What are the people playing?,jpeg_quality_98,F:\Sadik\semantic-causal-pathway\.venv\data\vqa_v2\variants\vqav2-295956__jpeg_quality_98.png,true,true,true,true,expert_human_reviewer,2026-10-05,probe,jpeg_compression,(same as original)
vqav2-295956,What are the people playing?,translate_left_2pct,F:\Sadik\semantic-causal-pathway\.venv\data\vqa_v2\variants\vqav2-295956__translate_left_2pct.png,true,true,true,true,expert_human_reviewer,2026-10-05,heldout,translation,variants/masks/vqav2-295956__translate_left_2pct.png
vqav2-295956,What are the people playing?,translate_right_2pct,F:\Sadik\semantic-causal-pathway\.venv\data\vqa_v2\variants\vqav2-295956__translate_right_2pct.png,true,true,true,true,expert_human_reviewer,2026-10-05,heldout,translation,variants/masks/vqav2-295956__translate_right_2pct.png
vqav2-295956,What are the people playing?,translate_up_2pct,F:\Sadik\semantic-causal-pathway\.venv\data\vqa_v2\variants\vqav2-295956__translate_up_2pct.png,false,false,false,true,expert_human_reviewer,2026-10-05,,translation,variants/masks/vqav2-295956__translate_up_2pct.png
vqav2-295956,What are the people playing?,translate_down_2pct,F:\Sadik\semantic-causal-pathway\.venv\data\vqa_v2\variants\vqav2-295956__translate_down_2pct.png,false,false,false,true,expert_human_reviewer,2026-10-05,,translation,variants/masks/vqav2-295956__translate_down_2pct.png
vqav2-295956,What are the people playing?,background_blur,F:\Sadik\semantic-causal-pathway\.venv\data\vqa_v2\variants\vqav2-295956__background_blur.png,false,false,false,true,expert_human_reviewer,2026-10-05,,background_edit,(same as original)
vqav2-295956,What are the people playing?,background_neutral,F:\Sadik\semantic-causal-pathway\.venv\data\vqa_v2\variants\vqav2-295956__background_neutral.png,false,false,false,true,expert_human_reviewer,2026-10-05,,background_edit,(same as original)
vqav2-295956,What are the people playing?,jpeg_quality_10,F:\Sadik\semantic-causal-pathway\.venv\data\vqa_v2\variants\vqav2-295956__jpeg_quality_10.png,false,false,false,true,expert_human_reviewer,2026-10-05,,jpeg_compression,(rejected)
vqav2-295956,What are the people playing?,jpeg_quality_20,F:\Sadik\semantic-causal-pathway\.venv\data\vqa_v2\variants\vqav2-295956__jpeg_quality_20.png,false,false,false,true,expert_human_reviewer,2026-10-05,,jpeg_compression,(rejected)
vqav2-295956,What are the people playing?,translate_left_15pct,F:\Sadik\semantic-causal-pathway\.venv\data\vqa_v2\variants\vqav2-295956__translate_left_15pct.png,false,false,false,true,expert_human_reviewer,2026-10-05,,translation,(rejected)
vqav2-295956,What are the people playing?,contrast_2.0,F:\Sadik\semantic-causal-pathway\.venv\data\vqa_v2\variants\vqav2-295956__contrast_2.0.png,false,false,false,true,expert_human_reviewer,2026-10-05,,unclassified,(rejected)
gqa-2380928,"On which side of the photo is the surfboard of the person, the left or the right?",brightness_0.97,F:\Sadik\semantic-causal-pathway\.venv\data\vqa_v2\variants\gqa-2380928__brightness_0.97.png,false,false,false,true,expert_human_reviewer,2026-10-05,,photometric,(same as original)
gqa-2380928,"On which side of the photo is the surfboard of the person, the left or the right?",contrast_1.03,F:\Sadik\semantic-causal-pathway\.venv\data\vqa_v2\variants\gqa-2380928__contrast_1.03.png,false,false,false,true,expert_human_reviewer,2026-10-05,,photometric,(same as original)
gqa-2380928,"On which side of the photo is the surfboard of the person, the left or the right?",jpeg_quality_92,F:\Sadik\semantic-causal-pathway\.venv\data\vqa_v2\variants\gqa-2380928__jpeg_quality_92.png,true,true,true,true,expert_human_reviewer,2026-10-05,probe,jpeg_compression,(same as original)
gqa-2380928,"On which side of the photo is the surfboard of the person, the left or the right?",jpeg_quality_98,F:\Sadik\semantic-causal-pathway\.venv\data\vqa_v2\variants\gqa-2380928__jpeg_quality_98.png,true,true,true,true,expert_human_reviewer,2026-10-05,probe,jpeg_compression,(same as original)
gqa-2380928,"On which side of the photo is the surfboard of the person, the left or the right?",translate_left_2pct,F:\Sadik\semantic-causal-pathway\.venv\data\vqa_v2\variants\gqa-2380928__translate_left_2pct.png,true,true,true,true,expert_human_reviewer,2026-10-05,heldout,translation,variants/masks/gqa-2380928__translate_left_2pct.png
gqa-2380928,"On which side of the photo is the surfboard of the person, the left or the right?",translate_right_2pct,F:\Sadik\semantic-causal-pathway\.venv\data\vqa_v2\variants\gqa-2380928__translate_right_2pct.png,true,true,true,true,expert_human_reviewer,2026-10-05,heldout,translation,variants/masks/gqa-2380928__translate_right_2pct.png
gqa-2380928,"On which side of the photo is the surfboard of the person, the left or the right?",translate_up_2pct,F:\Sadik\semantic-causal-pathway\.venv\data\vqa_v2\variants\gqa-2380928__translate_up_2pct.png,false,false,false,true,expert_human_reviewer,2026-10-05,,translation,variants/masks/gqa-2380928__translate_up_2pct.png
gqa-2380928,"On which side of the photo is the surfboard of the person, the left or the right?",translate_down_2pct,F:\Sadik\semantic-causal-pathway\.venv\data\vqa_v2\variants\gqa-2380928__translate_down_2pct.png,false,false,false,true,expert_human_reviewer,2026-10-05,,translation,variants/masks/gqa-2380928__translate_down_2pct.png
gqa-2380928,"On which side of the photo is the surfboard of the person, the left or the right?",background_blur,F:\Sadik\semantic-causal-pathway\.venv\data\vqa_v2\variants\gqa-2380928__background_blur.png,false,false,false,true,expert_human_reviewer,2026-10-05,,background_edit,(same as original)
gqa-2380928,"On which side of the photo is the surfboard of the person, the left or the right?",background_neutral,F:\Sadik\semantic-causal-pathway\.venv\data\vqa_v2\variants\gqa-2380928__background_neutral.png,false,false,false,true,expert_human_reviewer,2026-10-05,,background_edit,(same as original)
gqa-2380928,"On which side of the photo is the surfboard of the person, the left or the right?",jpeg_quality_10,F:\Sadik\semantic-causal-pathway\.venv\data\vqa_v2\variants\gqa-2380928__jpeg_quality_10.png,false,false,false,true,expert_human_reviewer,2026-10-05,,jpeg_compression,(rejected)
gqa-2380928,"On which side of the photo is the surfboard of the person, the left or the right?",jpeg_quality_20,F:\Sadik\semantic-causal-pathway\.venv\data\vqa_v2\variants\gqa-2380928__jpeg_quality_20.png,false,false,false,true,expert_human_reviewer,2026-10-05,,jpeg_compression,(rejected)
gqa-2380928,"On which side of the photo is the surfboard of the person, the left or the right?",translate_left_15pct,F:\Sadik\semantic-causal-pathway\.venv\data\vqa_v2\variants\gqa-2380928__translate_left_15pct.png,false,false,false,true,expert_human_reviewer,2026-10-05,,translation,(rejected)
gqa-2380928,"On which side of the photo is the surfboard of the person, the left or the right?",contrast_2.0,F:\Sadik\semantic-causal-pathway\.venv\data\vqa_v2\variants\gqa-2380928__contrast_2.0.png,false,false,false,true,expert_human_reviewer,2026-10-05,,unclassified,(rejected)
gqa-1218,Are these animals all the same type?,brightness_0.97,F:\Sadik\semantic-causal-pathway\.venv\data\vqa_v2\variants\gqa-1218__brightness_0.97.png,false,false,false,true,expert_human_reviewer,2026-10-05,,photometric,(same as original)
gqa-1218,Are these animals all the same type?,contrast_1.03,F:\Sadik\semantic-causal-pathway\.venv\data\vqa_v2\variants\gqa-1218__contrast_1.03.png,false,false,false,true,expert_human_reviewer,2026-10-05,,photometric,(same as original)
gqa-1218,Are these animals all the same type?,jpeg_quality_92,F:\Sadik\semantic-causal-pathway\.venv\data\vqa_v2\variants\gqa-1218__jpeg_quality_92.png,true,true,true,true,expert_human_reviewer,2026-10-05,probe,jpeg_compression,(same as original)
gqa-1218,Are these animals all the same type?,jpeg_quality_98,F:\Sadik\semantic-causal-pathway\.venv\data\vqa_v2\variants\gqa-1218__jpeg_quality_98.png,true,true,true,true,expert_human_reviewer,2026-10-05,probe,jpeg_compression,(same as original)
gqa-1218,Are these animals all the same type?,translate_left_2pct,F:\Sadik\semantic-causal-pathway\.venv\data\vqa_v2\variants\gqa-1218__translate_left_2pct.png,true,true,true,true,expert_human_reviewer,2026-10-05,heldout,translation,variants/masks/gqa-1218__translate_left_2pct.png
gqa-1218,Are these animals all the same type?,translate_right_2pct,F:\Sadik\semantic-causal-pathway\.venv\data\vqa_v2\variants\gqa-1218__translate_right_2pct.png,true,true,true,true,expert_human_reviewer,2026-10-05,heldout,translation,variants/masks/gqa-1218__translate_right_2pct.png
gqa-1218,Are these animals all the same type?,translate_up_2pct,F:\Sadik\semantic-causal-pathway\.venv\data\vqa_v2\variants\gqa-1218__translate_up_2pct.png,false,false,false,true,expert_human_reviewer,2026-10-05,,translation,variants/masks/gqa-1218__translate_up_2pct.png
gqa-1218,Are these animals all the same type?,translate_down_2pct,F:\Sadik\semantic-causal-pathway\.venv\data\vqa_v2\variants\gqa-1218__translate_down_2pct.png,false,false,false,true,expert_human_reviewer,2026-10-05,,translation,variants/masks/gqa-1218__translate_down_2pct.png
gqa-1218,Are these animals all the same type?,background_blur,F:\Sadik\semantic-causal-pathway\.venv\data\vqa_v2\variants\gqa-1218__background_blur.png,false,false,false,true,expert_human_reviewer,2026-10-05,,background_edit,(same as original)
gqa-1218,Are these animals all the same type?,background_neutral,F:\Sadik\semantic-causal-pathway\.venv\data\vqa_v2\variants\gqa-1218__background_neutral.png,false,false,false,true,expert_human_reviewer,2026-10-05,,background_edit,(same as original)
gqa-1218,Are these animals all the same type?,jpeg_quality_10,F:\Sadik\semantic-causal-pathway\.venv\data\vqa_v2\variants\gqa-1218__jpeg_quality_10.png,false,false,false,true,expert_human_reviewer,2026-10-05,,jpeg_compression,(rejected)
gqa-1218,Are these animals all the same type?,jpeg_quality_20,F:\Sadik\semantic-causal-pathway\.venv\data\vqa_v2\variants\gqa-1218__jpeg_quality_20.png,false,false,false,true,expert_human_reviewer,2026-10-05,,jpeg_compression,(rejected)
gqa-1218,Are these animals all the same type?,translate_left_15pct,F:\Sadik\semantic-causal-pathway\.venv\data\vqa_v2\variants\gqa-1218__translate_left_15pct.png,false,false,false,true,expert_human_reviewer,2026-10-05,,translation,(rejected)
gqa-1218,Are these animals all the same type?,contrast_2.0,F:\Sadik\semantic-causal-pathway\.venv\data\vqa_v2\variants\gqa-1218__contrast_2.0.png,false,false,false,true,expert_human_reviewer,2026-10-05,,unclassified,(rejected)
vqav2-72428,Is there anything visible in the trash can?,brightness_0.97,F:\Sadik\semantic-causal-pathway\.venv\data\vqa_v2\variants\vqav2-72428__brightness_0.97.png,false,false,false,true,expert_human_reviewer,2026-10-05,,photometric,(same as original)
vqav2-72428,Is there anything visible in the trash can?,contrast_1.03,F:\Sadik\semantic-causal-pathway\.venv\data\vqa_v2\variants\vqav2-72428__contrast_1.03.png,false,false,false,true,expert_human_reviewer,2026-10-05,,photometric,(same as original)
vqav2-72428,Is there anything visible in the trash can?,jpeg_quality_92,F:\Sadik\semantic-causal-pathway\.venv\data\vqa_v2\variants\vqav2-72428__jpeg_quality_92.png,true,true,true,true,expert_human_reviewer,2026-10-05,probe,jpeg_compression,(same as original)
vqav2-72428,Is there anything visible in the trash can?,jpeg_quality_98,F:\Sadik\semantic-causal-pathway\.venv\data\vqa_v2\variants\vqav2-72428__jpeg_quality_98.png,true,true,true,true,expert_human_reviewer,2026-10-05,probe,jpeg_compression,(same as original)
vqav2-72428,Is there anything visible in the trash can?,translate_left_2pct,F:\Sadik\semantic-causal-pathway\.venv\data\vqa_v2\variants\vqav2-72428__translate_left_2pct.png,true,true,true,true,expert_human_reviewer,2026-10-05,heldout,translation,variants/masks/vqav2-72428__translate_left_2pct.png
vqav2-72428,Is there anything visible in the trash can?,translate_right_2pct,F:\Sadik\semantic-causal-pathway\.venv\data\vqa_v2\variants\vqav2-72428__translate_right_2pct.png,true,true,true,true,expert_human_reviewer,2026-10-05,heldout,translation,variants/masks/vqav2-72428__translate_right_2pct.png
vqav2-72428,Is there anything visible in the trash can?,translate_up_2pct,F:\Sadik\semantic-causal-pathway\.venv\data\vqa_v2\variants\vqav2-72428__translate_up_2pct.png,false,false,false,true,expert_human_reviewer,2026-10-05,,translation,variants/masks/vqav2-72428__translate_up_2pct.png
vqav2-72428,Is there anything visible in the trash can?,translate_down_2pct,F:\Sadik\semantic-causal-pathway\.venv\data\vqa_v2\variants\vqav2-72428__translate_down_2pct.png,false,false,false,true,expert_human_reviewer,2026-10-05,,translation,variants/masks/vqav2-72428__translate_down_2pct.png
vqav2-72428,Is there anything visible in the trash can?,background_blur,F:\Sadik\semantic-causal-pathway\.venv\data\vqa_v2\variants\vqav2-72428__background_blur.png,false,false,false,true,expert_human_reviewer,2026-10-05,,background_edit,(same as original)
vqav2-72428,Is there anything visible in the trash can?,background_neutral,F:\Sadik\semantic-causal-pathway\.venv\data\vqa_v2\variants\vqav2-72428__background_neutral.png,false,false,false,true,expert_human_reviewer,2026-10-05,,background_edit,(same as original)
vqav2-72428,Is there anything visible in the trash can?,jpeg_quality_10,F:\Sadik\semantic-causal-pathway\.venv\data\vqa_v2\variants\vqav2-72428__jpeg_quality_10.png,false,false,false,true,expert_human_reviewer,2026-10-05,,jpeg_compression,(rejected)
vqav2-72428,Is there anything visible in the trash can?,jpeg_quality_20,F:\Sadik\semantic-causal-pathway\.venv\data\vqa_v2\variants\vqav2-72428__jpeg_quality_20.png,false,false,false,true,expert_human_reviewer,2026-10-05,,jpeg_compression,(rejected)
vqav2-72428,Is there anything visible in the trash can?,translate_left_15pct,F:\Sadik\semantic-causal-pathway\.venv\data\vqa_v2\variants\vqav2-72428__translate_left_15pct.png,false,false,false,true,expert_human_reviewer,2026-10-05,,translation,(rejected)
vqav2-72428,Is there anything visible in the trash can?,contrast_2.0,F:\Sadik\semantic-causal-pathway\.venv\data\vqa_v2\variants\vqav2-72428__contrast_2.0.png,false,false,false,true,expert_human_reviewer,2026-10-05,,unclassified,(rejected)
vqav2-276720,How many traffic cones are in this picture?,brightness_0.97,F:\Sadik\semantic-causal-pathway\.venv\data\vqa_v2\variants\vqav2-276720__brightness_0.97.png,false,false,false,true,expert_human_reviewer,2026-10-05,,photometric,(same as original)
vqav2-276720,How many traffic cones are in this picture?,contrast_1.03,F:\Sadik\semantic-causal-pathway\.venv\data\vqa_v2\variants\vqav2-276720__contrast_1.03.png,false,false,false,true,expert_human_reviewer,2026-10-05,,photometric,(same as original)
vqav2-276720,How many traffic cones are in this picture?,jpeg_quality_92,F:\Sadik\semantic-causal-pathway\.venv\data\vqa_v2\variants\vqav2-276720__jpeg_quality_92.png,true,true,true,true,expert_human_reviewer,2026-10-05,probe,jpeg_compression,(same as original)
vqav2-276720,How many traffic cones are in this picture?,jpeg_quality_98,F:\Sadik\semantic-causal-pathway\.venv\data\vqa_v2\variants\vqav2-276720__jpeg_quality_98.png,true,true,true,true,expert_human_reviewer,2026-10-05,probe,jpeg_compression,(same as original)
vqav2-276720,How many traffic cones are in this picture?,translate_left_2pct,F:\Sadik\semantic-causal-pathway\.venv\data\vqa_v2\variants\vqav2-276720__translate_left_2pct.png,true,true,true,true,expert_human_reviewer,2026-10-05,heldout,translation,variants/masks/vqav2-276720__translate_left_2pct.png
vqav2-276720,How many traffic cones are in this picture?,translate_right_2pct,F:\Sadik\semantic-causal-pathway\.venv\data\vqa_v2\variants\vqav2-276720__translate_right_2pct.png,true,true,true,true,expert_human_reviewer,2026-10-05,heldout,translation,variants/masks/vqav2-276720__translate_right_2pct.png
vqav2-276720,How many traffic cones are in this picture?,translate_up_2pct,F:\Sadik\semantic-causal-pathway\.venv\data\vqa_v2\variants\vqav2-276720__translate_up_2pct.png,false,false,false,true,expert_human_reviewer,2026-10-05,,translation,variants/masks/vqav2-276720__translate_up_2pct.png
vqav2-276720,How many traffic cones are in this picture?,translate_down_2pct,F:\Sadik\semantic-causal-pathway\.venv\data\vqa_v2\variants\vqav2-276720__translate_down_2pct.png,false,false,false,true,expert_human_reviewer,2026-10-05,,translation,variants/masks/vqav2-276720__translate_down_2pct.png
vqav2-276720,How many traffic cones are in this picture?,background_blur,F:\Sadik\semantic-causal-pathway\.venv\data\vqa_v2\variants\vqav2-276720__background_blur.png,false,false,false,true,expert_human_reviewer,2026-10-05,,background_edit,(same as original)
vqav2-276720,How many traffic cones are in this picture?,background_neutral,F:\Sadik\semantic-causal-pathway\.venv\data\vqa_v2\variants\vqav2-276720__background_neutral.png,false,false,false,true,expert_human_reviewer,2026-10-05,,background_edit,(same as original)
vqav2-276720,How many traffic cones are in this picture?,jpeg_quality_10,F:\Sadik\semantic-causal-pathway\.venv\data\vqa_v2\variants\vqav2-276720__jpeg_quality_10.png,false,false,false,true,expert_human_reviewer,2026-10-05,,jpeg_compression,(rejected)
vqav2-276720,How many traffic cones are in this picture?,jpeg_quality_20,F:\Sadik\semantic-causal-pathway\.venv\data\vqa_v2\variants\vqav2-276720__jpeg_quality_20.png,false,false,false,true,expert_human_reviewer,2026-10-05,,jpeg_compression,(rejected)
vqav2-276720,How many traffic cones are in this picture?,translate_left_15pct,F:\Sadik\semantic-causal-pathway\.venv\data\vqa_v2\variants\vqav2-276720__translate_left_15pct.png,false,false,false,true,expert_human_reviewer,2026-10-05,,translation,(rejected)
vqav2-276720,How many traffic cones are in this picture?,contrast_2.0,F:\Sadik\semantic-causal-pathway\.venv\data\vqa_v2\variants\vqav2-276720__contrast_2.0.png,false,false,false,true,expert_human_reviewer,2026-10-05,,unclassified,(rejected)
gqa-2376178,Is this a table or a bed?,brightness_0.97,F:\Sadik\semantic-causal-pathway\.venv\data\vqa_v2\variants\gqa-2376178__brightness_0.97.png,false,false,false,true,expert_human_reviewer,2026-10-05,,photometric,(same as original)
gqa-2376178,Is this a table or a bed?,contrast_1.03,F:\Sadik\semantic-causal-pathway\.venv\data\vqa_v2\variants\gqa-2376178__contrast_1.03.png,false,false,false,true,expert_human_reviewer,2026-10-05,,photometric,(same as original)
gqa-2376178,Is this a table or a bed?,jpeg_quality_92,F:\Sadik\semantic-causal-pathway\.venv\data\vqa_v2\variants\gqa-2376178__jpeg_quality_92.png,true,true,true,true,expert_human_reviewer,2026-10-05,probe,jpeg_compression,(same as original)
gqa-2376178,Is this a table or a bed?,jpeg_quality_98,F:\Sadik\semantic-causal-pathway\.venv\data\vqa_v2\variants\gqa-2376178__jpeg_quality_98.png,true,true,true,true,expert_human_reviewer,2026-10-05,probe,jpeg_compression,(same as original)
gqa-2376178,Is this a table or a bed?,translate_left_2pct,F:\Sadik\semantic-causal-pathway\.venv\data\vqa_v2\variants\gqa-2376178__translate_left_2pct.png,true,true,true,true,expert_human_reviewer,2026-10-05,heldout,translation,variants/masks/gqa-2376178__translate_left_2pct.png
gqa-2376178,Is this a table or a bed?,translate_right_2pct,F:\Sadik\semantic-causal-pathway\.venv\data\vqa_v2\variants\gqa-2376178__translate_right_2pct.png,true,true,true,true,expert_human_reviewer,2026-10-05,heldout,translation,variants/masks/gqa-2376178__translate_right_2pct.png
gqa-2376178,Is this a table or a bed?,translate_up_2pct,F:\Sadik\semantic-causal-pathway\.venv\data\vqa_v2\variants\gqa-2376178__translate_up_2pct.png,false,false,false,true,expert_human_reviewer,2026-10-05,,translation,variants/masks/gqa-2376178__translate_up_2pct.png
gqa-2376178,Is this a table or a bed?,translate_down_2pct,F:\Sadik\semantic-causal-pathway\.venv\data\vqa_v2\variants\gqa-2376178__translate_down_2pct.png,false,false,false,true,expert_human_reviewer,2026-10-05,,translation,variants/masks/gqa-2376178__translate_down_2pct.png
gqa-2376178,Is this a table or a bed?,background_blur,F:\Sadik\semantic-causal-pathway\.venv\data\vqa_v2\variants\gqa-2376178__background_blur.png,false,false,false,true,expert_human_reviewer,2026-10-05,,background_edit,(same as original)
gqa-2376178,Is this a table or a bed?,background_neutral,F:\Sadik\semantic-causal-pathway\.venv\data\vqa_v2\variants\gqa-2376178__background_neutral.png,false,false,false,true,expert_human_reviewer,2026-10-05,,background_edit,(same as original)
gqa-2376178,Is this a table or a bed?,jpeg_quality_10,F:\Sadik\semantic-causal-pathway\.venv\data\vqa_v2\variants\gqa-2376178__jpeg_quality_10.png,false,false,false,true,expert_human_reviewer,2026-10-05,,jpeg_compression,(rejected)
gqa-2376178,Is this a table or a bed?,jpeg_quality_20,F:\Sadik\semantic-causal-pathway\.venv\data\vqa_v2\variants\gqa-2376178__jpeg_quality_20.png,false,false,false,true,expert_human_reviewer,2026-10-05,,jpeg_compression,(rejected)
gqa-2376178,Is this a table or a bed?,translate_left_15pct,F:\Sadik\semantic-causal-pathway\.venv\data\vqa_v2\variants\gqa-2376178__translate_left_15pct.png,false,false,false,true,expert_human_reviewer,2026-10-05,,translation,(rejected)
gqa-2376178,Is this a table or a bed?,contrast_2.0,F:\Sadik\semantic-causal-pathway\.venv\data\vqa_v2\variants\gqa-2376178__contrast_2.0.png,false,false,false,true,expert_human_reviewer,2026-10-05,,unclassified,(rejected)
vqav2-127785,How many animals?,brightness_0.97,F:\Sadik\semantic-causal-pathway\.venv\data\vqa_v2\variants\vqav2-127785__brightness_0.97.png,false,false,false,true,expert_human_reviewer,2026-10-05,,photometric,(same as original)
vqav2-127785,How many animals?,contrast_1.03,F:\Sadik\semantic-causal-pathway\.venv\data\vqa_v2\variants\vqav2-127785__contrast_1.03.png,false,false,false,true,expert_human_reviewer,2026-10-05,,photometric,(same as original)
vqav2-127785,How many animals?,jpeg_quality_92,F:\Sadik\semantic-causal-pathway\.venv\data\vqa_v2\variants\vqav2-127785__jpeg_quality_92.png,true,true,true,true,expert_human_reviewer,2026-10-05,probe,jpeg_compression,(same as original)
vqav2-127785,How many animals?,jpeg_quality_98,F:\Sadik\semantic-causal-pathway\.venv\data\vqa_v2\variants\vqav2-127785__jpeg_quality_98.png,true,true,true,true,expert_human_reviewer,2026-10-05,probe,jpeg_compression,(same as original)
vqav2-127785,How many animals?,translate_left_2pct,F:\Sadik\semantic-causal-pathway\.venv\data\vqa_v2\variants\vqav2-127785__translate_left_2pct.png,true,true,true,true,expert_human_reviewer,2026-10-05,heldout,translation,variants/masks/vqav2-127785__translate_left_2pct.png
vqav2-127785,How many animals?,translate_right_2pct,F:\Sadik\semantic-causal-pathway\.venv\data\vqa_v2\variants\vqav2-127785__translate_right_2pct.png,true,true,true,true,expert_human_reviewer,2026-10-05,heldout,translation,variants/masks/vqav2-127785__translate_right_2pct.png
vqav2-127785,How many animals?,translate_up_2pct,F:\Sadik\semantic-causal-pathway\.venv\data\vqa_v2\variants\vqav2-127785__translate_up_2pct.png,false,false,false,true,expert_human_reviewer,2026-10-05,,translation,variants/masks/vqav2-127785__translate_up_2pct.png
vqav2-127785,How many animals?,translate_down_2pct,F:\Sadik\semantic-causal-pathway\.venv\data\vqa_v2\variants\vqav2-127785__translate_down_2pct.png,false,false,false,true,expert_human_reviewer,2026-10-05,,translation,variants/masks/vqav2-127785__translate_down_2pct.png
vqav2-127785,How many animals?,background_blur,F:\Sadik\semantic-causal-pathway\.venv\data\vqa_v2\variants\vqav2-127785__background_blur.png,false,false,false,true,expert_human_reviewer,2026-10-05,,background_edit,(same as original)
vqav2-127785,How many animals?,background_neutral,F:\Sadik\semantic-causal-pathway\.venv\data\vqa_v2\variants\vqav2-127785__background_neutral.png,false,false,false,true,expert_human_reviewer,2026-10-05,,background_edit,(same as original)
vqav2-127785,How many animals?,jpeg_quality_10,F:\Sadik\semantic-causal-pathway\.venv\data\vqa_v2\variants\vqav2-127785__jpeg_quality_10.png,false,false,false,true,expert_human_reviewer,2026-10-05,,jpeg_compression,(rejected)
vqav2-127785,How many animals?,jpeg_quality_20,F:\Sadik\semantic-causal-pathway\.venv\data\vqa_v2\variants\vqav2-127785__jpeg_quality_20.png,false,false,false,true,expert_human_reviewer,2026-10-05,,jpeg_compression,(rejected)
vqav2-127785,How many animals?,translate_left_15pct,F:\Sadik\semantic-causal-pathway\.venv\data\vqa_v2\variants\vqav2-127785__translate_left_15pct.png,false,false,false,true,expert_human_reviewer,2026-10-05,,translation,(rejected)
vqav2-127785,How many animals?,contrast_2.0,F:\Sadik\semantic-causal-pathway\.venv\data\vqa_v2\variants\vqav2-127785__contrast_2.0.png,false,false,false,true,expert_human_reviewer,2026-10-05,,unclassified,(rejected)
gqa-2383075,Does the open umbrella have orange color and small size?,jpeg_quality_90,F:\Sadik\semantic-causal-pathway\.venv\data\vqa_v2\variants\gqa-2383075__jpeg_quality_90.png,false,false,false,true,expert_human_reviewer,2026-10-05,,jpeg_compression,(same as original)
gqa-2383075,Does the open umbrella have orange color and small size?,jpeg_quality_92,F:\Sadik\semantic-causal-pathway\.venv\data\vqa_v2\variants\gqa-2383075__jpeg_quality_92.png,true,true,true,true,expert_human_reviewer,2026-10-05,probe,jpeg_compression,(same as original)
gqa-2383075,Does the open umbrella have orange color and small size?,jpeg_quality_95,F:\Sadik\semantic-causal-pathway\.venv\data\vqa_v2\variants\gqa-2383075__jpeg_quality_95.png,false,false,false,true,expert_human_reviewer,2026-10-05,,jpeg_compression,(same as original)
gqa-2383075,Does the open umbrella have orange color and small size?,jpeg_quality_98,F:\Sadik\semantic-causal-pathway\.venv\data\vqa_v2\variants\gqa-2383075__jpeg_quality_98.png,true,true,true,true,expert_human_reviewer,2026-10-05,probe,jpeg_compression,(same as original)
gqa-2383075,Does the open umbrella have orange color and small size?,translate_left_2pct,F:\Sadik\semantic-causal-pathway\.venv\data\vqa_v2\variants\gqa-2383075__translate_left_2pct.png,true,true,true,true,expert_human_reviewer,2026-10-05,heldout,translation,variants/masks/gqa-2383075__translate_left_2pct.png
gqa-2383075,Does the open umbrella have orange color and small size?,translate_right_2pct,F:\Sadik\semantic-causal-pathway\.venv\data\vqa_v2\variants\gqa-2383075__translate_right_2pct.png,true,true,true,true,expert_human_reviewer,2026-10-05,heldout,translation,variants/masks/gqa-2383075__translate_right_2pct.png
gqa-2383075,Does the open umbrella have orange color and small size?,translate_up_2pct,F:\Sadik\semantic-causal-pathway\.venv\data\vqa_v2\variants\gqa-2383075__translate_up_2pct.png,false,false,false,true,expert_human_reviewer,2026-10-05,,translation,variants/masks/gqa-2383075__translate_up_2pct.png
gqa-2383075,Does the open umbrella have orange color and small size?,translate_down_2pct,F:\Sadik\semantic-causal-pathway\.venv\data\vqa_v2\variants\gqa-2383075__translate_down_2pct.png,false,false,false,true,expert_human_reviewer,2026-10-05,,translation,variants/masks/gqa-2383075__translate_down_2pct.png
gqa-2383075,Does the open umbrella have orange color and small size?,background_blur,F:\Sadik\semantic-causal-pathway\.venv\data\vqa_v2\variants\gqa-2383075__background_blur.png,false,false,false,true,expert_human_reviewer,2026-10-05,,background_edit,(same as original)
gqa-2383075,Does the open umbrella have orange color and small size?,background_neutral,F:\Sadik\semantic-causal-pathway\.venv\data\vqa_v2\variants\gqa-2383075__background_neutral.png,false,false,false,true,expert_human_reviewer,2026-10-05,,background_edit,(same as original)
gqa-2383075,Does the open umbrella have orange color and small size?,jpeg_quality_10,F:\Sadik\semantic-causal-pathway\.venv\data\vqa_v2\variants\gqa-2383075__jpeg_quality_10.png,false,false,false,true,expert_human_reviewer,2026-10-05,,jpeg_compression,(rejected)
gqa-2383075,Does the open umbrella have orange color and small size?,jpeg_quality_20,F:\Sadik\semantic-causal-pathway\.venv\data\vqa_v2\variants\gqa-2383075__jpeg_quality_20.png,false,false,false,true,expert_human_reviewer,2026-10-05,,jpeg_compression,(rejected)
gqa-2383075,Does the open umbrella have orange color and small size?,translate_left_15pct,F:\Sadik\semantic-causal-pathway\.venv\data\vqa_v2\variants\gqa-2383075__translate_left_15pct.png,false,false,false,true,expert_human_reviewer,2026-10-05,,translation,(rejected)
gqa-2383075,Does the open umbrella have orange color and small size?,contrast_2.0,F:\Sadik\semantic-causal-pathway\.venv\data\vqa_v2\variants\gqa-2383075__contrast_2.0.png,false,false,false,true,expert_human_reviewer,2026-10-05,,unclassified,(rejected)
gqa-2369719,What color is that shirt?,jpeg_quality_90,F:\Sadik\semantic-causal-pathway\.venv\data\vqa_v2\variants\gqa-2369719__jpeg_quality_90.png,false,false,false,true,expert_human_reviewer,2026-10-05,,jpeg_compression,(same as original)
gqa-2369719,What color is that shirt?,jpeg_quality_92,F:\Sadik\semantic-causal-pathway\.venv\data\vqa_v2\variants\gqa-2369719__jpeg_quality_92.png,true,true,true,true,expert_human_reviewer,2026-10-05,probe,jpeg_compression,(same as original)
gqa-2369719,What color is that shirt?,jpeg_quality_95,F:\Sadik\semantic-causal-pathway\.venv\data\vqa_v2\variants\gqa-2369719__jpeg_quality_95.png,false,false,false,true,expert_human_reviewer,2026-10-05,,jpeg_compression,(same as original)
gqa-2369719,What color is that shirt?,jpeg_quality_98,F:\Sadik\semantic-causal-pathway\.venv\data\vqa_v2\variants\gqa-2369719__jpeg_quality_98.png,true,true,true,true,expert_human_reviewer,2026-10-05,probe,jpeg_compression,(same as original)
gqa-2369719,What color is that shirt?,translate_left_2pct,F:\Sadik\semantic-causal-pathway\.venv\data\vqa_v2\variants\gqa-2369719__translate_left_2pct.png,true,true,true,true,expert_human_reviewer,2026-10-05,heldout,translation,variants/masks/gqa-2369719__translate_left_2pct.png
gqa-2369719,What color is that shirt?,translate_right_2pct,F:\Sadik\semantic-causal-pathway\.venv\data\vqa_v2\variants\gqa-2369719__translate_right_2pct.png,true,true,true,true,expert_human_reviewer,2026-10-05,heldout,translation,variants/masks/gqa-2369719__translate_right_2pct.png
gqa-2369719,What color is that shirt?,translate_up_2pct,F:\Sadik\semantic-causal-pathway\.venv\data\vqa_v2\variants\gqa-2369719__translate_up_2pct.png,false,false,false,true,expert_human_reviewer,2026-10-05,,translation,variants/masks/gqa-2369719__translate_up_2pct.png
gqa-2369719,What color is that shirt?,translate_down_2pct,F:\Sadik\semantic-causal-pathway\.venv\data\vqa_v2\variants\gqa-2369719__translate_down_2pct.png,false,false,false,true,expert_human_reviewer,2026-10-05,,translation,variants/masks/gqa-2369719__translate_down_2pct.png
gqa-2369719,What color is that shirt?,background_blur,F:\Sadik\semantic-causal-pathway\.venv\data\vqa_v2\variants\gqa-2369719__background_blur.png,false,false,false,true,expert_human_reviewer,2026-10-05,,background_edit,(same as original)
gqa-2369719,What color is that shirt?,background_neutral,F:\Sadik\semantic-causal-pathway\.venv\data\vqa_v2\variants\gqa-2369719__background_neutral.png,false,false,false,true,expert_human_reviewer,2026-10-05,,background_edit,(same as original)
gqa-2369719,What color is that shirt?,jpeg_quality_10,F:\Sadik\semantic-causal-pathway\.venv\data\vqa_v2\variants\gqa-2369719__jpeg_quality_10.png,false,false,false,true,expert_human_reviewer,2026-10-05,,jpeg_compression,(rejected)
gqa-2369719,What color is that shirt?,jpeg_quality_20,F:\Sadik\semantic-causal-pathway\.venv\data\vqa_v2\variants\gqa-2369719__jpeg_quality_20.png,false,false,false,true,expert_human_reviewer,2026-10-05,,jpeg_compression,(rejected)
gqa-2369719,What color is that shirt?,translate_left_15pct,F:\Sadik\semantic-causal-pathway\.venv\data\vqa_v2\variants\gqa-2369719__translate_left_15pct.png,false,false,false,true,expert_human_reviewer,2026-10-05,,translation,(rejected)
gqa-2369719,What color is that shirt?,contrast_2.0,F:\Sadik\semantic-causal-pathway\.venv\data\vqa_v2\variants\gqa-2369719__contrast_2.0.png,false,false,false,true,expert_human_reviewer,2026-10-05,,unclassified,(rejected)
gqa-2344624,Do you see kites or boys?,brightness_0.97,F:\Sadik\semantic-causal-pathway\.venv\data\vqa_v2\variants\gqa-2344624__brightness_0.97.png,false,false,false,true,expert_human_reviewer,2026-10-05,,photometric,(same as original)
gqa-2344624,Do you see kites or boys?,contrast_1.03,F:\Sadik\semantic-causal-pathway\.venv\data\vqa_v2\variants\gqa-2344624__contrast_1.03.png,false,false,false,true,expert_human_reviewer,2026-10-05,,photometric,(same as original)
gqa-2344624,Do you see kites or boys?,jpeg_quality_92,F:\Sadik\semantic-causal-pathway\.venv\data\vqa_v2\variants\gqa-2344624__jpeg_quality_92.png,true,true,true,true,expert_human_reviewer,2026-10-05,probe,jpeg_compression,(same as original)
gqa-2344624,Do you see kites or boys?,jpeg_quality_98,F:\Sadik\semantic-causal-pathway\.venv\data\vqa_v2\variants\gqa-2344624__jpeg_quality_98.png,true,true,true,true,expert_human_reviewer,2026-10-05,probe,jpeg_compression,(same as original)
gqa-2344624,Do you see kites or boys?,translate_left_2pct,F:\Sadik\semantic-causal-pathway\.venv\data\vqa_v2\variants\gqa-2344624__translate_left_2pct.png,true,true,true,true,expert_human_reviewer,2026-10-05,heldout,translation,variants/masks/gqa-2344624__translate_left_2pct.png
gqa-2344624,Do you see kites or boys?,translate_right_2pct,F:\Sadik\semantic-causal-pathway\.venv\data\vqa_v2\variants\gqa-2344624__translate_right_2pct.png,true,true,true,true,expert_human_reviewer,2026-10-05,heldout,translation,variants/masks/gqa-2344624__translate_right_2pct.png
gqa-2344624,Do you see kites or boys?,translate_up_2pct,F:\Sadik\semantic-causal-pathway\.venv\data\vqa_v2\variants\gqa-2344624__translate_up_2pct.png,false,false,false,true,expert_human_reviewer,2026-10-05,,translation,variants/masks/gqa-2344624__translate_up_2pct.png
gqa-2344624,Do you see kites or boys?,translate_down_2pct,F:\Sadik\semantic-causal-pathway\.venv\data\vqa_v2\variants\gqa-2344624__translate_down_2pct.png,false,false,false,true,expert_human_reviewer,2026-10-05,,translation,variants/masks/gqa-2344624__translate_down_2pct.png
gqa-2344624,Do you see kites or boys?,background_blur,F:\Sadik\semantic-causal-pathway\.venv\data\vqa_v2\variants\gqa-2344624__background_blur.png,false,false,false,true,expert_human_reviewer,2026-10-05,,background_edit,(same as original)
gqa-2344624,Do you see kites or boys?,background_neutral,F:\Sadik\semantic-causal-pathway\.venv\data\vqa_v2\variants\gqa-2344624__background_neutral.png,false,false,false,true,expert_human_reviewer,2026-10-05,,background_edit,(same as original)
gqa-2344624,Do you see kites or boys?,jpeg_quality_10,F:\Sadik\semantic-causal-pathway\.venv\data\vqa_v2\variants\gqa-2344624__jpeg_quality_10.png,false,false,false,true,expert_human_reviewer,2026-10-05,,jpeg_compression,(rejected)
gqa-2344624,Do you see kites or boys?,jpeg_quality_20,F:\Sadik\semantic-causal-pathway\.venv\data\vqa_v2\variants\gqa-2344624__jpeg_quality_20.png,false,false,false,true,expert_human_reviewer,2026-10-05,,jpeg_compression,(rejected)
gqa-2344624,Do you see kites or boys?,translate_left_15pct,F:\Sadik\semantic-causal-pathway\.venv\data\vqa_v2\variants\gqa-2344624__translate_left_15pct.png,false,false,false,true,expert_human_reviewer,2026-10-05,,translation,(rejected)
gqa-2344624,Do you see kites or boys?,contrast_2.0,F:\Sadik\semantic-causal-pathway\.venv\data\vqa_v2\variants\gqa-2344624__contrast_2.0.png,false,false,false,true,expert_human_reviewer,2026-10-05,,unclassified,(rejected)
vqav2-155736,What color are the light post?,jpeg_quality_90,F:\Sadik\semantic-causal-pathway\.venv\data\vqa_v2\variants\vqav2-155736__jpeg_quality_90.png,false,false,false,true,expert_human_reviewer,2026-10-05,,jpeg_compression,(same as original)
vqav2-155736,What color are the light post?,jpeg_quality_92,F:\Sadik\semantic-causal-pathway\.venv\data\vqa_v2\variants\vqav2-155736__jpeg_quality_92.png,true,true,true,true,expert_human_reviewer,2026-10-05,probe,jpeg_compression,(same as original)
vqav2-155736,What color are the light post?,jpeg_quality_95,F:\Sadik\semantic-causal-pathway\.venv\data\vqa_v2\variants\vqav2-155736__jpeg_quality_95.png,false,false,false,true,expert_human_reviewer,2026-10-05,,jpeg_compression,(same as original)
vqav2-155736,What color are the light post?,jpeg_quality_98,F:\Sadik\semantic-causal-pathway\.venv\data\vqa_v2\variants\vqav2-155736__jpeg_quality_98.png,true,true,true,true,expert_human_reviewer,2026-10-05,probe,jpeg_compression,(same as original)
vqav2-155736,What color are the light post?,translate_left_2pct,F:\Sadik\semantic-causal-pathway\.venv\data\vqa_v2\variants\vqav2-155736__translate_left_2pct.png,true,true,true,true,expert_human_reviewer,2026-10-05,heldout,translation,variants/masks/vqav2-155736__translate_left_2pct.png
vqav2-155736,What color are the light post?,translate_right_2pct,F:\Sadik\semantic-causal-pathway\.venv\data\vqa_v2\variants\vqav2-155736__translate_right_2pct.png,true,true,true,true,expert_human_reviewer,2026-10-05,heldout,translation,variants/masks/vqav2-155736__translate_right_2pct.png
vqav2-155736,What color are the light post?,translate_up_2pct,F:\Sadik\semantic-causal-pathway\.venv\data\vqa_v2\variants\vqav2-155736__translate_up_2pct.png,false,false,false,true,expert_human_reviewer,2026-10-05,,translation,variants/masks/vqav2-155736__translate_up_2pct.png
vqav2-155736,What color are the light post?,translate_down_2pct,F:\Sadik\semantic-causal-pathway\.venv\data\vqa_v2\variants\vqav2-155736__translate_down_2pct.png,false,false,false,true,expert_human_reviewer,2026-10-05,,translation,variants/masks/vqav2-155736__translate_down_2pct.png
vqav2-155736,What color are the light post?,background_blur,F:\Sadik\semantic-causal-pathway\.venv\data\vqa_v2\variants\vqav2-155736__background_blur.png,false,false,false,true,expert_human_reviewer,2026-10-05,,background_edit,(same as original)
vqav2-155736,What color are the light post?,background_neutral,F:\Sadik\semantic-causal-pathway\.venv\data\vqa_v2\variants\vqav2-155736__background_neutral.png,false,false,false,true,expert_human_reviewer,2026-10-05,,background_edit,(same as original)
vqav2-155736,What color are the light post?,jpeg_quality_10,F:\Sadik\semantic-causal-pathway\.venv\data\vqa_v2\variants\vqav2-155736__jpeg_quality_10.png,false,false,false,true,expert_human_reviewer,2026-10-05,,jpeg_compression,(rejected)
vqav2-155736,What color are the light post?,jpeg_quality_20,F:\Sadik\semantic-causal-pathway\.venv\data\vqa_v2\variants\vqav2-155736__jpeg_quality_20.png,false,false,false,true,expert_human_reviewer,2026-10-05,,jpeg_compression,(rejected)
vqav2-155736,What color are the light post?,translate_left_15pct,F:\Sadik\semantic-causal-pathway\.venv\data\vqa_v2\variants\vqav2-155736__translate_left_15pct.png,false,false,false,true,expert_human_reviewer,2026-10-05,,translation,(rejected)
vqav2-155736,What color are the light post?,contrast_2.0,F:\Sadik\semantic-causal-pathway\.venv\data\vqa_v2\variants\vqav2-155736__contrast_2.0.png,false,false,false,true,expert_human_reviewer,2026-10-05,,unclassified,(rejected)
vqav2-363845,Are there tires on the boat?,brightness_0.97,F:\Sadik\semantic-causal-pathway\.venv\data\vqa_v2\variants\vqav2-363845__brightness_0.97.png,false,false,false,true,expert_human_reviewer,2026-10-05,,photometric,(same as original)
vqav2-363845,Are there tires on the boat?,contrast_1.03,F:\Sadik\semantic-causal-pathway\.venv\data\vqa_v2\variants\vqav2-363845__contrast_1.03.png,false,false,false,true,expert_human_reviewer,2026-10-05,,photometric,(same as original)
vqav2-363845,Are there tires on the boat?,jpeg_quality_92,F:\Sadik\semantic-causal-pathway\.venv\data\vqa_v2\variants\vqav2-363845__jpeg_quality_92.png,true,true,true,true,expert_human_reviewer,2026-10-05,probe,jpeg_compression,(same as original)
vqav2-363845,Are there tires on the boat?,jpeg_quality_98,F:\Sadik\semantic-causal-pathway\.venv\data\vqa_v2\variants\vqav2-363845__jpeg_quality_98.png,true,true,true,true,expert_human_reviewer,2026-10-05,probe,jpeg_compression,(same as original)
vqav2-363845,Are there tires on the boat?,translate_left_2pct,F:\Sadik\semantic-causal-pathway\.venv\data\vqa_v2\variants\vqav2-363845__translate_left_2pct.png,true,true,true,true,expert_human_reviewer,2026-10-05,heldout,translation,variants/masks/vqav2-363845__translate_left_2pct.png
vqav2-363845,Are there tires on the boat?,translate_right_2pct,F:\Sadik\semantic-causal-pathway\.venv\data\vqa_v2\variants\vqav2-363845__translate_right_2pct.png,true,true,true,true,expert_human_reviewer,2026-10-05,heldout,translation,variants/masks/vqav2-363845__translate_right_2pct.png
vqav2-363845,Are there tires on the boat?,translate_up_2pct,F:\Sadik\semantic-causal-pathway\.venv\data\vqa_v2\variants\vqav2-363845__translate_up_2pct.png,false,false,false,true,expert_human_reviewer,2026-10-05,,translation,variants/masks/vqav2-363845__translate_up_2pct.png
vqav2-363845,Are there tires on the boat?,translate_down_2pct,F:\Sadik\semantic-causal-pathway\.venv\data\vqa_v2\variants\vqav2-363845__translate_down_2pct.png,false,false,false,true,expert_human_reviewer,2026-10-05,,translation,variants/masks/vqav2-363845__translate_down_2pct.png
vqav2-363845,Are there tires on the boat?,background_blur,F:\Sadik\semantic-causal-pathway\.venv\data\vqa_v2\variants\vqav2-363845__background_blur.png,false,false,false,true,expert_human_reviewer,2026-10-05,,background_edit,(same as original)
vqav2-363845,Are there tires on the boat?,background_neutral,F:\Sadik\semantic-causal-pathway\.venv\data\vqa_v2\variants\vqav2-363845__background_neutral.png,false,false,false,true,expert_human_reviewer,2026-10-05,,background_edit,(same as original)
vqav2-363845,Are there tires on the boat?,jpeg_quality_10,F:\Sadik\semantic-causal-pathway\.venv\data\vqa_v2\variants\vqav2-363845__jpeg_quality_10.png,false,false,false,true,expert_human_reviewer,2026-10-05,,jpeg_compression,(rejected)
vqav2-363845,Are there tires on the boat?,jpeg_quality_20,F:\Sadik\semantic-causal-pathway\.venv\data\vqa_v2\variants\vqav2-363845__jpeg_quality_20.png,false,false,false,true,expert_human_reviewer,2026-10-05,,jpeg_compression,(rejected)
vqav2-363845,Are there tires on the boat?,translate_left_15pct,F:\Sadik\semantic-causal-pathway\.venv\data\vqa_v2\variants\vqav2-363845__translate_left_15pct.png,false,false,false,true,expert_human_reviewer,2026-10-05,,translation,(rejected)
vqav2-363845,Are there tires on the boat?,contrast_2.0,F:\Sadik\semantic-causal-pathway\.venv\data\vqa_v2\variants\vqav2-363845__contrast_2.0.png,false,false,false,true,expert_human_reviewer,2026-10-05,,unclassified,(rejected)
vqav2-281679,Are the two men wearing glasses at the closest table?,brightness_0.97,F:\Sadik\semantic-causal-pathway\.venv\data\vqa_v2\variants\vqav2-281679__brightness_0.97.png,false,false,false,true,expert_human_reviewer,2026-10-05,,photometric,(same as original)
vqav2-281679,Are the two men wearing glasses at the closest table?,contrast_1.03,F:\Sadik\semantic-causal-pathway\.venv\data\vqa_v2\variants\vqav2-281679__contrast_1.03.png,false,false,false,true,expert_human_reviewer,2026-10-05,,photometric,(same as original)
vqav2-281679,Are the two men wearing glasses at the closest table?,jpeg_quality_92,F:\Sadik\semantic-causal-pathway\.venv\data\vqa_v2\variants\vqav2-281679__jpeg_quality_92.png,true,true,true,true,expert_human_reviewer,2026-10-05,probe,jpeg_compression,(same as original)
vqav2-281679,Are the two men wearing glasses at the closest table?,jpeg_quality_98,F:\Sadik\semantic-causal-pathway\.venv\data\vqa_v2\variants\vqav2-281679__jpeg_quality_98.png,true,true,true,true,expert_human_reviewer,2026-10-05,probe,jpeg_compression,(same as original)
vqav2-281679,Are the two men wearing glasses at the closest table?,translate_left_2pct,F:\Sadik\semantic-causal-pathway\.venv\data\vqa_v2\variants\vqav2-281679__translate_left_2pct.png,true,true,true,true,expert_human_reviewer,2026-10-05,heldout,translation,variants/masks/vqav2-281679__translate_left_2pct.png
vqav2-281679,Are the two men wearing glasses at the closest table?,translate_right_2pct,F:\Sadik\semantic-causal-pathway\.venv\data\vqa_v2\variants\vqav2-281679__translate_right_2pct.png,true,true,true,true,expert_human_reviewer,2026-10-05,heldout,translation,variants/masks/vqav2-281679__translate_right_2pct.png
vqav2-281679,Are the two men wearing glasses at the closest table?,translate_up_2pct,F:\Sadik\semantic-causal-pathway\.venv\data\vqa_v2\variants\vqav2-281679__translate_up_2pct.png,false,false,false,true,expert_human_reviewer,2026-10-05,,translation,variants/masks/vqav2-281679__translate_up_2pct.png
vqav2-281679,Are the two men wearing glasses at the closest table?,translate_down_2pct,F:\Sadik\semantic-causal-pathway\.venv\data\vqa_v2\variants\vqav2-281679__translate_down_2pct.png,false,false,false,true,expert_human_reviewer,2026-10-05,,translation,variants/masks/vqav2-281679__translate_down_2pct.png
vqav2-281679,Are the two men wearing glasses at the closest table?,background_blur,F:\Sadik\semantic-causal-pathway\.venv\data\vqa_v2\variants\vqav2-281679__background_blur.png,false,false,false,true,expert_human_reviewer,2026-10-05,,background_edit,(same as original)
vqav2-281679,Are the two men wearing glasses at the closest table?,background_neutral,F:\Sadik\semantic-causal-pathway\.venv\data\vqa_v2\variants\vqav2-281679__background_neutral.png,false,false,false,true,expert_human_reviewer,2026-10-05,,background_edit,(same as original)
vqav2-281679,Are the two men wearing glasses at the closest table?,jpeg_quality_10,F:\Sadik\semantic-causal-pathway\.venv\data\vqa_v2\variants\vqav2-281679__jpeg_quality_10.png,false,false,false,true,expert_human_reviewer,2026-10-05,,jpeg_compression,(rejected)
vqav2-281679,Are the two men wearing glasses at the closest table?,jpeg_quality_20,F:\Sadik\semantic-causal-pathway\.venv\data\vqa_v2\variants\vqav2-281679__jpeg_quality_20.png,false,false,false,true,expert_human_reviewer,2026-10-05,,jpeg_compression,(rejected)
vqav2-281679,Are the two men wearing glasses at the closest table?,translate_left_15pct,F:\Sadik\semantic-causal-pathway\.venv\data\vqa_v2\variants\vqav2-281679__translate_left_15pct.png,false,false,false,true,expert_human_reviewer,2026-10-05,,translation,(rejected)
vqav2-281679,Are the two men wearing glasses at the closest table?,contrast_2.0,F:\Sadik\semantic-causal-pathway\.venv\data\vqa_v2\variants\vqav2-281679__contrast_2.0.png,false,false,false,true,expert_human_reviewer,2026-10-05,,unclassified,(rejected)
gqa-2404154,Which kind of furniture is not gray?,brightness_0.97,F:\Sadik\semantic-causal-pathway\.venv\data\vqa_v2\variants\gqa-2404154__brightness_0.97.png,false,false,false,true,expert_human_reviewer,2026-10-05,,photometric,(same as original)
gqa-2404154,Which kind of furniture is not gray?,contrast_1.03,F:\Sadik\semantic-causal-pathway\.venv\data\vqa_v2\variants\gqa-2404154__contrast_1.03.png,false,false,false,true,expert_human_reviewer,2026-10-05,,photometric,(same as original)
gqa-2404154,Which kind of furniture is not gray?,jpeg_quality_92,F:\Sadik\semantic-causal-pathway\.venv\data\vqa_v2\variants\gqa-2404154__jpeg_quality_92.png,true,true,true,true,expert_human_reviewer,2026-10-05,probe,jpeg_compression,(same as original)
gqa-2404154,Which kind of furniture is not gray?,jpeg_quality_98,F:\Sadik\semantic-causal-pathway\.venv\data\vqa_v2\variants\gqa-2404154__jpeg_quality_98.png,true,true,true,true,expert_human_reviewer,2026-10-05,probe,jpeg_compression,(same as original)
gqa-2404154,Which kind of furniture is not gray?,translate_left_2pct,F:\Sadik\semantic-causal-pathway\.venv\data\vqa_v2\variants\gqa-2404154__translate_left_2pct.png,true,true,true,true,expert_human_reviewer,2026-10-05,heldout,translation,variants/masks/gqa-2404154__translate_left_2pct.png
gqa-2404154,Which kind of furniture is not gray?,translate_right_2pct,F:\Sadik\semantic-causal-pathway\.venv\data\vqa_v2\variants\gqa-2404154__translate_right_2pct.png,true,true,true,true,expert_human_reviewer,2026-10-05,heldout,translation,variants/masks/gqa-2404154__translate_right_2pct.png
gqa-2404154,Which kind of furniture is not gray?,translate_up_2pct,F:\Sadik\semantic-causal-pathway\.venv\data\vqa_v2\variants\gqa-2404154__translate_up_2pct.png,false,false,false,true,expert_human_reviewer,2026-10-05,,translation,variants/masks/gqa-2404154__translate_up_2pct.png
gqa-2404154,Which kind of furniture is not gray?,translate_down_2pct,F:\Sadik\semantic-causal-pathway\.venv\data\vqa_v2\variants\gqa-2404154__translate_down_2pct.png,false,false,false,true,expert_human_reviewer,2026-10-05,,translation,variants/masks/gqa-2404154__translate_down_2pct.png
gqa-2404154,Which kind of furniture is not gray?,background_blur,F:\Sadik\semantic-causal-pathway\.venv\data\vqa_v2\variants\gqa-2404154__background_blur.png,false,false,false,true,expert_human_reviewer,2026-10-05,,background_edit,(same as original)
gqa-2404154,Which kind of furniture is not gray?,background_neutral,F:\Sadik\semantic-causal-pathway\.venv\data\vqa_v2\variants\gqa-2404154__background_neutral.png,false,false,false,true,expert_human_reviewer,2026-10-05,,background_edit,(same as original)
gqa-2404154,Which kind of furniture is not gray?,jpeg_quality_10,F:\Sadik\semantic-causal-pathway\.venv\data\vqa_v2\variants\gqa-2404154__jpeg_quality_10.png,false,false,false,true,expert_human_reviewer,2026-10-05,,jpeg_compression,(rejected)
gqa-2404154,Which kind of furniture is not gray?,jpeg_quality_20,F:\Sadik\semantic-causal-pathway\.venv\data\vqa_v2\variants\gqa-2404154__jpeg_quality_20.png,false,false,false,true,expert_human_reviewer,2026-10-05,,jpeg_compression,(rejected)
gqa-2404154,Which kind of furniture is not gray?,translate_left_15pct,F:\Sadik\semantic-causal-pathway\.venv\data\vqa_v2\variants\gqa-2404154__translate_left_15pct.png,false,false,false,true,expert_human_reviewer,2026-10-05,,translation,(rejected)
gqa-2404154,Which kind of furniture is not gray?,contrast_2.0,F:\Sadik\semantic-causal-pathway\.venv\data\vqa_v2\variants\gqa-2404154__contrast_2.0.png,false,false,false,true,expert_human_reviewer,2026-10-05,,unclassified,(rejected)
gqa-2334535,"Which part is the fence in, the top or the bottom?",brightness_0.97,F:\Sadik\semantic-causal-pathway\.venv\data\vqa_v2\variants\gqa-2334535__brightness_0.97.png,false,false,false,true,expert_human_reviewer,2026-10-05,,photometric,(same as original)
gqa-2334535,"Which part is the fence in, the top or the bottom?",contrast_1.03,F:\Sadik\semantic-causal-pathway\.venv\data\vqa_v2\variants\gqa-2334535__contrast_1.03.png,false,false,false,true,expert_human_reviewer,2026-10-05,,photometric,(same as original)
gqa-2334535,"Which part is the fence in, the top or the bottom?",jpeg_quality_92,F:\Sadik\semantic-causal-pathway\.venv\data\vqa_v2\variants\gqa-2334535__jpeg_quality_92.png,true,true,true,true,expert_human_reviewer,2026-10-05,probe,jpeg_compression,(same as original)
gqa-2334535,"Which part is the fence in, the top or the bottom?",jpeg_quality_98,F:\Sadik\semantic-causal-pathway\.venv\data\vqa_v2\variants\gqa-2334535__jpeg_quality_98.png,true,true,true,true,expert_human_reviewer,2026-10-05,probe,jpeg_compression,(same as original)
gqa-2334535,"Which part is the fence in, the top or the bottom?",translate_left_2pct,F:\Sadik\semantic-causal-pathway\.venv\data\vqa_v2\variants\gqa-2334535__translate_left_2pct.png,true,true,true,true,expert_human_reviewer,2026-10-05,heldout,translation,variants/masks/gqa-2334535__translate_left_2pct.png
gqa-2334535,"Which part is the fence in, the top or the bottom?",translate_right_2pct,F:\Sadik\semantic-causal-pathway\.venv\data\vqa_v2\variants\gqa-2334535__translate_right_2pct.png,true,true,true,true,expert_human_reviewer,2026-10-05,heldout,translation,variants/masks/gqa-2334535__translate_right_2pct.png
gqa-2334535,"Which part is the fence in, the top or the bottom?",translate_up_2pct,F:\Sadik\semantic-causal-pathway\.venv\data\vqa_v2\variants\gqa-2334535__translate_up_2pct.png,false,false,false,true,expert_human_reviewer,2026-10-05,,translation,variants/masks/gqa-2334535__translate_up_2pct.png
gqa-2334535,"Which part is the fence in, the top or the bottom?",translate_down_2pct,F:\Sadik\semantic-causal-pathway\.venv\data\vqa_v2\variants\gqa-2334535__translate_down_2pct.png,false,false,false,true,expert_human_reviewer,2026-10-05,,translation,variants/masks/gqa-2334535__translate_down_2pct.png
gqa-2334535,"Which part is the fence in, the top or the bottom?",background_blur,F:\Sadik\semantic-causal-pathway\.venv\data\vqa_v2\variants\gqa-2334535__background_blur.png,false,false,false,true,expert_human_reviewer,2026-10-05,,background_edit,(same as original)
gqa-2334535,"Which part is the fence in, the top or the bottom?",background_neutral,F:\Sadik\semantic-causal-pathway\.venv\data\vqa_v2\variants\gqa-2334535__background_neutral.png,false,false,false,true,expert_human_reviewer,2026-10-05,,background_edit,(same as original)
gqa-2334535,"Which part is the fence in, the top or the bottom?",jpeg_quality_10,F:\Sadik\semantic-causal-pathway\.venv\data\vqa_v2\variants\gqa-2334535__jpeg_quality_10.png,false,false,false,true,expert_human_reviewer,2026-10-05,,jpeg_compression,(rejected)
gqa-2334535,"Which part is the fence in, the top or the bottom?",jpeg_quality_20,F:\Sadik\semantic-causal-pathway\.venv\data\vqa_v2\variants\gqa-2334535__jpeg_quality_20.png,false,false,false,true,expert_human_reviewer,2026-10-05,,jpeg_compression,(rejected)
gqa-2334535,"Which part is the fence in, the top or the bottom?",translate_left_15pct,F:\Sadik\semantic-causal-pathway\.venv\data\vqa_v2\variants\gqa-2334535__translate_left_15pct.png,false,false,false,true,expert_human_reviewer,2026-10-05,,translation,(rejected)
gqa-2334535,"Which part is the fence in, the top or the bottom?",contrast_2.0,F:\Sadik\semantic-causal-pathway\.venv\data\vqa_v2\variants\gqa-2334535__contrast_2.0.png,false,false,false,true,expert_human_reviewer,2026-10-05,,unclassified,(rejected)
gqa-2376976,What is the stop sign before?,brightness_0.97,F:\Sadik\semantic-causal-pathway\.venv\data\vqa_v2\variants\gqa-2376976__brightness_0.97.png,false,false,false,true,expert_human_reviewer,2026-10-05,,photometric,(same as original)
gqa-2376976,What is the stop sign before?,contrast_1.03,F:\Sadik\semantic-causal-pathway\.venv\data\vqa_v2\variants\gqa-2376976__contrast_1.03.png,false,false,false,true,expert_human_reviewer,2026-10-05,,photometric,(same as original)
gqa-2376976,What is the stop sign before?,jpeg_quality_92,F:\Sadik\semantic-causal-pathway\.venv\data\vqa_v2\variants\gqa-2376976__jpeg_quality_92.png,true,true,true,true,expert_human_reviewer,2026-10-05,probe,jpeg_compression,(same as original)
gqa-2376976,What is the stop sign before?,jpeg_quality_98,F:\Sadik\semantic-causal-pathway\.venv\data\vqa_v2\variants\gqa-2376976__jpeg_quality_98.png,true,true,true,true,expert_human_reviewer,2026-10-05,probe,jpeg_compression,(same as original)
gqa-2376976,What is the stop sign before?,translate_left_2pct,F:\Sadik\semantic-causal-pathway\.venv\data\vqa_v2\variants\gqa-2376976__translate_left_2pct.png,true,true,true,true,expert_human_reviewer,2026-10-05,heldout,translation,variants/masks/gqa-2376976__translate_left_2pct.png
gqa-2376976,What is the stop sign before?,translate_right_2pct,F:\Sadik\semantic-causal-pathway\.venv\data\vqa_v2\variants\gqa-2376976__translate_right_2pct.png,true,true,true,true,expert_human_reviewer,2026-10-05,heldout,translation,variants/masks/gqa-2376976__translate_right_2pct.png
gqa-2376976,What is the stop sign before?,translate_up_2pct,F:\Sadik\semantic-causal-pathway\.venv\data\vqa_v2\variants\gqa-2376976__translate_up_2pct.png,false,false,false,true,expert_human_reviewer,2026-10-05,,translation,variants/masks/gqa-2376976__translate_up_2pct.png
gqa-2376976,What is the stop sign before?,translate_down_2pct,F:\Sadik\semantic-causal-pathway\.venv\data\vqa_v2\variants\gqa-2376976__translate_down_2pct.png,false,false,false,true,expert_human_reviewer,2026-10-05,,translation,variants/masks/gqa-2376976__translate_down_2pct.png
gqa-2376976,What is the stop sign before?,background_blur,F:\Sadik\semantic-causal-pathway\.venv\data\vqa_v2\variants\gqa-2376976__background_blur.png,false,false,false,true,expert_human_reviewer,2026-10-05,,background_edit,(same as original)
gqa-2376976,What is the stop sign before?,background_neutral,F:\Sadik\semantic-causal-pathway\.venv\data\vqa_v2\variants\gqa-2376976__background_neutral.png,false,false,false,true,expert_human_reviewer,2026-10-05,,background_edit,(same as original)
gqa-2376976,What is the stop sign before?,jpeg_quality_10,F:\Sadik\semantic-causal-pathway\.venv\data\vqa_v2\variants\gqa-2376976__jpeg_quality_10.png,false,false,false,true,expert_human_reviewer,2026-10-05,,jpeg_compression,(rejected)
gqa-2376976,What is the stop sign before?,jpeg_quality_20,F:\Sadik\semantic-causal-pathway\.venv\data\vqa_v2\variants\gqa-2376976__jpeg_quality_20.png,false,false,false,true,expert_human_reviewer,2026-10-05,,jpeg_compression,(rejected)
gqa-2376976,What is the stop sign before?,translate_left_15pct,F:\Sadik\semantic-causal-pathway\.venv\data\vqa_v2\variants\gqa-2376976__translate_left_15pct.png,false,false,false,true,expert_human_reviewer,2026-10-05,,translation,(rejected)
gqa-2376976,What is the stop sign before?,contrast_2.0,F:\Sadik\semantic-causal-pathway\.venv\data\vqa_v2\variants\gqa-2376976__contrast_2.0.png,false,false,false,true,expert_human_reviewer,2026-10-05,,unclassified,(rejected)
gqa-2349983,What is in the cup?,brightness_0.97,F:\Sadik\semantic-causal-pathway\.venv\data\vqa_v2\variants\gqa-2349983__brightness_0.97.png,false,false,false,true,expert_human_reviewer,2026-10-05,,photometric,(same as original)
gqa-2349983,What is in the cup?,contrast_1.03,F:\Sadik\semantic-causal-pathway\.venv\data\vqa_v2\variants\gqa-2349983__contrast_1.03.png,false,false,false,true,expert_human_reviewer,2026-10-05,,photometric,(same as original)
gqa-2349983,What is in the cup?,jpeg_quality_92,F:\Sadik\semantic-causal-pathway\.venv\data\vqa_v2\variants\gqa-2349983__jpeg_quality_92.png,true,true,true,true,expert_human_reviewer,2026-10-05,probe,jpeg_compression,(same as original)
gqa-2349983,What is in the cup?,jpeg_quality_98,F:\Sadik\semantic-causal-pathway\.venv\data\vqa_v2\variants\gqa-2349983__jpeg_quality_98.png,true,true,true,true,expert_human_reviewer,2026-10-05,probe,jpeg_compression,(same as original)
gqa-2349983,What is in the cup?,translate_left_2pct,F:\Sadik\semantic-causal-pathway\.venv\data\vqa_v2\variants\gqa-2349983__translate_left_2pct.png,true,true,true,true,expert_human_reviewer,2026-10-05,heldout,translation,variants/masks/gqa-2349983__translate_left_2pct.png
gqa-2349983,What is in the cup?,translate_right_2pct,F:\Sadik\semantic-causal-pathway\.venv\data\vqa_v2\variants\gqa-2349983__translate_right_2pct.png,true,true,true,true,expert_human_reviewer,2026-10-05,heldout,translation,variants/masks/gqa-2349983__translate_right_2pct.png
gqa-2349983,What is in the cup?,translate_up_2pct,F:\Sadik\semantic-causal-pathway\.venv\data\vqa_v2\variants\gqa-2349983__translate_up_2pct.png,false,false,false,true,expert_human_reviewer,2026-10-05,,translation,variants/masks/gqa-2349983__translate_up_2pct.png
gqa-2349983,What is in the cup?,translate_down_2pct,F:\Sadik\semantic-causal-pathway\.venv\data\vqa_v2\variants\gqa-2349983__translate_down_2pct.png,false,false,false,true,expert_human_reviewer,2026-10-05,,translation,variants/masks/gqa-2349983__translate_down_2pct.png
gqa-2349983,What is in the cup?,background_blur,F:\Sadik\semantic-causal-pathway\.venv\data\vqa_v2\variants\gqa-2349983__background_blur.png,false,false,false,true,expert_human_reviewer,2026-10-05,,background_edit,(same as original)
gqa-2349983,What is in the cup?,background_neutral,F:\Sadik\semantic-causal-pathway\.venv\data\vqa_v2\variants\gqa-2349983__background_neutral.png,false,false,false,true,expert_human_reviewer,2026-10-05,,background_edit,(same as original)
gqa-2349983,What is in the cup?,jpeg_quality_10,F:\Sadik\semantic-causal-pathway\.venv\data\vqa_v2\variants\gqa-2349983__jpeg_quality_10.png,false,false,false,true,expert_human_reviewer,2026-10-05,,jpeg_compression,(rejected)
gqa-2349983,What is in the cup?,jpeg_quality_20,F:\Sadik\semantic-causal-pathway\.venv\data\vqa_v2\variants\gqa-2349983__jpeg_quality_20.png,false,false,false,true,expert_human_reviewer,2026-10-05,,jpeg_compression,(rejected)
gqa-2349983,What is in the cup?,translate_left_15pct,F:\Sadik\semantic-causal-pathway\.venv\data\vqa_v2\variants\gqa-2349983__translate_left_15pct.png,false,false,false,true,expert_human_reviewer,2026-10-05,,translation,(rejected)
gqa-2349983,What is in the cup?,contrast_2.0,F:\Sadik\semantic-causal-pathway\.venv\data\vqa_v2\variants\gqa-2349983__contrast_2.0.png,false,false,false,true,expert_human_reviewer,2026-10-05,,unclassified,(rejected)
gqa-2404965,Is there any grass or sand that is not wet?,brightness_0.97,F:\Sadik\semantic-causal-pathway\.venv\data\vqa_v2\variants\gqa-2404965__brightness_0.97.png,false,false,false,true,expert_human_reviewer,2026-10-05,,photometric,(same as original)
gqa-2404965,Is there any grass or sand that is not wet?,contrast_1.03,F:\Sadik\semantic-causal-pathway\.venv\data\vqa_v2\variants\gqa-2404965__contrast_1.03.png,false,false,false,true,expert_human_reviewer,2026-10-05,,photometric,(same as original)
gqa-2404965,Is there any grass or sand that is not wet?,jpeg_quality_92,F:\Sadik\semantic-causal-pathway\.venv\data\vqa_v2\variants\gqa-2404965__jpeg_quality_92.png,true,true,true,true,expert_human_reviewer,2026-10-05,probe,jpeg_compression,(same as original)
gqa-2404965,Is there any grass or sand that is not wet?,jpeg_quality_98,F:\Sadik\semantic-causal-pathway\.venv\data\vqa_v2\variants\gqa-2404965__jpeg_quality_98.png,true,true,true,true,expert_human_reviewer,2026-10-05,probe,jpeg_compression,(same as original)
gqa-2404965,Is there any grass or sand that is not wet?,translate_left_2pct,F:\Sadik\semantic-causal-pathway\.venv\data\vqa_v2\variants\gqa-2404965__translate_left_2pct.png,true,true,true,true,expert_human_reviewer,2026-10-05,heldout,translation,variants/masks/gqa-2404965__translate_left_2pct.png
gqa-2404965,Is there any grass or sand that is not wet?,translate_right_2pct,F:\Sadik\semantic-causal-pathway\.venv\data\vqa_v2\variants\gqa-2404965__translate_right_2pct.png,true,true,true,true,expert_human_reviewer,2026-10-05,heldout,translation,variants/masks/gqa-2404965__translate_right_2pct.png
gqa-2404965,Is there any grass or sand that is not wet?,translate_up_2pct,F:\Sadik\semantic-causal-pathway\.venv\data\vqa_v2\variants\gqa-2404965__translate_up_2pct.png,false,false,false,true,expert_human_reviewer,2026-10-05,,translation,variants/masks/gqa-2404965__translate_up_2pct.png
gqa-2404965,Is there any grass or sand that is not wet?,translate_down_2pct,F:\Sadik\semantic-causal-pathway\.venv\data\vqa_v2\variants\gqa-2404965__translate_down_2pct.png,false,false,false,true,expert_human_reviewer,2026-10-05,,translation,variants/masks/gqa-2404965__translate_down_2pct.png
gqa-2404965,Is there any grass or sand that is not wet?,background_blur,F:\Sadik\semantic-causal-pathway\.venv\data\vqa_v2\variants\gqa-2404965__background_blur.png,false,false,false,true,expert_human_reviewer,2026-10-05,,background_edit,(same as original)
gqa-2404965,Is there any grass or sand that is not wet?,background_neutral,F:\Sadik\semantic-causal-pathway\.venv\data\vqa_v2\variants\gqa-2404965__background_neutral.png,false,false,false,true,expert_human_reviewer,2026-10-05,,background_edit,(same as original)
gqa-2404965,Is there any grass or sand that is not wet?,jpeg_quality_10,F:\Sadik\semantic-causal-pathway\.venv\data\vqa_v2\variants\gqa-2404965__jpeg_quality_10.png,false,false,false,true,expert_human_reviewer,2026-10-05,,jpeg_compression,(rejected)
gqa-2404965,Is there any grass or sand that is not wet?,jpeg_quality_20,F:\Sadik\semantic-causal-pathway\.venv\data\vqa_v2\variants\gqa-2404965__jpeg_quality_20.png,false,false,false,true,expert_human_reviewer,2026-10-05,,jpeg_compression,(rejected)
gqa-2404965,Is there any grass or sand that is not wet?,translate_left_15pct,F:\Sadik\semantic-causal-pathway\.venv\data\vqa_v2\variants\gqa-2404965__translate_left_15pct.png,false,false,false,true,expert_human_reviewer,2026-10-05,,translation,(rejected)
gqa-2404965,Is there any grass or sand that is not wet?,contrast_2.0,F:\Sadik\semantic-causal-pathway\.venv\data\vqa_v2\variants\gqa-2404965__contrast_2.0.png,false,false,false,true,expert_human_reviewer,2026-10-05,,unclassified,(rejected)
gqa-2390480,Which side of the image is the toilet paper on?,brightness_0.97,F:\Sadik\semantic-causal-pathway\.venv\data\vqa_v2\variants\gqa-2390480__brightness_0.97.png,false,false,false,true,expert_human_reviewer,2026-10-05,,photometric,(same as original)
gqa-2390480,Which side of the image is the toilet paper on?,contrast_1.03,F:\Sadik\semantic-causal-pathway\.venv\data\vqa_v2\variants\gqa-2390480__contrast_1.03.png,false,false,false,true,expert_human_reviewer,2026-10-05,,photometric,(same as original)
gqa-2390480,Which side of the image is the toilet paper on?,jpeg_quality_92,F:\Sadik\semantic-causal-pathway\.venv\data\vqa_v2\variants\gqa-2390480__jpeg_quality_92.png,true,true,true,true,expert_human_reviewer,2026-10-05,probe,jpeg_compression,(same as original)
gqa-2390480,Which side of the image is the toilet paper on?,jpeg_quality_98,F:\Sadik\semantic-causal-pathway\.venv\data\vqa_v2\variants\gqa-2390480__jpeg_quality_98.png,true,true,true,true,expert_human_reviewer,2026-10-05,probe,jpeg_compression,(same as original)
gqa-2390480,Which side of the image is the toilet paper on?,translate_left_2pct,F:\Sadik\semantic-causal-pathway\.venv\data\vqa_v2\variants\gqa-2390480__translate_left_2pct.png,true,true,true,true,expert_human_reviewer,2026-10-05,heldout,translation,variants/masks/gqa-2390480__translate_left_2pct.png
gqa-2390480,Which side of the image is the toilet paper on?,translate_right_2pct,F:\Sadik\semantic-causal-pathway\.venv\data\vqa_v2\variants\gqa-2390480__translate_right_2pct.png,true,true,true,true,expert_human_reviewer,2026-10-05,heldout,translation,variants/masks/gqa-2390480__translate_right_2pct.png
gqa-2390480,Which side of the image is the toilet paper on?,translate_up_2pct,F:\Sadik\semantic-causal-pathway\.venv\data\vqa_v2\variants\gqa-2390480__translate_up_2pct.png,false,false,false,true,expert_human_reviewer,2026-10-05,,translation,variants/masks/gqa-2390480__translate_up_2pct.png
gqa-2390480,Which side of the image is the toilet paper on?,translate_down_2pct,F:\Sadik\semantic-causal-pathway\.venv\data\vqa_v2\variants\gqa-2390480__translate_down_2pct.png,false,false,false,true,expert_human_reviewer,2026-10-05,,translation,variants/masks/gqa-2390480__translate_down_2pct.png
gqa-2390480,Which side of the image is the toilet paper on?,background_blur,F:\Sadik\semantic-causal-pathway\.venv\data\vqa_v2\variants\gqa-2390480__background_blur.png,false,false,false,true,expert_human_reviewer,2026-10-05,,background_edit,(same as original)
gqa-2390480,Which side of the image is the toilet paper on?,background_neutral,F:\Sadik\semantic-causal-pathway\.venv\data\vqa_v2\variants\gqa-2390480__background_neutral.png,false,false,false,true,expert_human_reviewer,2026-10-05,,background_edit,(same as original)
gqa-2390480,Which side of the image is the toilet paper on?,jpeg_quality_10,F:\Sadik\semantic-causal-pathway\.venv\data\vqa_v2\variants\gqa-2390480__jpeg_quality_10.png,false,false,false,true,expert_human_reviewer,2026-10-05,,jpeg_compression,(rejected)
gqa-2390480,Which side of the image is the toilet paper on?,jpeg_quality_20,F:\Sadik\semantic-causal-pathway\.venv\data\vqa_v2\variants\gqa-2390480__jpeg_quality_20.png,false,false,false,true,expert_human_reviewer,2026-10-05,,jpeg_compression,(rejected)
gqa-2390480,Which side of the image is the toilet paper on?,translate_left_15pct,F:\Sadik\semantic-causal-pathway\.venv\data\vqa_v2\variants\gqa-2390480__translate_left_15pct.png,false,false,false,true,expert_human_reviewer,2026-10-05,,translation,(rejected)
gqa-2390480,Which side of the image is the toilet paper on?,contrast_2.0,F:\Sadik\semantic-causal-pathway\.venv\data\vqa_v2\variants\gqa-2390480__contrast_2.0.png,false,false,false,true,expert_human_reviewer,2026-10-05,,unclassified,(rejected)
gqa-2364364,Is this a train or a bus?,brightness_0.97,F:\Sadik\semantic-causal-pathway\.venv\data\vqa_v2\variants\gqa-2364364__brightness_0.97.png,false,false,false,true,expert_human_reviewer,2026-10-05,,photometric,(same as original)
gqa-2364364,Is this a train or a bus?,contrast_1.03,F:\Sadik\semantic-causal-pathway\.venv\data\vqa_v2\variants\gqa-2364364__contrast_1.03.png,false,false,false,true,expert_human_reviewer,2026-10-05,,photometric,(same as original)
gqa-2364364,Is this a train or a bus?,jpeg_quality_92,F:\Sadik\semantic-causal-pathway\.venv\data\vqa_v2\variants\gqa-2364364__jpeg_quality_92.png,true,true,true,true,expert_human_reviewer,2026-10-05,probe,jpeg_compression,(same as original)
gqa-2364364,Is this a train or a bus?,jpeg_quality_98,F:\Sadik\semantic-causal-pathway\.venv\data\vqa_v2\variants\gqa-2364364__jpeg_quality_98.png,true,true,true,true,expert_human_reviewer,2026-10-05,probe,jpeg_compression,(same as original)
gqa-2364364,Is this a train or a bus?,translate_left_2pct,F:\Sadik\semantic-causal-pathway\.venv\data\vqa_v2\variants\gqa-2364364__translate_left_2pct.png,true,true,true,true,expert_human_reviewer,2026-10-05,heldout,translation,variants/masks/gqa-2364364__translate_left_2pct.png
gqa-2364364,Is this a train or a bus?,translate_right_2pct,F:\Sadik\semantic-causal-pathway\.venv\data\vqa_v2\variants\gqa-2364364__translate_right_2pct.png,true,true,true,true,expert_human_reviewer,2026-10-05,heldout,translation,variants/masks/gqa-2364364__translate_right_2pct.png
gqa-2364364,Is this a train or a bus?,translate_up_2pct,F:\Sadik\semantic-causal-pathway\.venv\data\vqa_v2\variants\gqa-2364364__translate_up_2pct.png,false,false,false,true,expert_human_reviewer,2026-10-05,,translation,variants/masks/gqa-2364364__translate_up_2pct.png
gqa-2364364,Is this a train or a bus?,translate_down_2pct,F:\Sadik\semantic-causal-pathway\.venv\data\vqa_v2\variants\gqa-2364364__translate_down_2pct.png,false,false,false,true,expert_human_reviewer,2026-10-05,,translation,variants/masks/gqa-2364364__translate_down_2pct.png
gqa-2364364,Is this a train or a bus?,background_blur,F:\Sadik\semantic-causal-pathway\.venv\data\vqa_v2\variants\gqa-2364364__background_blur.png,false,false,false,true,expert_human_reviewer,2026-10-05,,background_edit,(same as original)
gqa-2364364,Is this a train or a bus?,background_neutral,F:\Sadik\semantic-causal-pathway\.venv\data\vqa_v2\variants\gqa-2364364__background_neutral.png,false,false,false,true,expert_human_reviewer,2026-10-05,,background_edit,(same as original)
gqa-2364364,Is this a train or a bus?,jpeg_quality_10,F:\Sadik\semantic-causal-pathway\.venv\data\vqa_v2\variants\gqa-2364364__jpeg_quality_10.png,false,false,false,true,expert_human_reviewer,2026-10-05,,jpeg_compression,(rejected)
gqa-2364364,Is this a train or a bus?,jpeg_quality_20,F:\Sadik\semantic-causal-pathway\.venv\data\vqa_v2\variants\gqa-2364364__jpeg_quality_20.png,false,false,false,true,expert_human_reviewer,2026-10-05,,jpeg_compression,(rejected)
gqa-2364364,Is this a train or a bus?,translate_left_15pct,F:\Sadik\semantic-causal-pathway\.venv\data\vqa_v2\variants\gqa-2364364__translate_left_15pct.png,false,false,false,true,expert_human_reviewer,2026-10-05,,translation,(rejected)
gqa-2364364,Is this a train or a bus?,contrast_2.0,F:\Sadik\semantic-causal-pathway\.venv\data\vqa_v2\variants\gqa-2364364__contrast_2.0.png,false,false,false,true,expert_human_reviewer,2026-10-05,,unclassified,(rejected)
vqav2-190115,What is in the bottle?,brightness_0.97,F:\Sadik\semantic-causal-pathway\.venv\data\vqa_v2\variants\vqav2-190115__brightness_0.97.png,false,false,false,true,expert_human_reviewer,2026-10-05,,photometric,(same as original)
vqav2-190115,What is in the bottle?,contrast_1.03,F:\Sadik\semantic-causal-pathway\.venv\data\vqa_v2\variants\vqav2-190115__contrast_1.03.png,false,false,false,true,expert_human_reviewer,2026-10-05,,photometric,(same as original)
vqav2-190115,What is in the bottle?,jpeg_quality_92,F:\Sadik\semantic-causal-pathway\.venv\data\vqa_v2\variants\vqav2-190115__jpeg_quality_92.png,true,true,true,true,expert_human_reviewer,2026-10-05,probe,jpeg_compression,(same as original)
vqav2-190115,What is in the bottle?,jpeg_quality_98,F:\Sadik\semantic-causal-pathway\.venv\data\vqa_v2\variants\vqav2-190115__jpeg_quality_98.png,true,true,true,true,expert_human_reviewer,2026-10-05,probe,jpeg_compression,(same as original)
vqav2-190115,What is in the bottle?,translate_left_2pct,F:\Sadik\semantic-causal-pathway\.venv\data\vqa_v2\variants\vqav2-190115__translate_left_2pct.png,true,true,true,true,expert_human_reviewer,2026-10-05,heldout,translation,variants/masks/vqav2-190115__translate_left_2pct.png
vqav2-190115,What is in the bottle?,translate_right_2pct,F:\Sadik\semantic-causal-pathway\.venv\data\vqa_v2\variants\vqav2-190115__translate_right_2pct.png,true,true,true,true,expert_human_reviewer,2026-10-05,heldout,translation,variants/masks/vqav2-190115__translate_right_2pct.png
vqav2-190115,What is in the bottle?,translate_up_2pct,F:\Sadik\semantic-causal-pathway\.venv\data\vqa_v2\variants\vqav2-190115__translate_up_2pct.png,false,false,false,true,expert_human_reviewer,2026-10-05,,translation,variants/masks/vqav2-190115__translate_up_2pct.png
vqav2-190115,What is in the bottle?,translate_down_2pct,F:\Sadik\semantic-causal-pathway\.venv\data\vqa_v2\variants\vqav2-190115__translate_down_2pct.png,false,false,false,true,expert_human_reviewer,2026-10-05,,translation,variants/masks/vqav2-190115__translate_down_2pct.png
vqav2-190115,What is in the bottle?,background_blur,F:\Sadik\semantic-causal-pathway\.venv\data\vqa_v2\variants\vqav2-190115__background_blur.png,false,false,false,true,expert_human_reviewer,2026-10-05,,background_edit,(same as original)
vqav2-190115,What is in the bottle?,background_neutral,F:\Sadik\semantic-causal-pathway\.venv\data\vqa_v2\variants\vqav2-190115__background_neutral.png,false,false,false,true,expert_human_reviewer,2026-10-05,,background_edit,(same as original)
vqav2-190115,What is in the bottle?,jpeg_quality_10,F:\Sadik\semantic-causal-pathway\.venv\data\vqa_v2\variants\vqav2-190115__jpeg_quality_10.png,false,false,false,true,expert_human_reviewer,2026-10-05,,jpeg_compression,(rejected)
vqav2-190115,What is in the bottle?,jpeg_quality_20,F:\Sadik\semantic-causal-pathway\.venv\data\vqa_v2\variants\vqav2-190115__jpeg_quality_20.png,false,false,false,true,expert_human_reviewer,2026-10-05,,jpeg_compression,(rejected)
vqav2-190115,What is in the bottle?,translate_left_15pct,F:\Sadik\semantic-causal-pathway\.venv\data\vqa_v2\variants\vqav2-190115__translate_left_15pct.png,false,false,false,true,expert_human_reviewer,2026-10-05,,translation,(rejected)
vqav2-190115,What is in the bottle?,contrast_2.0,F:\Sadik\semantic-causal-pathway\.venv\data\vqa_v2\variants\vqav2-190115__contrast_2.0.png,false,false,false,true,expert_human_reviewer,2026-10-05,,unclassified,(rejected)
vqav2-11340,What is on the man's head?,brightness_0.97,F:\Sadik\semantic-causal-pathway\.venv\data\vqa_v2\variants\vqav2-11340__brightness_0.97.png,false,false,false,true,expert_human_reviewer,2026-10-05,,photometric,(same as original)
vqav2-11340,What is on the man's head?,contrast_1.03,F:\Sadik\semantic-causal-pathway\.venv\data\vqa_v2\variants\vqav2-11340__contrast_1.03.png,false,false,false,true,expert_human_reviewer,2026-10-05,,photometric,(same as original)
vqav2-11340,What is on the man's head?,jpeg_quality_92,F:\Sadik\semantic-causal-pathway\.venv\data\vqa_v2\variants\vqav2-11340__jpeg_quality_92.png,true,true,true,true,expert_human_reviewer,2026-10-05,probe,jpeg_compression,(same as original)
vqav2-11340,What is on the man's head?,jpeg_quality_98,F:\Sadik\semantic-causal-pathway\.venv\data\vqa_v2\variants\vqav2-11340__jpeg_quality_98.png,true,true,true,true,expert_human_reviewer,2026-10-05,probe,jpeg_compression,(same as original)
vqav2-11340,What is on the man's head?,translate_left_2pct,F:\Sadik\semantic-causal-pathway\.venv\data\vqa_v2\variants\vqav2-11340__translate_left_2pct.png,true,true,true,true,expert_human_reviewer,2026-10-05,heldout,translation,variants/masks/vqav2-11340__translate_left_2pct.png
vqav2-11340,What is on the man's head?,translate_right_2pct,F:\Sadik\semantic-causal-pathway\.venv\data\vqa_v2\variants\vqav2-11340__translate_right_2pct.png,true,true,true,true,expert_human_reviewer,2026-10-05,heldout,translation,variants/masks/vqav2-11340__translate_right_2pct.png
vqav2-11340,What is on the man's head?,translate_up_2pct,F:\Sadik\semantic-causal-pathway\.venv\data\vqa_v2\variants\vqav2-11340__translate_up_2pct.png,false,false,false,true,expert_human_reviewer,2026-10-05,,translation,variants/masks/vqav2-11340__translate_up_2pct.png
vqav2-11340,What is on the man's head?,translate_down_2pct,F:\Sadik\semantic-causal-pathway\.venv\data\vqa_v2\variants\vqav2-11340__translate_down_2pct.png,false,false,false,true,expert_human_reviewer,2026-10-05,,translation,variants/masks/vqav2-11340__translate_down_2pct.png
vqav2-11340,What is on the man's head?,background_blur,F:\Sadik\semantic-causal-pathway\.venv\data\vqa_v2\variants\vqav2-11340__background_blur.png,false,false,false,true,expert_human_reviewer,2026-10-05,,background_edit,(same as original)
vqav2-11340,What is on the man's head?,background_neutral,F:\Sadik\semantic-causal-pathway\.venv\data\vqa_v2\variants\vqav2-11340__background_neutral.png,false,false,false,true,expert_human_reviewer,2026-10-05,,background_edit,(same as original)
vqav2-11340,What is on the man's head?,jpeg_quality_10,F:\Sadik\semantic-causal-pathway\.venv\data\vqa_v2\variants\vqav2-11340__jpeg_quality_10.png,false,false,false,true,expert_human_reviewer,2026-10-05,,jpeg_compression,(rejected)
vqav2-11340,What is on the man's head?,jpeg_quality_20,F:\Sadik\semantic-causal-pathway\.venv\data\vqa_v2\variants\vqav2-11340__jpeg_quality_20.png,false,false,false,true,expert_human_reviewer,2026-10-05,,jpeg_compression,(rejected)
vqav2-11340,What is on the man's head?,translate_left_15pct,F:\Sadik\semantic-causal-pathway\.venv\data\vqa_v2\variants\vqav2-11340__translate_left_15pct.png,false,false,false,true,expert_human_reviewer,2026-10-05,,translation,(rejected)
vqav2-11340,What is on the man's head?,contrast_2.0,F:\Sadik\semantic-causal-pathway\.venv\data\vqa_v2\variants\vqav2-11340__contrast_2.0.png,false,false,false,true,expert_human_reviewer,2026-10-05,,unclassified,(rejected)
vqav2-283064,Are the flowers real or fake?,brightness_0.97,F:\Sadik\semantic-causal-pathway\.venv\data\vqa_v2\variants\vqav2-283064__brightness_0.97.png,false,false,false,true,expert_human_reviewer,2026-10-05,,photometric,(same as original)
vqav2-283064,Are the flowers real or fake?,contrast_1.03,F:\Sadik\semantic-causal-pathway\.venv\data\vqa_v2\variants\vqav2-283064__contrast_1.03.png,false,false,false,true,expert_human_reviewer,2026-10-05,,photometric,(same as original)
vqav2-283064,Are the flowers real or fake?,jpeg_quality_92,F:\Sadik\semantic-causal-pathway\.venv\data\vqa_v2\variants\vqav2-283064__jpeg_quality_92.png,true,true,true,true,expert_human_reviewer,2026-10-05,probe,jpeg_compression,(same as original)
vqav2-283064,Are the flowers real or fake?,jpeg_quality_98,F:\Sadik\semantic-causal-pathway\.venv\data\vqa_v2\variants\vqav2-283064__jpeg_quality_98.png,true,true,true,true,expert_human_reviewer,2026-10-05,probe,jpeg_compression,(same as original)
vqav2-283064,Are the flowers real or fake?,translate_left_2pct,F:\Sadik\semantic-causal-pathway\.venv\data\vqa_v2\variants\vqav2-283064__translate_left_2pct.png,true,true,true,true,expert_human_reviewer,2026-10-05,heldout,translation,variants/masks/vqav2-283064__translate_left_2pct.png
vqav2-283064,Are the flowers real or fake?,translate_right_2pct,F:\Sadik\semantic-causal-pathway\.venv\data\vqa_v2\variants\vqav2-283064__translate_right_2pct.png,true,true,true,true,expert_human_reviewer,2026-10-05,heldout,translation,variants/masks/vqav2-283064__translate_right_2pct.png
vqav2-283064,Are the flowers real or fake?,translate_up_2pct,F:\Sadik\semantic-causal-pathway\.venv\data\vqa_v2\variants\vqav2-283064__translate_up_2pct.png,false,false,false,true,expert_human_reviewer,2026-10-05,,translation,variants/masks/vqav2-283064__translate_up_2pct.png
vqav2-283064,Are the flowers real or fake?,translate_down_2pct,F:\Sadik\semantic-causal-pathway\.venv\data\vqa_v2\variants\vqav2-283064__translate_down_2pct.png,false,false,false,true,expert_human_reviewer,2026-10-05,,translation,variants/masks/vqav2-283064__translate_down_2pct.png
vqav2-283064,Are the flowers real or fake?,background_blur,F:\Sadik\semantic-causal-pathway\.venv\data\vqa_v2\variants\vqav2-283064__background_blur.png,false,false,false,true,expert_human_reviewer,2026-10-05,,background_edit,(same as original)
vqav2-283064,Are the flowers real or fake?,background_neutral,F:\Sadik\semantic-causal-pathway\.venv\data\vqa_v2\variants\vqav2-283064__background_neutral.png,false,false,false,true,expert_human_reviewer,2026-10-05,,background_edit,(same as original)
vqav2-283064,Are the flowers real or fake?,jpeg_quality_10,F:\Sadik\semantic-causal-pathway\.venv\data\vqa_v2\variants\vqav2-283064__jpeg_quality_10.png,false,false,false,true,expert_human_reviewer,2026-10-05,,jpeg_compression,(rejected)
vqav2-283064,Are the flowers real or fake?,jpeg_quality_20,F:\Sadik\semantic-causal-pathway\.venv\data\vqa_v2\variants\vqav2-283064__jpeg_quality_20.png,false,false,false,true,expert_human_reviewer,2026-10-05,,jpeg_compression,(rejected)
vqav2-283064,Are the flowers real or fake?,translate_left_15pct,F:\Sadik\semantic-causal-pathway\.venv\data\vqa_v2\variants\vqav2-283064__translate_left_15pct.png,false,false,false,true,expert_human_reviewer,2026-10-05,,translation,(rejected)
vqav2-283064,Are the flowers real or fake?,contrast_2.0,F:\Sadik\semantic-causal-pathway\.venv\data\vqa_v2\variants\vqav2-283064__contrast_2.0.png,false,false,false,true,expert_human_reviewer,2026-10-05,,unclassified,(rejected)
gqa-2316187,Is the woman to the left of the surfboard that the person lies on?,brightness_0.97,F:\Sadik\semantic-causal-pathway\.venv\data\vqa_v2\variants\gqa-2316187__brightness_0.97.png,false,false,false,true,expert_human_reviewer,2026-10-05,,photometric,(same as original)
gqa-2316187,Is the woman to the left of the surfboard that the person lies on?,contrast_1.03,F:\Sadik\semantic-causal-pathway\.venv\data\vqa_v2\variants\gqa-2316187__contrast_1.03.png,false,false,false,true,expert_human_reviewer,2026-10-05,,photometric,(same as original)
gqa-2316187,Is the woman to the left of the surfboard that the person lies on?,jpeg_quality_92,F:\Sadik\semantic-causal-pathway\.venv\data\vqa_v2\variants\gqa-2316187__jpeg_quality_92.png,true,true,true,true,expert_human_reviewer,2026-10-05,probe,jpeg_compression,(same as original)
gqa-2316187,Is the woman to the left of the surfboard that the person lies on?,jpeg_quality_98,F:\Sadik\semantic-causal-pathway\.venv\data\vqa_v2\variants\gqa-2316187__jpeg_quality_98.png,true,true,true,true,expert_human_reviewer,2026-10-05,probe,jpeg_compression,(same as original)
gqa-2316187,Is the woman to the left of the surfboard that the person lies on?,translate_left_2pct,F:\Sadik\semantic-causal-pathway\.venv\data\vqa_v2\variants\gqa-2316187__translate_left_2pct.png,true,true,true,true,expert_human_reviewer,2026-10-05,heldout,translation,variants/masks/gqa-2316187__translate_left_2pct.png
gqa-2316187,Is the woman to the left of the surfboard that the person lies on?,translate_right_2pct,F:\Sadik\semantic-causal-pathway\.venv\data\vqa_v2\variants\gqa-2316187__translate_right_2pct.png,true,true,true,true,expert_human_reviewer,2026-10-05,heldout,translation,variants/masks/gqa-2316187__translate_right_2pct.png
gqa-2316187,Is the woman to the left of the surfboard that the person lies on?,translate_up_2pct,F:\Sadik\semantic-causal-pathway\.venv\data\vqa_v2\variants\gqa-2316187__translate_up_2pct.png,false,false,false,true,expert_human_reviewer,2026-10-05,,translation,variants/masks/gqa-2316187__translate_up_2pct.png
gqa-2316187,Is the woman to the left of the surfboard that the person lies on?,translate_down_2pct,F:\Sadik\semantic-causal-pathway\.venv\data\vqa_v2\variants\gqa-2316187__translate_down_2pct.png,false,false,false,true,expert_human_reviewer,2026-10-05,,translation,variants/masks/gqa-2316187__translate_down_2pct.png
gqa-2316187,Is the woman to the left of the surfboard that the person lies on?,background_blur,F:\Sadik\semantic-causal-pathway\.venv\data\vqa_v2\variants\gqa-2316187__background_blur.png,false,false,false,true,expert_human_reviewer,2026-10-05,,background_edit,(same as original)
gqa-2316187,Is the woman to the left of the surfboard that the person lies on?,background_neutral,F:\Sadik\semantic-causal-pathway\.venv\data\vqa_v2\variants\gqa-2316187__background_neutral.png,false,false,false,true,expert_human_reviewer,2026-10-05,,background_edit,(same as original)
gqa-2316187,Is the woman to the left of the surfboard that the person lies on?,jpeg_quality_10,F:\Sadik\semantic-causal-pathway\.venv\data\vqa_v2\variants\gqa-2316187__jpeg_quality_10.png,false,false,false,true,expert_human_reviewer,2026-10-05,,jpeg_compression,(rejected)
gqa-2316187,Is the woman to the left of the surfboard that the person lies on?,jpeg_quality_20,F:\Sadik\semantic-causal-pathway\.venv\data\vqa_v2\variants\gqa-2316187__jpeg_quality_20.png,false,false,false,true,expert_human_reviewer,2026-10-05,,jpeg_compression,(rejected)
gqa-2316187,Is the woman to the left of the surfboard that the person lies on?,translate_left_15pct,F:\Sadik\semantic-causal-pathway\.venv\data\vqa_v2\variants\gqa-2316187__translate_left_15pct.png,false,false,false,true,expert_human_reviewer,2026-10-05,,translation,(rejected)
gqa-2316187,Is the woman to the left of the surfboard that the person lies on?,contrast_2.0,F:\Sadik\semantic-causal-pathway\.venv\data\vqa_v2\variants\gqa-2316187__contrast_2.0.png,false,false,false,true,expert_human_reviewer,2026-10-05,,unclassified,(rejected)
vqav2-302159,Can you see a trash can?,brightness_0.97,F:\Sadik\semantic-causal-pathway\.venv\data\vqa_v2\variants\vqav2-302159__brightness_0.97.png,false,false,false,true,expert_human_reviewer,2026-10-05,,photometric,(same as original)
vqav2-302159,Can you see a trash can?,contrast_1.03,F:\Sadik\semantic-causal-pathway\.venv\data\vqa_v2\variants\vqav2-302159__contrast_1.03.png,false,false,false,true,expert_human_reviewer,2026-10-05,,photometric,(same as original)
vqav2-302159,Can you see a trash can?,jpeg_quality_92,F:\Sadik\semantic-causal-pathway\.venv\data\vqa_v2\variants\vqav2-302159__jpeg_quality_92.png,true,true,true,true,expert_human_reviewer,2026-10-05,probe,jpeg_compression,(same as original)
vqav2-302159,Can you see a trash can?,jpeg_quality_98,F:\Sadik\semantic-causal-pathway\.venv\data\vqa_v2\variants\vqav2-302159__jpeg_quality_98.png,true,true,true,true,expert_human_reviewer,2026-10-05,probe,jpeg_compression,(same as original)
vqav2-302159,Can you see a trash can?,translate_left_2pct,F:\Sadik\semantic-causal-pathway\.venv\data\vqa_v2\variants\vqav2-302159__translate_left_2pct.png,true,true,true,true,expert_human_reviewer,2026-10-05,heldout,translation,variants/masks/vqav2-302159__translate_left_2pct.png
vqav2-302159,Can you see a trash can?,translate_right_2pct,F:\Sadik\semantic-causal-pathway\.venv\data\vqa_v2\variants\vqav2-302159__translate_right_2pct.png,true,true,true,true,expert_human_reviewer,2026-10-05,heldout,translation,variants/masks/vqav2-302159__translate_right_2pct.png
vqav2-302159,Can you see a trash can?,translate_up_2pct,F:\Sadik\semantic-causal-pathway\.venv\data\vqa_v2\variants\vqav2-302159__translate_up_2pct.png,false,false,false,true,expert_human_reviewer,2026-10-05,,translation,variants/masks/vqav2-302159__translate_up_2pct.png
vqav2-302159,Can you see a trash can?,translate_down_2pct,F:\Sadik\semantic-causal-pathway\.venv\data\vqa_v2\variants\vqav2-302159__translate_down_2pct.png,false,false,false,true,expert_human_reviewer,2026-10-05,,translation,variants/masks/vqav2-302159__translate_down_2pct.png
vqav2-302159,Can you see a trash can?,background_blur,F:\Sadik\semantic-causal-pathway\.venv\data\vqa_v2\variants\vqav2-302159__background_blur.png,false,false,false,true,expert_human_reviewer,2026-10-05,,background_edit,(same as original)
vqav2-302159,Can you see a trash can?,background_neutral,F:\Sadik\semantic-causal-pathway\.venv\data\vqa_v2\variants\vqav2-302159__background_neutral.png,false,false,false,true,expert_human_reviewer,2026-10-05,,background_edit,(same as original)
vqav2-302159,Can you see a trash can?,jpeg_quality_10,F:\Sadik\semantic-causal-pathway\.venv\data\vqa_v2\variants\vqav2-302159__jpeg_quality_10.png,false,false,false,true,expert_human_reviewer,2026-10-05,,jpeg_compression,(rejected)
vqav2-302159,Can you see a trash can?,jpeg_quality_20,F:\Sadik\semantic-causal-pathway\.venv\data\vqa_v2\variants\vqav2-302159__jpeg_quality_20.png,false,false,false,true,expert_human_reviewer,2026-10-05,,jpeg_compression,(rejected)
vqav2-302159,Can you see a trash can?,translate_left_15pct,F:\Sadik\semantic-causal-pathway\.venv\data\vqa_v2\variants\vqav2-302159__translate_left_15pct.png,false,false,false,true,expert_human_reviewer,2026-10-05,,translation,(rejected)
vqav2-302159,Can you see a trash can?,contrast_2.0,F:\Sadik\semantic-causal-pathway\.venv\data\vqa_v2\variants\vqav2-302159__contrast_2.0.png,false,false,false,true,expert_human_reviewer,2026-10-05,,unclassified,(rejected)
gqa-2352581,Do the cactus and the bush have a different colors?,jpeg_quality_90,F:\Sadik\semantic-causal-pathway\.venv\data\vqa_v2\variants\gqa-2352581__jpeg_quality_90.png,false,false,false,true,expert_human_reviewer,2026-10-05,,jpeg_compression,(same as original)
gqa-2352581,Do the cactus and the bush have a different colors?,jpeg_quality_92,F:\Sadik\semantic-causal-pathway\.venv\data\vqa_v2\variants\gqa-2352581__jpeg_quality_92.png,true,true,true,true,expert_human_reviewer,2026-10-05,probe,jpeg_compression,(same as original)
gqa-2352581,Do the cactus and the bush have a different colors?,jpeg_quality_95,F:\Sadik\semantic-causal-pathway\.venv\data\vqa_v2\variants\gqa-2352581__jpeg_quality_95.png,false,false,false,true,expert_human_reviewer,2026-10-05,,jpeg_compression,(same as original)
gqa-2352581,Do the cactus and the bush have a different colors?,jpeg_quality_98,F:\Sadik\semantic-causal-pathway\.venv\data\vqa_v2\variants\gqa-2352581__jpeg_quality_98.png,true,true,true,true,expert_human_reviewer,2026-10-05,probe,jpeg_compression,(same as original)
gqa-2352581,Do the cactus and the bush have a different colors?,translate_left_2pct,F:\Sadik\semantic-causal-pathway\.venv\data\vqa_v2\variants\gqa-2352581__translate_left_2pct.png,true,true,true,true,expert_human_reviewer,2026-10-05,heldout,translation,variants/masks/gqa-2352581__translate_left_2pct.png
gqa-2352581,Do the cactus and the bush have a different colors?,translate_right_2pct,F:\Sadik\semantic-causal-pathway\.venv\data\vqa_v2\variants\gqa-2352581__translate_right_2pct.png,true,true,true,true,expert_human_reviewer,2026-10-05,heldout,translation,variants/masks/gqa-2352581__translate_right_2pct.png
gqa-2352581,Do the cactus and the bush have a different colors?,translate_up_2pct,F:\Sadik\semantic-causal-pathway\.venv\data\vqa_v2\variants\gqa-2352581__translate_up_2pct.png,false,false,false,true,expert_human_reviewer,2026-10-05,,translation,variants/masks/gqa-2352581__translate_up_2pct.png
gqa-2352581,Do the cactus and the bush have a different colors?,translate_down_2pct,F:\Sadik\semantic-causal-pathway\.venv\data\vqa_v2\variants\gqa-2352581__translate_down_2pct.png,false,false,false,true,expert_human_reviewer,2026-10-05,,translation,variants/masks/gqa-2352581__translate_down_2pct.png
gqa-2352581,Do the cactus and the bush have a different colors?,background_blur,F:\Sadik\semantic-causal-pathway\.venv\data\vqa_v2\variants\gqa-2352581__background_blur.png,false,false,false,true,expert_human_reviewer,2026-10-05,,background_edit,(same as original)
gqa-2352581,Do the cactus and the bush have a different colors?,background_neutral,F:\Sadik\semantic-causal-pathway\.venv\data\vqa_v2\variants\gqa-2352581__background_neutral.png,false,false,false,true,expert_human_reviewer,2026-10-05,,background_edit,(same as original)
gqa-2352581,Do the cactus and the bush have a different colors?,jpeg_quality_10,F:\Sadik\semantic-causal-pathway\.venv\data\vqa_v2\variants\gqa-2352581__jpeg_quality_10.png,false,false,false,true,expert_human_reviewer,2026-10-05,,jpeg_compression,(rejected)
gqa-2352581,Do the cactus and the bush have a different colors?,jpeg_quality_20,F:\Sadik\semantic-causal-pathway\.venv\data\vqa_v2\variants\gqa-2352581__jpeg_quality_20.png,false,false,false,true,expert_human_reviewer,2026-10-05,,jpeg_compression,(rejected)
gqa-2352581,Do the cactus and the bush have a different colors?,translate_left_15pct,F:\Sadik\semantic-causal-pathway\.venv\data\vqa_v2\variants\gqa-2352581__translate_left_15pct.png,false,false,false,true,expert_human_reviewer,2026-10-05,,translation,(rejected)
gqa-2352581,Do the cactus and the bush have a different colors?,contrast_2.0,F:\Sadik\semantic-causal-pathway\.venv\data\vqa_v2\variants\gqa-2352581__contrast_2.0.png,false,false,false,true,expert_human_reviewer,2026-10-05,,unclassified,(rejected)
vqav2-433279,What time of day is this picture taken?,brightness_0.97,F:\Sadik\semantic-causal-pathway\.venv\data\vqa_v2\variants\vqav2-433279__brightness_0.97.png,false,false,false,true,expert_human_reviewer,2026-10-05,,photometric,(same as original)
vqav2-433279,What time of day is this picture taken?,contrast_1.03,F:\Sadik\semantic-causal-pathway\.venv\data\vqa_v2\variants\vqav2-433279__contrast_1.03.png,false,false,false,true,expert_human_reviewer,2026-10-05,,photometric,(same as original)
vqav2-433279,What time of day is this picture taken?,jpeg_quality_92,F:\Sadik\semantic-causal-pathway\.venv\data\vqa_v2\variants\vqav2-433279__jpeg_quality_92.png,true,true,true,true,expert_human_reviewer,2026-10-05,probe,jpeg_compression,(same as original)
vqav2-433279,What time of day is this picture taken?,jpeg_quality_98,F:\Sadik\semantic-causal-pathway\.venv\data\vqa_v2\variants\vqav2-433279__jpeg_quality_98.png,true,true,true,true,expert_human_reviewer,2026-10-05,probe,jpeg_compression,(same as original)
vqav2-433279,What time of day is this picture taken?,translate_left_2pct,F:\Sadik\semantic-causal-pathway\.venv\data\vqa_v2\variants\vqav2-433279__translate_left_2pct.png,true,true,true,true,expert_human_reviewer,2026-10-05,heldout,translation,variants/masks/vqav2-433279__translate_left_2pct.png
vqav2-433279,What time of day is this picture taken?,translate_right_2pct,F:\Sadik\semantic-causal-pathway\.venv\data\vqa_v2\variants\vqav2-433279__translate_right_2pct.png,true,true,true,true,expert_human_reviewer,2026-10-05,heldout,translation,variants/masks/vqav2-433279__translate_right_2pct.png
vqav2-433279,What time of day is this picture taken?,translate_up_2pct,F:\Sadik\semantic-causal-pathway\.venv\data\vqa_v2\variants\vqav2-433279__translate_up_2pct.png,false,false,false,true,expert_human_reviewer,2026-10-05,,translation,variants/masks/vqav2-433279__translate_up_2pct.png
vqav2-433279,What time of day is this picture taken?,translate_down_2pct,F:\Sadik\semantic-causal-pathway\.venv\data\vqa_v2\variants\vqav2-433279__translate_down_2pct.png,false,false,false,true,expert_human_reviewer,2026-10-05,,translation,variants/masks/vqav2-433279__translate_down_2pct.png
vqav2-433279,What time of day is this picture taken?,background_blur,F:\Sadik\semantic-causal-pathway\.venv\data\vqa_v2\variants\vqav2-433279__background_blur.png,false,false,false,true,expert_human_reviewer,2026-10-05,,background_edit,(same as original)
vqav2-433279,What time of day is this picture taken?,background_neutral,F:\Sadik\semantic-causal-pathway\.venv\data\vqa_v2\variants\vqav2-433279__background_neutral.png,false,false,false,true,expert_human_reviewer,2026-10-05,,background_edit,(same as original)
vqav2-433279,What time of day is this picture taken?,jpeg_quality_10,F:\Sadik\semantic-causal-pathway\.venv\data\vqa_v2\variants\vqav2-433279__jpeg_quality_10.png,false,false,false,true,expert_human_reviewer,2026-10-05,,jpeg_compression,(rejected)
vqav2-433279,What time of day is this picture taken?,jpeg_quality_20,F:\Sadik\semantic-causal-pathway\.venv\data\vqa_v2\variants\vqav2-433279__jpeg_quality_20.png,false,false,false,true,expert_human_reviewer,2026-10-05,,jpeg_compression,(rejected)
vqav2-433279,What time of day is this picture taken?,translate_left_15pct,F:\Sadik\semantic-causal-pathway\.venv\data\vqa_v2\variants\vqav2-433279__translate_left_15pct.png,false,false,false,true,expert_human_reviewer,2026-10-05,,translation,(rejected)
vqav2-433279,What time of day is this picture taken?,contrast_2.0,F:\Sadik\semantic-causal-pathway\.venv\data\vqa_v2\variants\vqav2-433279__contrast_2.0.png,false,false,false,true,expert_human_reviewer,2026-10-05,,unclassified,(rejected)
gqa-2405223,Is the red car on the left side of the picture?,brightness_0.97,F:\Sadik\semantic-causal-pathway\.venv\data\vqa_v2\variants\gqa-2405223__brightness_0.97.png,false,false,false,true,expert_human_reviewer,2026-10-05,,photometric,(same as original)
gqa-2405223,Is the red car on the left side of the picture?,contrast_1.03,F:\Sadik\semantic-causal-pathway\.venv\data\vqa_v2\variants\gqa-2405223__contrast_1.03.png,false,false,false,true,expert_human_reviewer,2026-10-05,,photometric,(same as original)
gqa-2405223,Is the red car on the left side of the picture?,jpeg_quality_92,F:\Sadik\semantic-causal-pathway\.venv\data\vqa_v2\variants\gqa-2405223__jpeg_quality_92.png,true,true,true,true,expert_human_reviewer,2026-10-05,probe,jpeg_compression,(same as original)
gqa-2405223,Is the red car on the left side of the picture?,jpeg_quality_98,F:\Sadik\semantic-causal-pathway\.venv\data\vqa_v2\variants\gqa-2405223__jpeg_quality_98.png,true,true,true,true,expert_human_reviewer,2026-10-05,probe,jpeg_compression,(same as original)
gqa-2405223,Is the red car on the left side of the picture?,translate_left_2pct,F:\Sadik\semantic-causal-pathway\.venv\data\vqa_v2\variants\gqa-2405223__translate_left_2pct.png,true,true,true,true,expert_human_reviewer,2026-10-05,heldout,translation,variants/masks/gqa-2405223__translate_left_2pct.png
gqa-2405223,Is the red car on the left side of the picture?,translate_right_2pct,F:\Sadik\semantic-causal-pathway\.venv\data\vqa_v2\variants\gqa-2405223__translate_right_2pct.png,true,true,true,true,expert_human_reviewer,2026-10-05,heldout,translation,variants/masks/gqa-2405223__translate_right_2pct.png
gqa-2405223,Is the red car on the left side of the picture?,translate_up_2pct,F:\Sadik\semantic-causal-pathway\.venv\data\vqa_v2\variants\gqa-2405223__translate_up_2pct.png,false,false,false,true,expert_human_reviewer,2026-10-05,,translation,variants/masks/gqa-2405223__translate_up_2pct.png
gqa-2405223,Is the red car on the left side of the picture?,translate_down_2pct,F:\Sadik\semantic-causal-pathway\.venv\data\vqa_v2\variants\gqa-2405223__translate_down_2pct.png,false,false,false,true,expert_human_reviewer,2026-10-05,,translation,variants/masks/gqa-2405223__translate_down_2pct.png
gqa-2405223,Is the red car on the left side of the picture?,background_blur,F:\Sadik\semantic-causal-pathway\.venv\data\vqa_v2\variants\gqa-2405223__background_blur.png,false,false,false,true,expert_human_reviewer,2026-10-05,,background_edit,(same as original)
gqa-2405223,Is the red car on the left side of the picture?,background_neutral,F:\Sadik\semantic-causal-pathway\.venv\data\vqa_v2\variants\gqa-2405223__background_neutral.png,false,false,false,true,expert_human_reviewer,2026-10-05,,background_edit,(same as original)
gqa-2405223,Is the red car on the left side of the picture?,jpeg_quality_10,F:\Sadik\semantic-causal-pathway\.venv\data\vqa_v2\variants\gqa-2405223__jpeg_quality_10.png,false,false,false,true,expert_human_reviewer,2026-10-05,,jpeg_compression,(rejected)
gqa-2405223,Is the red car on the left side of the picture?,jpeg_quality_20,F:\Sadik\semantic-causal-pathway\.venv\data\vqa_v2\variants\gqa-2405223__jpeg_quality_20.png,false,false,false,true,expert_human_reviewer,2026-10-05,,jpeg_compression,(rejected)
gqa-2405223,Is the red car on the left side of the picture?,translate_left_15pct,F:\Sadik\semantic-causal-pathway\.venv\data\vqa_v2\variants\gqa-2405223__translate_left_15pct.png,false,false,false,true,expert_human_reviewer,2026-10-05,,translation,(rejected)
gqa-2405223,Is the red car on the left side of the picture?,contrast_2.0,F:\Sadik\semantic-causal-pathway\.venv\data\vqa_v2\variants\gqa-2405223__contrast_2.0.png,false,false,false,true,expert_human_reviewer,2026-10-05,,unclassified,(rejected)
vqav2-332940,What kind of print is the chair?,brightness_0.97,F:\Sadik\semantic-causal-pathway\.venv\data\vqa_v2\variants\vqav2-332940__brightness_0.97.png,false,false,false,true,expert_human_reviewer,2026-10-05,,photometric,(same as original)
vqav2-332940,What kind of print is the chair?,contrast_1.03,F:\Sadik\semantic-causal-pathway\.venv\data\vqa_v2\variants\vqav2-332940__contrast_1.03.png,false,false,false,true,expert_human_reviewer,2026-10-05,,photometric,(same as original)
vqav2-332940,What kind of print is the chair?,jpeg_quality_92,F:\Sadik\semantic-causal-pathway\.venv\data\vqa_v2\variants\vqav2-332940__jpeg_quality_92.png,true,true,true,true,expert_human_reviewer,2026-10-05,probe,jpeg_compression,(same as original)
vqav2-332940,What kind of print is the chair?,jpeg_quality_98,F:\Sadik\semantic-causal-pathway\.venv\data\vqa_v2\variants\vqav2-332940__jpeg_quality_98.png,true,true,true,true,expert_human_reviewer,2026-10-05,probe,jpeg_compression,(same as original)
vqav2-332940,What kind of print is the chair?,translate_left_2pct,F:\Sadik\semantic-causal-pathway\.venv\data\vqa_v2\variants\vqav2-332940__translate_left_2pct.png,true,true,true,true,expert_human_reviewer,2026-10-05,heldout,translation,variants/masks/vqav2-332940__translate_left_2pct.png
vqav2-332940,What kind of print is the chair?,translate_right_2pct,F:\Sadik\semantic-causal-pathway\.venv\data\vqa_v2\variants\vqav2-332940__translate_right_2pct.png,true,true,true,true,expert_human_reviewer,2026-10-05,heldout,translation,variants/masks/vqav2-332940__translate_right_2pct.png
vqav2-332940,What kind of print is the chair?,translate_up_2pct,F:\Sadik\semantic-causal-pathway\.venv\data\vqa_v2\variants\vqav2-332940__translate_up_2pct.png,false,false,false,true,expert_human_reviewer,2026-10-05,,translation,variants/masks/vqav2-332940__translate_up_2pct.png
vqav2-332940,What kind of print is the chair?,translate_down_2pct,F:\Sadik\semantic-causal-pathway\.venv\data\vqa_v2\variants\vqav2-332940__translate_down_2pct.png,false,false,false,true,expert_human_reviewer,2026-10-05,,translation,variants/masks/vqav2-332940__translate_down_2pct.png
vqav2-332940,What kind of print is the chair?,background_blur,F:\Sadik\semantic-causal-pathway\.venv\data\vqa_v2\variants\vqav2-332940__background_blur.png,false,false,false,true,expert_human_reviewer,2026-10-05,,background_edit,(same as original)
vqav2-332940,What kind of print is the chair?,background_neutral,F:\Sadik\semantic-causal-pathway\.venv\data\vqa_v2\variants\vqav2-332940__background_neutral.png,false,false,false,true,expert_human_reviewer,2026-10-05,,background_edit,(same as original)
vqav2-332940,What kind of print is the chair?,jpeg_quality_10,F:\Sadik\semantic-causal-pathway\.venv\data\vqa_v2\variants\vqav2-332940__jpeg_quality_10.png,false,false,false,true,expert_human_reviewer,2026-10-05,,jpeg_compression,(rejected)
vqav2-332940,What kind of print is the chair?,jpeg_quality_20,F:\Sadik\semantic-causal-pathway\.venv\data\vqa_v2\variants\vqav2-332940__jpeg_quality_20.png,false,false,false,true,expert_human_reviewer,2026-10-05,,jpeg_compression,(rejected)
vqav2-332940,What kind of print is the chair?,translate_left_15pct,F:\Sadik\semantic-causal-pathway\.venv\data\vqa_v2\variants\vqav2-332940__translate_left_15pct.png,false,false,false,true,expert_human_reviewer,2026-10-05,,translation,(rejected)
vqav2-332940,What kind of print is the chair?,contrast_2.0,F:\Sadik\semantic-causal-pathway\.venv\data\vqa_v2\variants\vqav2-332940__contrast_2.0.png,false,false,false,true,expert_human_reviewer,2026-10-05,,unclassified,(rejected)
vqav2-9729,Does the guy look happy?,brightness_0.97,F:\Sadik\semantic-causal-pathway\.venv\data\vqa_v2\variants\vqav2-9729__brightness_0.97.png,false,false,false,true,expert_human_reviewer,2026-10-05,,photometric,(same as original)
vqav2-9729,Does the guy look happy?,contrast_1.03,F:\Sadik\semantic-causal-pathway\.venv\data\vqa_v2\variants\vqav2-9729__contrast_1.03.png,false,false,false,true,expert_human_reviewer,2026-10-05,,photometric,(same as original)
vqav2-9729,Does the guy look happy?,jpeg_quality_92,F:\Sadik\semantic-causal-pathway\.venv\data\vqa_v2\variants\vqav2-9729__jpeg_quality_92.png,true,true,true,true,expert_human_reviewer,2026-10-05,probe,jpeg_compression,(same as original)
vqav2-9729,Does the guy look happy?,jpeg_quality_98,F:\Sadik\semantic-causal-pathway\.venv\data\vqa_v2\variants\vqav2-9729__jpeg_quality_98.png,true,true,true,true,expert_human_reviewer,2026-10-05,probe,jpeg_compression,(same as original)
vqav2-9729,Does the guy look happy?,translate_left_2pct,F:\Sadik\semantic-causal-pathway\.venv\data\vqa_v2\variants\vqav2-9729__translate_left_2pct.png,true,true,true,true,expert_human_reviewer,2026-10-05,heldout,translation,variants/masks/vqav2-9729__translate_left_2pct.png
vqav2-9729,Does the guy look happy?,translate_right_2pct,F:\Sadik\semantic-causal-pathway\.venv\data\vqa_v2\variants\vqav2-9729__translate_right_2pct.png,true,true,true,true,expert_human_reviewer,2026-10-05,heldout,translation,variants/masks/vqav2-9729__translate_right_2pct.png
vqav2-9729,Does the guy look happy?,translate_up_2pct,F:\Sadik\semantic-causal-pathway\.venv\data\vqa_v2\variants\vqav2-9729__translate_up_2pct.png,false,false,false,true,expert_human_reviewer,2026-10-05,,translation,variants/masks/vqav2-9729__translate_up_2pct.png
vqav2-9729,Does the guy look happy?,translate_down_2pct,F:\Sadik\semantic-causal-pathway\.venv\data\vqa_v2\variants\vqav2-9729__translate_down_2pct.png,false,false,false,true,expert_human_reviewer,2026-10-05,,translation,variants/masks/vqav2-9729__translate_down_2pct.png
vqav2-9729,Does the guy look happy?,background_blur,F:\Sadik\semantic-causal-pathway\.venv\data\vqa_v2\variants\vqav2-9729__background_blur.png,false,false,false,true,expert_human_reviewer,2026-10-05,,background_edit,(same as original)
vqav2-9729,Does the guy look happy?,background_neutral,F:\Sadik\semantic-causal-pathway\.venv\data\vqa_v2\variants\vqav2-9729__background_neutral.png,false,false,false,true,expert_human_reviewer,2026-10-05,,background_edit,(same as original)
vqav2-9729,Does the guy look happy?,jpeg_quality_10,F:\Sadik\semantic-causal-pathway\.venv\data\vqa_v2\variants\vqav2-9729__jpeg_quality_10.png,false,false,false,true,expert_human_reviewer,2026-10-05,,jpeg_compression,(rejected)
vqav2-9729,Does the guy look happy?,jpeg_quality_20,F:\Sadik\semantic-causal-pathway\.venv\data\vqa_v2\variants\vqav2-9729__jpeg_quality_20.png,false,false,false,true,expert_human_reviewer,2026-10-05,,jpeg_compression,(rejected)
vqav2-9729,Does the guy look happy?,translate_left_15pct,F:\Sadik\semantic-causal-pathway\.venv\data\vqa_v2\variants\vqav2-9729__translate_left_15pct.png,false,false,false,true,expert_human_reviewer,2026-10-05,,translation,(rejected)
vqav2-9729,Does the guy look happy?,contrast_2.0,F:\Sadik\semantic-causal-pathway\.venv\data\vqa_v2\variants\vqav2-9729__contrast_2.0.png,false,false,false,true,expert_human_reviewer,2026-10-05,,unclassified,(rejected)
gqa-2323933,What color do you think the motorcycle that the bag is to the left of is?,jpeg_quality_90,F:\Sadik\semantic-causal-pathway\.venv\data\vqa_v2\variants\gqa-2323933__jpeg_quality_90.png,false,false,false,true,expert_human_reviewer,2026-10-05,,jpeg_compression,(same as original)
gqa-2323933,What color do you think the motorcycle that the bag is to the left of is?,jpeg_quality_92,F:\Sadik\semantic-causal-pathway\.venv\data\vqa_v2\variants\gqa-2323933__jpeg_quality_92.png,true,true,true,true,expert_human_reviewer,2026-10-05,probe,jpeg_compression,(same as original)
gqa-2323933,What color do you think the motorcycle that the bag is to the left of is?,jpeg_quality_95,F:\Sadik\semantic-causal-pathway\.venv\data\vqa_v2\variants\gqa-2323933__jpeg_quality_95.png,false,false,false,true,expert_human_reviewer,2026-10-05,,jpeg_compression,(same as original)
gqa-2323933,What color do you think the motorcycle that the bag is to the left of is?,jpeg_quality_98,F:\Sadik\semantic-causal-pathway\.venv\data\vqa_v2\variants\gqa-2323933__jpeg_quality_98.png,true,true,true,true,expert_human_reviewer,2026-10-05,probe,jpeg_compression,(same as original)
gqa-2323933,What color do you think the motorcycle that the bag is to the left of is?,translate_left_2pct,F:\Sadik\semantic-causal-pathway\.venv\data\vqa_v2\variants\gqa-2323933__translate_left_2pct.png,true,true,true,true,expert_human_reviewer,2026-10-05,heldout,translation,variants/masks/gqa-2323933__translate_left_2pct.png
gqa-2323933,What color do you think the motorcycle that the bag is to the left of is?,translate_right_2pct,F:\Sadik\semantic-causal-pathway\.venv\data\vqa_v2\variants\gqa-2323933__translate_right_2pct.png,true,true,true,true,expert_human_reviewer,2026-10-05,heldout,translation,variants/masks/gqa-2323933__translate_right_2pct.png
gqa-2323933,What color do you think the motorcycle that the bag is to the left of is?,translate_up_2pct,F:\Sadik\semantic-causal-pathway\.venv\data\vqa_v2\variants\gqa-2323933__translate_up_2pct.png,false,false,false,true,expert_human_reviewer,2026-10-05,,translation,variants/masks/gqa-2323933__translate_up_2pct.png
gqa-2323933,What color do you think the motorcycle that the bag is to the left of is?,translate_down_2pct,F:\Sadik\semantic-causal-pathway\.venv\data\vqa_v2\variants\gqa-2323933__translate_down_2pct.png,false,false,false,true,expert_human_reviewer,2026-10-05,,translation,variants/masks/gqa-2323933__translate_down_2pct.png
gqa-2323933,What color do you think the motorcycle that the bag is to the left of is?,background_blur,F:\Sadik\semantic-causal-pathway\.venv\data\vqa_v2\variants\gqa-2323933__background_blur.png,false,false,false,true,expert_human_reviewer,2026-10-05,,background_edit,(same as original)
gqa-2323933,What color do you think the motorcycle that the bag is to the left of is?,background_neutral,F:\Sadik\semantic-causal-pathway\.venv\data\vqa_v2\variants\gqa-2323933__background_neutral.png,false,false,false,true,expert_human_reviewer,2026-10-05,,background_edit,(same as original)
gqa-2323933,What color do you think the motorcycle that the bag is to the left of is?,jpeg_quality_10,F:\Sadik\semantic-causal-pathway\.venv\data\vqa_v2\variants\gqa-2323933__jpeg_quality_10.png,false,false,false,true,expert_human_reviewer,2026-10-05,,jpeg_compression,(rejected)
gqa-2323933,What color do you think the motorcycle that the bag is to the left of is?,jpeg_quality_20,F:\Sadik\semantic-causal-pathway\.venv\data\vqa_v2\variants\gqa-2323933__jpeg_quality_20.png,false,false,false,true,expert_human_reviewer,2026-10-05,,jpeg_compression,(rejected)
gqa-2323933,What color do you think the motorcycle that the bag is to the left of is?,translate_left_15pct,F:\Sadik\semantic-causal-pathway\.venv\data\vqa_v2\variants\gqa-2323933__translate_left_15pct.png,false,false,false,true,expert_human_reviewer,2026-10-05,,translation,(rejected)
gqa-2323933,What color do you think the motorcycle that the bag is to the left of is?,contrast_2.0,F:\Sadik\semantic-causal-pathway\.venv\data\vqa_v2\variants\gqa-2323933__contrast_2.0.png,false,false,false,true,expert_human_reviewer,2026-10-05,,unclassified,(rejected)
vqav2-446751,Are any elephants eating?,brightness_0.97,F:\Sadik\semantic-causal-pathway\.venv\data\vqa_v2\variants\vqav2-446751__brightness_0.97.png,false,false,false,true,expert_human_reviewer,2026-10-05,,photometric,(same as original)
vqav2-446751,Are any elephants eating?,contrast_1.03,F:\Sadik\semantic-causal-pathway\.venv\data\vqa_v2\variants\vqav2-446751__contrast_1.03.png,false,false,false,true,expert_human_reviewer,2026-10-05,,photometric,(same as original)
vqav2-446751,Are any elephants eating?,jpeg_quality_92,F:\Sadik\semantic-causal-pathway\.venv\data\vqa_v2\variants\vqav2-446751__jpeg_quality_92.png,true,true,true,true,expert_human_reviewer,2026-10-05,probe,jpeg_compression,(same as original)
vqav2-446751,Are any elephants eating?,jpeg_quality_98,F:\Sadik\semantic-causal-pathway\.venv\data\vqa_v2\variants\vqav2-446751__jpeg_quality_98.png,true,true,true,true,expert_human_reviewer,2026-10-05,probe,jpeg_compression,(same as original)
vqav2-446751,Are any elephants eating?,translate_left_2pct,F:\Sadik\semantic-causal-pathway\.venv\data\vqa_v2\variants\vqav2-446751__translate_left_2pct.png,true,true,true,true,expert_human_reviewer,2026-10-05,heldout,translation,variants/masks/vqav2-446751__translate_left_2pct.png
vqav2-446751,Are any elephants eating?,translate_right_2pct,F:\Sadik\semantic-causal-pathway\.venv\data\vqa_v2\variants\vqav2-446751__translate_right_2pct.png,true,true,true,true,expert_human_reviewer,2026-10-05,heldout,translation,variants/masks/vqav2-446751__translate_right_2pct.png
vqav2-446751,Are any elephants eating?,translate_up_2pct,F:\Sadik\semantic-causal-pathway\.venv\data\vqa_v2\variants\vqav2-446751__translate_up_2pct.png,false,false,false,true,expert_human_reviewer,2026-10-05,,translation,variants/masks/vqav2-446751__translate_up_2pct.png
vqav2-446751,Are any elephants eating?,translate_down_2pct,F:\Sadik\semantic-causal-pathway\.venv\data\vqa_v2\variants\vqav2-446751__translate_down_2pct.png,false,false,false,true,expert_human_reviewer,2026-10-05,,translation,variants/masks/vqav2-446751__translate_down_2pct.png
vqav2-446751,Are any elephants eating?,background_blur,F:\Sadik\semantic-causal-pathway\.venv\data\vqa_v2\variants\vqav2-446751__background_blur.png,false,false,false,true,expert_human_reviewer,2026-10-05,,background_edit,(same as original)
vqav2-446751,Are any elephants eating?,background_neutral,F:\Sadik\semantic-causal-pathway\.venv\data\vqa_v2\variants\vqav2-446751__background_neutral.png,false,false,false,true,expert_human_reviewer,2026-10-05,,background_edit,(same as original)
vqav2-446751,Are any elephants eating?,jpeg_quality_10,F:\Sadik\semantic-causal-pathway\.venv\data\vqa_v2\variants\vqav2-446751__jpeg_quality_10.png,false,false,false,true,expert_human_reviewer,2026-10-05,,jpeg_compression,(rejected)
vqav2-446751,Are any elephants eating?,jpeg_quality_20,F:\Sadik\semantic-causal-pathway\.venv\data\vqa_v2\variants\vqav2-446751__jpeg_quality_20.png,false,false,false,true,expert_human_reviewer,2026-10-05,,jpeg_compression,(rejected)
vqav2-446751,Are any elephants eating?,translate_left_15pct,F:\Sadik\semantic-causal-pathway\.venv\data\vqa_v2\variants\vqav2-446751__translate_left_15pct.png,false,false,false,true,expert_human_reviewer,2026-10-05,,translation,(rejected)
vqav2-446751,Are any elephants eating?,contrast_2.0,F:\Sadik\semantic-causal-pathway\.venv\data\vqa_v2\variants\vqav2-446751__contrast_2.0.png,false,false,false,true,expert_human_reviewer,2026-10-05,,unclassified,(rejected)
vqav2-12670,"Could this be for ""crowd control""?",brightness_0.97,F:\Sadik\semantic-causal-pathway\.venv\data\vqa_v2\variants\vqav2-12670__brightness_0.97.png,false,false,false,true,expert_human_reviewer,2026-10-05,,photometric,(same as original)
vqav2-12670,"Could this be for ""crowd control""?",contrast_1.03,F:\Sadik\semantic-causal-pathway\.venv\data\vqa_v2\variants\vqav2-12670__contrast_1.03.png,false,false,false,true,expert_human_reviewer,2026-10-05,,photometric,(same as original)
vqav2-12670,"Could this be for ""crowd control""?",jpeg_quality_92,F:\Sadik\semantic-causal-pathway\.venv\data\vqa_v2\variants\vqav2-12670__jpeg_quality_92.png,true,true,true,true,expert_human_reviewer,2026-10-05,probe,jpeg_compression,(same as original)
vqav2-12670,"Could this be for ""crowd control""?",jpeg_quality_98,F:\Sadik\semantic-causal-pathway\.venv\data\vqa_v2\variants\vqav2-12670__jpeg_quality_98.png,true,true,true,true,expert_human_reviewer,2026-10-05,probe,jpeg_compression,(same as original)
vqav2-12670,"Could this be for ""crowd control""?",translate_left_2pct,F:\Sadik\semantic-causal-pathway\.venv\data\vqa_v2\variants\vqav2-12670__translate_left_2pct.png,true,true,true,true,expert_human_reviewer,2026-10-05,heldout,translation,variants/masks/vqav2-12670__translate_left_2pct.png
vqav2-12670,"Could this be for ""crowd control""?",translate_right_2pct,F:\Sadik\semantic-causal-pathway\.venv\data\vqa_v2\variants\vqav2-12670__translate_right_2pct.png,true,true,true,true,expert_human_reviewer,2026-10-05,heldout,translation,variants/masks/vqav2-12670__translate_right_2pct.png
vqav2-12670,"Could this be for ""crowd control""?",translate_up_2pct,F:\Sadik\semantic-causal-pathway\.venv\data\vqa_v2\variants\vqav2-12670__translate_up_2pct.png,false,false,false,true,expert_human_reviewer,2026-10-05,,translation,variants/masks/vqav2-12670__translate_up_2pct.png
vqav2-12670,"Could this be for ""crowd control""?",translate_down_2pct,F:\Sadik\semantic-causal-pathway\.venv\data\vqa_v2\variants\vqav2-12670__translate_down_2pct.png,false,false,false,true,expert_human_reviewer,2026-10-05,,translation,variants/masks/vqav2-12670__translate_down_2pct.png
vqav2-12670,"Could this be for ""crowd control""?",background_blur,F:\Sadik\semantic-causal-pathway\.venv\data\vqa_v2\variants\vqav2-12670__background_blur.png,false,false,false,true,expert_human_reviewer,2026-10-05,,background_edit,(same as original)
vqav2-12670,"Could this be for ""crowd control""?",background_neutral,F:\Sadik\semantic-causal-pathway\.venv\data\vqa_v2\variants\vqav2-12670__background_neutral.png,false,false,false,true,expert_human_reviewer,2026-10-05,,background_edit,(same as original)
vqav2-12670,"Could this be for ""crowd control""?",jpeg_quality_10,F:\Sadik\semantic-causal-pathway\.venv\data\vqa_v2\variants\vqav2-12670__jpeg_quality_10.png,false,false,false,true,expert_human_reviewer,2026-10-05,,jpeg_compression,(rejected)
vqav2-12670,"Could this be for ""crowd control""?",jpeg_quality_20,F:\Sadik\semantic-causal-pathway\.venv\data\vqa_v2\variants\vqav2-12670__jpeg_quality_20.png,false,false,false,true,expert_human_reviewer,2026-10-05,,jpeg_compression,(rejected)
vqav2-12670,"Could this be for ""crowd control""?",translate_left_15pct,F:\Sadik\semantic-causal-pathway\.venv\data\vqa_v2\variants\vqav2-12670__translate_left_15pct.png,false,false,false,true,expert_human_reviewer,2026-10-05,,translation,(rejected)
vqav2-12670,"Could this be for ""crowd control""?",contrast_2.0,F:\Sadik\semantic-causal-pathway\.venv\data\vqa_v2\variants\vqav2-12670__contrast_2.0.png,false,false,false,true,expert_human_reviewer,2026-10-05,,unclassified,(rejected)
gqa-2407446,What is the woman on?,brightness_0.97,F:\Sadik\semantic-causal-pathway\.venv\data\vqa_v2\variants\gqa-2407446__brightness_0.97.png,false,false,false,true,expert_human_reviewer,2026-10-05,,photometric,(same as original)
gqa-2407446,What is the woman on?,contrast_1.03,F:\Sadik\semantic-causal-pathway\.venv\data\vqa_v2\variants\gqa-2407446__contrast_1.03.png,false,false,false,true,expert_human_reviewer,2026-10-05,,photometric,(same as original)
gqa-2407446,What is the woman on?,jpeg_quality_92,F:\Sadik\semantic-causal-pathway\.venv\data\vqa_v2\variants\gqa-2407446__jpeg_quality_92.png,true,true,true,true,expert_human_reviewer,2026-10-05,probe,jpeg_compression,(same as original)
gqa-2407446,What is the woman on?,jpeg_quality_98,F:\Sadik\semantic-causal-pathway\.venv\data\vqa_v2\variants\gqa-2407446__jpeg_quality_98.png,true,true,true,true,expert_human_reviewer,2026-10-05,probe,jpeg_compression,(same as original)
gqa-2407446,What is the woman on?,translate_left_2pct,F:\Sadik\semantic-causal-pathway\.venv\data\vqa_v2\variants\gqa-2407446__translate_left_2pct.png,true,true,true,true,expert_human_reviewer,2026-10-05,heldout,translation,variants/masks/gqa-2407446__translate_left_2pct.png
gqa-2407446,What is the woman on?,translate_right_2pct,F:\Sadik\semantic-causal-pathway\.venv\data\vqa_v2\variants\gqa-2407446__translate_right_2pct.png,true,true,true,true,expert_human_reviewer,2026-10-05,heldout,translation,variants/masks/gqa-2407446__translate_right_2pct.png
gqa-2407446,What is the woman on?,translate_up_2pct,F:\Sadik\semantic-causal-pathway\.venv\data\vqa_v2\variants\gqa-2407446__translate_up_2pct.png,false,false,false,true,expert_human_reviewer,2026-10-05,,translation,variants/masks/gqa-2407446__translate_up_2pct.png
gqa-2407446,What is the woman on?,translate_down_2pct,F:\Sadik\semantic-causal-pathway\.venv\data\vqa_v2\variants\gqa-2407446__translate_down_2pct.png,false,false,false,true,expert_human_reviewer,2026-10-05,,translation,variants/masks/gqa-2407446__translate_down_2pct.png
gqa-2407446,What is the woman on?,background_blur,F:\Sadik\semantic-causal-pathway\.venv\data\vqa_v2\variants\gqa-2407446__background_blur.png,false,false,false,true,expert_human_reviewer,2026-10-05,,background_edit,(same as original)
gqa-2407446,What is the woman on?,background_neutral,F:\Sadik\semantic-causal-pathway\.venv\data\vqa_v2\variants\gqa-2407446__background_neutral.png,false,false,false,true,expert_human_reviewer,2026-10-05,,background_edit,(same as original)
gqa-2407446,What is the woman on?,jpeg_quality_10,F:\Sadik\semantic-causal-pathway\.venv\data\vqa_v2\variants\gqa-2407446__jpeg_quality_10.png,false,false,false,true,expert_human_reviewer,2026-10-05,,jpeg_compression,(rejected)
gqa-2407446,What is the woman on?,jpeg_quality_20,F:\Sadik\semantic-causal-pathway\.venv\data\vqa_v2\variants\gqa-2407446__jpeg_quality_20.png,false,false,false,true,expert_human_reviewer,2026-10-05,,jpeg_compression,(rejected)
gqa-2407446,What is the woman on?,translate_left_15pct,F:\Sadik\semantic-causal-pathway\.venv\data\vqa_v2\variants\gqa-2407446__translate_left_15pct.png,false,false,false,true,expert_human_reviewer,2026-10-05,,translation,(rejected)
gqa-2407446,What is the woman on?,contrast_2.0,F:\Sadik\semantic-causal-pathway\.venv\data\vqa_v2\variants\gqa-2407446__contrast_2.0.png,false,false,false,true,expert_human_reviewer,2026-10-05,,unclassified,(rejected)
vqav2-144929,What is he carrying on his head?,brightness_0.97,F:\Sadik\semantic-causal-pathway\.venv\data\vqa_v2\variants\vqav2-144929__brightness_0.97.png,false,false,false,true,expert_human_reviewer,2026-10-05,,photometric,(same as original)
vqav2-144929,What is he carrying on his head?,contrast_1.03,F:\Sadik\semantic-causal-pathway\.venv\data\vqa_v2\variants\vqav2-144929__contrast_1.03.png,false,false,false,true,expert_human_reviewer,2026-10-05,,photometric,(same as original)
vqav2-144929,What is he carrying on his head?,jpeg_quality_92,F:\Sadik\semantic-causal-pathway\.venv\data\vqa_v2\variants\vqav2-144929__jpeg_quality_92.png,true,true,true,true,expert_human_reviewer,2026-10-05,probe,jpeg_compression,(same as original)
vqav2-144929,What is he carrying on his head?,jpeg_quality_98,F:\Sadik\semantic-causal-pathway\.venv\data\vqa_v2\variants\vqav2-144929__jpeg_quality_98.png,true,true,true,true,expert_human_reviewer,2026-10-05,probe,jpeg_compression,(same as original)
vqav2-144929,What is he carrying on his head?,translate_left_2pct,F:\Sadik\semantic-causal-pathway\.venv\data\vqa_v2\variants\vqav2-144929__translate_left_2pct.png,true,true,true,true,expert_human_reviewer,2026-10-05,heldout,translation,variants/masks/vqav2-144929__translate_left_2pct.png
vqav2-144929,What is he carrying on his head?,translate_right_2pct,F:\Sadik\semantic-causal-pathway\.venv\data\vqa_v2\variants\vqav2-144929__translate_right_2pct.png,true,true,true,true,expert_human_reviewer,2026-10-05,heldout,translation,variants/masks/vqav2-144929__translate_right_2pct.png
vqav2-144929,What is he carrying on his head?,translate_up_2pct,F:\Sadik\semantic-causal-pathway\.venv\data\vqa_v2\variants\vqav2-144929__translate_up_2pct.png,false,false,false,true,expert_human_reviewer,2026-10-05,,translation,variants/masks/vqav2-144929__translate_up_2pct.png
vqav2-144929,What is he carrying on his head?,translate_down_2pct,F:\Sadik\semantic-causal-pathway\.venv\data\vqa_v2\variants\vqav2-144929__translate_down_2pct.png,false,false,false,true,expert_human_reviewer,2026-10-05,,translation,variants/masks/vqav2-144929__translate_down_2pct.png
vqav2-144929,What is he carrying on his head?,background_blur,F:\Sadik\semantic-causal-pathway\.venv\data\vqa_v2\variants\vqav2-144929__background_blur.png,false,false,false,true,expert_human_reviewer,2026-10-05,,background_edit,(same as original)
vqav2-144929,What is he carrying on his head?,background_neutral,F:\Sadik\semantic-causal-pathway\.venv\data\vqa_v2\variants\vqav2-144929__background_neutral.png,false,false,false,true,expert_human_reviewer,2026-10-05,,background_edit,(same as original)
vqav2-144929,What is he carrying on his head?,jpeg_quality_10,F:\Sadik\semantic-causal-pathway\.venv\data\vqa_v2\variants\vqav2-144929__jpeg_quality_10.png,false,false,false,true,expert_human_reviewer,2026-10-05,,jpeg_compression,(rejected)
vqav2-144929,What is he carrying on his head?,jpeg_quality_20,F:\Sadik\semantic-causal-pathway\.venv\data\vqa_v2\variants\vqav2-144929__jpeg_quality_20.png,false,false,false,true,expert_human_reviewer,2026-10-05,,jpeg_compression,(rejected)
vqav2-144929,What is he carrying on his head?,translate_left_15pct,F:\Sadik\semantic-causal-pathway\.venv\data\vqa_v2\variants\vqav2-144929__translate_left_15pct.png,false,false,false,true,expert_human_reviewer,2026-10-05,,translation,(rejected)
vqav2-144929,What is he carrying on his head?,contrast_2.0,F:\Sadik\semantic-causal-pathway\.venv\data\vqa_v2\variants\vqav2-144929__contrast_2.0.png,false,false,false,true,expert_human_reviewer,2026-10-05,,unclassified,(rejected)
gqa-2386511,Does the person that is to the left of the cart appear to be thick and short?,brightness_0.97,F:\Sadik\semantic-causal-pathway\.venv\data\vqa_v2\variants\gqa-2386511__brightness_0.97.png,false,false,false,true,expert_human_reviewer,2026-10-05,,photometric,(same as original)
gqa-2386511,Does the person that is to the left of the cart appear to be thick and short?,contrast_1.03,F:\Sadik\semantic-causal-pathway\.venv\data\vqa_v2\variants\gqa-2386511__contrast_1.03.png,false,false,false,true,expert_human_reviewer,2026-10-05,,photometric,(same as original)
gqa-2386511,Does the person that is to the left of the cart appear to be thick and short?,jpeg_quality_92,F:\Sadik\semantic-causal-pathway\.venv\data\vqa_v2\variants\gqa-2386511__jpeg_quality_92.png,true,true,true,true,expert_human_reviewer,2026-10-05,probe,jpeg_compression,(same as original)
gqa-2386511,Does the person that is to the left of the cart appear to be thick and short?,jpeg_quality_98,F:\Sadik\semantic-causal-pathway\.venv\data\vqa_v2\variants\gqa-2386511__jpeg_quality_98.png,true,true,true,true,expert_human_reviewer,2026-10-05,probe,jpeg_compression,(same as original)
gqa-2386511,Does the person that is to the left of the cart appear to be thick and short?,translate_left_2pct,F:\Sadik\semantic-causal-pathway\.venv\data\vqa_v2\variants\gqa-2386511__translate_left_2pct.png,true,true,true,true,expert_human_reviewer,2026-10-05,heldout,translation,variants/masks/gqa-2386511__translate_left_2pct.png
gqa-2386511,Does the person that is to the left of the cart appear to be thick and short?,translate_right_2pct,F:\Sadik\semantic-causal-pathway\.venv\data\vqa_v2\variants\gqa-2386511__translate_right_2pct.png,true,true,true,true,expert_human_reviewer,2026-10-05,heldout,translation,variants/masks/gqa-2386511__translate_right_2pct.png
gqa-2386511,Does the person that is to the left of the cart appear to be thick and short?,translate_up_2pct,F:\Sadik\semantic-causal-pathway\.venv\data\vqa_v2\variants\gqa-2386511__translate_up_2pct.png,false,false,false,true,expert_human_reviewer,2026-10-05,,translation,variants/masks/gqa-2386511__translate_up_2pct.png
gqa-2386511,Does the person that is to the left of the cart appear to be thick and short?,translate_down_2pct,F:\Sadik\semantic-causal-pathway\.venv\data\vqa_v2\variants\gqa-2386511__translate_down_2pct.png,false,false,false,true,expert_human_reviewer,2026-10-05,,translation,variants/masks/gqa-2386511__translate_down_2pct.png
gqa-2386511,Does the person that is to the left of the cart appear to be thick and short?,background_blur,F:\Sadik\semantic-causal-pathway\.venv\data\vqa_v2\variants\gqa-2386511__background_blur.png,false,false,false,true,expert_human_reviewer,2026-10-05,,background_edit,(same as original)
gqa-2386511,Does the person that is to the left of the cart appear to be thick and short?,background_neutral,F:\Sadik\semantic-causal-pathway\.venv\data\vqa_v2\variants\gqa-2386511__background_neutral.png,false,false,false,true,expert_human_reviewer,2026-10-05,,background_edit,(same as original)
gqa-2386511,Does the person that is to the left of the cart appear to be thick and short?,jpeg_quality_10,F:\Sadik\semantic-causal-pathway\.venv\data\vqa_v2\variants\gqa-2386511__jpeg_quality_10.png,false,false,false,true,expert_human_reviewer,2026-10-05,,jpeg_compression,(rejected)
gqa-2386511,Does the person that is to the left of the cart appear to be thick and short?,jpeg_quality_20,F:\Sadik\semantic-causal-pathway\.venv\data\vqa_v2\variants\gqa-2386511__jpeg_quality_20.png,false,false,false,true,expert_human_reviewer,2026-10-05,,jpeg_compression,(rejected)
gqa-2386511,Does the person that is to the left of the cart appear to be thick and short?,translate_left_15pct,F:\Sadik\semantic-causal-pathway\.venv\data\vqa_v2\variants\gqa-2386511__translate_left_15pct.png,false,false,false,true,expert_human_reviewer,2026-10-05,,translation,(rejected)
gqa-2386511,Does the person that is to the left of the cart appear to be thick and short?,contrast_2.0,F:\Sadik\semantic-causal-pathway\.venv\data\vqa_v2\variants\gqa-2386511__contrast_2.0.png,false,false,false,true,expert_human_reviewer,2026-10-05,,unclassified,(rejected)
gqa-2362638,Does the hair have blond color?,jpeg_quality_90,F:\Sadik\semantic-causal-pathway\.venv\data\vqa_v2\variants\gqa-2362638__jpeg_quality_90.png,false,false,false,true,expert_human_reviewer,2026-10-05,,jpeg_compression,(same as original)
gqa-2362638,Does the hair have blond color?,jpeg_quality_92,F:\Sadik\semantic-causal-pathway\.venv\data\vqa_v2\variants\gqa-2362638__jpeg_quality_92.png,true,true,true,true,expert_human_reviewer,2026-10-05,probe,jpeg_compression,(same as original)
gqa-2362638,Does the hair have blond color?,jpeg_quality_95,F:\Sadik\semantic-causal-pathway\.venv\data\vqa_v2\variants\gqa-2362638__jpeg_quality_95.png,false,false,false,true,expert_human_reviewer,2026-10-05,,jpeg_compression,(same as original)
gqa-2362638,Does the hair have blond color?,jpeg_quality_98,F:\Sadik\semantic-causal-pathway\.venv\data\vqa_v2\variants\gqa-2362638__jpeg_quality_98.png,true,true,true,true,expert_human_reviewer,2026-10-05,probe,jpeg_compression,(same as original)
gqa-2362638,Does the hair have blond color?,translate_left_2pct,F:\Sadik\semantic-causal-pathway\.venv\data\vqa_v2\variants\gqa-2362638__translate_left_2pct.png,true,true,true,true,expert_human_reviewer,2026-10-05,heldout,translation,variants/masks/gqa-2362638__translate_left_2pct.png
gqa-2362638,Does the hair have blond color?,translate_right_2pct,F:\Sadik\semantic-causal-pathway\.venv\data\vqa_v2\variants\gqa-2362638__translate_right_2pct.png,true,true,true,true,expert_human_reviewer,2026-10-05,heldout,translation,variants/masks/gqa-2362638__translate_right_2pct.png
gqa-2362638,Does the hair have blond color?,translate_up_2pct,F:\Sadik\semantic-causal-pathway\.venv\data\vqa_v2\variants\gqa-2362638__translate_up_2pct.png,false,false,false,true,expert_human_reviewer,2026-10-05,,translation,variants/masks/gqa-2362638__translate_up_2pct.png
gqa-2362638,Does the hair have blond color?,translate_down_2pct,F:\Sadik\semantic-causal-pathway\.venv\data\vqa_v2\variants\gqa-2362638__translate_down_2pct.png,false,false,false,true,expert_human_reviewer,2026-10-05,,translation,variants/masks/gqa-2362638__translate_down_2pct.png
gqa-2362638,Does the hair have blond color?,background_blur,F:\Sadik\semantic-causal-pathway\.venv\data\vqa_v2\variants\gqa-2362638__background_blur.png,false,false,false,true,expert_human_reviewer,2026-10-05,,background_edit,(same as original)
gqa-2362638,Does the hair have blond color?,background_neutral,F:\Sadik\semantic-causal-pathway\.venv\data\vqa_v2\variants\gqa-2362638__background_neutral.png,false,false,false,true,expert_human_reviewer,2026-10-05,,background_edit,(same as original)
gqa-2362638,Does the hair have blond color?,jpeg_quality_10,F:\Sadik\semantic-causal-pathway\.venv\data\vqa_v2\variants\gqa-2362638__jpeg_quality_10.png,false,false,false,true,expert_human_reviewer,2026-10-05,,jpeg_compression,(rejected)
gqa-2362638,Does the hair have blond color?,jpeg_quality_20,F:\Sadik\semantic-causal-pathway\.venv\data\vqa_v2\variants\gqa-2362638__jpeg_quality_20.png,false,false,false,true,expert_human_reviewer,2026-10-05,,jpeg_compression,(rejected)
gqa-2362638,Does the hair have blond color?,translate_left_15pct,F:\Sadik\semantic-causal-pathway\.venv\data\vqa_v2\variants\gqa-2362638__translate_left_15pct.png,false,false,false,true,expert_human_reviewer,2026-10-05,,translation,(rejected)
gqa-2362638,Does the hair have blond color?,contrast_2.0,F:\Sadik\semantic-causal-pathway\.venv\data\vqa_v2\variants\gqa-2362638__contrast_2.0.png,false,false,false,true,expert_human_reviewer,2026-10-05,,unclassified,(rejected)
gqa-2325896,Does the hydrant look gray?,brightness_0.97,F:\Sadik\semantic-causal-pathway\.venv\data\vqa_v2\variants\gqa-2325896__brightness_0.97.png,false,false,false,true,expert_human_reviewer,2026-10-05,,photometric,(same as original)
gqa-2325896,Does the hydrant look gray?,contrast_1.03,F:\Sadik\semantic-causal-pathway\.venv\data\vqa_v2\variants\gqa-2325896__contrast_1.03.png,false,false,false,true,expert_human_reviewer,2026-10-05,,photometric,(same as original)
gqa-2325896,Does the hydrant look gray?,jpeg_quality_92,F:\Sadik\semantic-causal-pathway\.venv\data\vqa_v2\variants\gqa-2325896__jpeg_quality_92.png,true,true,true,true,expert_human_reviewer,2026-10-05,probe,jpeg_compression,(same as original)
gqa-2325896,Does the hydrant look gray?,jpeg_quality_98,F:\Sadik\semantic-causal-pathway\.venv\data\vqa_v2\variants\gqa-2325896__jpeg_quality_98.png,true,true,true,true,expert_human_reviewer,2026-10-05,probe,jpeg_compression,(same as original)
gqa-2325896,Does the hydrant look gray?,translate_left_2pct,F:\Sadik\semantic-causal-pathway\.venv\data\vqa_v2\variants\gqa-2325896__translate_left_2pct.png,true,true,true,true,expert_human_reviewer,2026-10-05,heldout,translation,variants/masks/gqa-2325896__translate_left_2pct.png
gqa-2325896,Does the hydrant look gray?,translate_right_2pct,F:\Sadik\semantic-causal-pathway\.venv\data\vqa_v2\variants\gqa-2325896__translate_right_2pct.png,true,true,true,true,expert_human_reviewer,2026-10-05,heldout,translation,variants/masks/gqa-2325896__translate_right_2pct.png
gqa-2325896,Does the hydrant look gray?,translate_up_2pct,F:\Sadik\semantic-causal-pathway\.venv\data\vqa_v2\variants\gqa-2325896__translate_up_2pct.png,false,false,false,true,expert_human_reviewer,2026-10-05,,translation,variants/masks/gqa-2325896__translate_up_2pct.png
gqa-2325896,Does the hydrant look gray?,translate_down_2pct,F:\Sadik\semantic-causal-pathway\.venv\data\vqa_v2\variants\gqa-2325896__translate_down_2pct.png,false,false,false,true,expert_human_reviewer,2026-10-05,,translation,variants/masks/gqa-2325896__translate_down_2pct.png
gqa-2325896,Does the hydrant look gray?,background_blur,F:\Sadik\semantic-causal-pathway\.venv\data\vqa_v2\variants\gqa-2325896__background_blur.png,false,false,false,true,expert_human_reviewer,2026-10-05,,background_edit,(same as original)
gqa-2325896,Does the hydrant look gray?,background_neutral,F:\Sadik\semantic-causal-pathway\.venv\data\vqa_v2\variants\gqa-2325896__background_neutral.png,false,false,false,true,expert_human_reviewer,2026-10-05,,background_edit,(same as original)
gqa-2325896,Does the hydrant look gray?,jpeg_quality_10,F:\Sadik\semantic-causal-pathway\.venv\data\vqa_v2\variants\gqa-2325896__jpeg_quality_10.png,false,false,false,true,expert_human_reviewer,2026-10-05,,jpeg_compression,(rejected)
gqa-2325896,Does the hydrant look gray?,jpeg_quality_20,F:\Sadik\semantic-causal-pathway\.venv\data\vqa_v2\variants\gqa-2325896__jpeg_quality_20.png,false,false,false,true,expert_human_reviewer,2026-10-05,,jpeg_compression,(rejected)
gqa-2325896,Does the hydrant look gray?,translate_left_15pct,F:\Sadik\semantic-causal-pathway\.venv\data\vqa_v2\variants\gqa-2325896__translate_left_15pct.png,false,false,false,true,expert_human_reviewer,2026-10-05,,translation,(rejected)
gqa-2325896,Does the hydrant look gray?,contrast_2.0,F:\Sadik\semantic-causal-pathway\.venv\data\vqa_v2\variants\gqa-2325896__contrast_2.0.png,false,false,false,true,expert_human_reviewer,2026-10-05,,unclassified,(rejected)
vqav2-494863,Is the photographer in a car?,brightness_0.97,F:\Sadik\semantic-causal-pathway\.venv\data\vqa_v2\variants\vqav2-494863__brightness_0.97.png,false,false,false,true,expert_human_reviewer,2026-10-05,,photometric,(same as original)
vqav2-494863,Is the photographer in a car?,contrast_1.03,F:\Sadik\semantic-causal-pathway\.venv\data\vqa_v2\variants\vqav2-494863__contrast_1.03.png,false,false,false,true,expert_human_reviewer,2026-10-05,,photometric,(same as original)
vqav2-494863,Is the photographer in a car?,jpeg_quality_92,F:\Sadik\semantic-causal-pathway\.venv\data\vqa_v2\variants\vqav2-494863__jpeg_quality_92.png,true,true,true,true,expert_human_reviewer,2026-10-05,probe,jpeg_compression,(same as original)
vqav2-494863,Is the photographer in a car?,jpeg_quality_98,F:\Sadik\semantic-causal-pathway\.venv\data\vqa_v2\variants\vqav2-494863__jpeg_quality_98.png,true,true,true,true,expert_human_reviewer,2026-10-05,probe,jpeg_compression,(same as original)
vqav2-494863,Is the photographer in a car?,translate_left_2pct,F:\Sadik\semantic-causal-pathway\.venv\data\vqa_v2\variants\vqav2-494863__translate_left_2pct.png,true,true,true,true,expert_human_reviewer,2026-10-05,heldout,translation,variants/masks/vqav2-494863__translate_left_2pct.png
vqav2-494863,Is the photographer in a car?,translate_right_2pct,F:\Sadik\semantic-causal-pathway\.venv\data\vqa_v2\variants\vqav2-494863__translate_right_2pct.png,true,true,true,true,expert_human_reviewer,2026-10-05,heldout,translation,variants/masks/vqav2-494863__translate_right_2pct.png
vqav2-494863,Is the photographer in a car?,translate_up_2pct,F:\Sadik\semantic-causal-pathway\.venv\data\vqa_v2\variants\vqav2-494863__translate_up_2pct.png,false,false,false,true,expert_human_reviewer,2026-10-05,,translation,variants/masks/vqav2-494863__translate_up_2pct.png
vqav2-494863,Is the photographer in a car?,translate_down_2pct,F:\Sadik\semantic-causal-pathway\.venv\data\vqa_v2\variants\vqav2-494863__translate_down_2pct.png,false,false,false,true,expert_human_reviewer,2026-10-05,,translation,variants/masks/vqav2-494863__translate_down_2pct.png
vqav2-494863,Is the photographer in a car?,background_blur,F:\Sadik\semantic-causal-pathway\.venv\data\vqa_v2\variants\vqav2-494863__background_blur.png,false,false,false,true,expert_human_reviewer,2026-10-05,,background_edit,(same as original)
vqav2-494863,Is the photographer in a car?,background_neutral,F:\Sadik\semantic-causal-pathway\.venv\data\vqa_v2\variants\vqav2-494863__background_neutral.png,false,false,false,true,expert_human_reviewer,2026-10-05,,background_edit,(same as original)
vqav2-494863,Is the photographer in a car?,jpeg_quality_10,F:\Sadik\semantic-causal-pathway\.venv\data\vqa_v2\variants\vqav2-494863__jpeg_quality_10.png,false,false,false,true,expert_human_reviewer,2026-10-05,,jpeg_compression,(rejected)
vqav2-494863,Is the photographer in a car?,jpeg_quality_20,F:\Sadik\semantic-causal-pathway\.venv\data\vqa_v2\variants\vqav2-494863__jpeg_quality_20.png,false,false,false,true,expert_human_reviewer,2026-10-05,,jpeg_compression,(rejected)
vqav2-494863,Is the photographer in a car?,translate_left_15pct,F:\Sadik\semantic-causal-pathway\.venv\data\vqa_v2\variants\vqav2-494863__translate_left_15pct.png,false,false,false,true,expert_human_reviewer,2026-10-05,,translation,(rejected)
vqav2-494863,Is the photographer in a car?,contrast_2.0,F:\Sadik\semantic-causal-pathway\.venv\data\vqa_v2\variants\vqav2-494863__contrast_2.0.png,false,false,false,true,expert_human_reviewer,2026-10-05,,unclassified,(rejected)
gqa-2368444,Is it outdoors or indoors?,brightness_0.97,F:\Sadik\semantic-causal-pathway\.venv\data\vqa_v2\variants\gqa-2368444__brightness_0.97.png,false,false,false,true,expert_human_reviewer,2026-10-05,,photometric,(same as original)
gqa-2368444,Is it outdoors or indoors?,contrast_1.03,F:\Sadik\semantic-causal-pathway\.venv\data\vqa_v2\variants\gqa-2368444__contrast_1.03.png,false,false,false,true,expert_human_reviewer,2026-10-05,,photometric,(same as original)
gqa-2368444,Is it outdoors or indoors?,jpeg_quality_92,F:\Sadik\semantic-causal-pathway\.venv\data\vqa_v2\variants\gqa-2368444__jpeg_quality_92.png,true,true,true,true,expert_human_reviewer,2026-10-05,probe,jpeg_compression,(same as original)
gqa-2368444,Is it outdoors or indoors?,jpeg_quality_98,F:\Sadik\semantic-causal-pathway\.venv\data\vqa_v2\variants\gqa-2368444__jpeg_quality_98.png,true,true,true,true,expert_human_reviewer,2026-10-05,probe,jpeg_compression,(same as original)
gqa-2368444,Is it outdoors or indoors?,translate_left_2pct,F:\Sadik\semantic-causal-pathway\.venv\data\vqa_v2\variants\gqa-2368444__translate_left_2pct.png,true,true,true,true,expert_human_reviewer,2026-10-05,heldout,translation,variants/masks/gqa-2368444__translate_left_2pct.png
gqa-2368444,Is it outdoors or indoors?,translate_right_2pct,F:\Sadik\semantic-causal-pathway\.venv\data\vqa_v2\variants\gqa-2368444__translate_right_2pct.png,true,true,true,true,expert_human_reviewer,2026-10-05,heldout,translation,variants/masks/gqa-2368444__translate_right_2pct.png
gqa-2368444,Is it outdoors or indoors?,translate_up_2pct,F:\Sadik\semantic-causal-pathway\.venv\data\vqa_v2\variants\gqa-2368444__translate_up_2pct.png,false,false,false,true,expert_human_reviewer,2026-10-05,,translation,variants/masks/gqa-2368444__translate_up_2pct.png
gqa-2368444,Is it outdoors or indoors?,translate_down_2pct,F:\Sadik\semantic-causal-pathway\.venv\data\vqa_v2\variants\gqa-2368444__translate_down_2pct.png,false,false,false,true,expert_human_reviewer,2026-10-05,,translation,variants/masks/gqa-2368444__translate_down_2pct.png
gqa-2368444,Is it outdoors or indoors?,background_blur,F:\Sadik\semantic-causal-pathway\.venv\data\vqa_v2\variants\gqa-2368444__background_blur.png,false,false,false,true,expert_human_reviewer,2026-10-05,,background_edit,(same as original)
gqa-2368444,Is it outdoors or indoors?,background_neutral,F:\Sadik\semantic-causal-pathway\.venv\data\vqa_v2\variants\gqa-2368444__background_neutral.png,false,false,false,true,expert_human_reviewer,2026-10-05,,background_edit,(same as original)
gqa-2368444,Is it outdoors or indoors?,jpeg_quality_10,F:\Sadik\semantic-causal-pathway\.venv\data\vqa_v2\variants\gqa-2368444__jpeg_quality_10.png,false,false,false,true,expert_human_reviewer,2026-10-05,,jpeg_compression,(rejected)
gqa-2368444,Is it outdoors or indoors?,jpeg_quality_20,F:\Sadik\semantic-causal-pathway\.venv\data\vqa_v2\variants\gqa-2368444__jpeg_quality_20.png,false,false,false,true,expert_human_reviewer,2026-10-05,,jpeg_compression,(rejected)
gqa-2368444,Is it outdoors or indoors?,translate_left_15pct,F:\Sadik\semantic-causal-pathway\.venv\data\vqa_v2\variants\gqa-2368444__translate_left_15pct.png,false,false,false,true,expert_human_reviewer,2026-10-05,,translation,(rejected)
gqa-2368444,Is it outdoors or indoors?,contrast_2.0,F:\Sadik\semantic-causal-pathway\.venv\data\vqa_v2\variants\gqa-2368444__contrast_2.0.png,false,false,false,true,expert_human_reviewer,2026-10-05,,unclassified,(rejected)
gqa-2364138,Is this a zebra or a horse?,brightness_0.97,F:\Sadik\semantic-causal-pathway\.venv\data\vqa_v2\variants\gqa-2364138__brightness_0.97.png,false,false,false,true,expert_human_reviewer,2026-10-05,,photometric,(same as original)
gqa-2364138,Is this a zebra or a horse?,contrast_1.03,F:\Sadik\semantic-causal-pathway\.venv\data\vqa_v2\variants\gqa-2364138__contrast_1.03.png,false,false,false,true,expert_human_reviewer,2026-10-05,,photometric,(same as original)
gqa-2364138,Is this a zebra or a horse?,jpeg_quality_92,F:\Sadik\semantic-causal-pathway\.venv\data\vqa_v2\variants\gqa-2364138__jpeg_quality_92.png,true,true,true,true,expert_human_reviewer,2026-10-05,probe,jpeg_compression,(same as original)
gqa-2364138,Is this a zebra or a horse?,jpeg_quality_98,F:\Sadik\semantic-causal-pathway\.venv\data\vqa_v2\variants\gqa-2364138__jpeg_quality_98.png,true,true,true,true,expert_human_reviewer,2026-10-05,probe,jpeg_compression,(same as original)
gqa-2364138,Is this a zebra or a horse?,translate_left_2pct,F:\Sadik\semantic-causal-pathway\.venv\data\vqa_v2\variants\gqa-2364138__translate_left_2pct.png,true,true,true,true,expert_human_reviewer,2026-10-05,heldout,translation,variants/masks/gqa-2364138__translate_left_2pct.png
gqa-2364138,Is this a zebra or a horse?,translate_right_2pct,F:\Sadik\semantic-causal-pathway\.venv\data\vqa_v2\variants\gqa-2364138__translate_right_2pct.png,true,true,true,true,expert_human_reviewer,2026-10-05,heldout,translation,variants/masks/gqa-2364138__translate_right_2pct.png
gqa-2364138,Is this a zebra or a horse?,translate_up_2pct,F:\Sadik\semantic-causal-pathway\.venv\data\vqa_v2\variants\gqa-2364138__translate_up_2pct.png,false,false,false,true,expert_human_reviewer,2026-10-05,,translation,variants/masks/gqa-2364138__translate_up_2pct.png
gqa-2364138,Is this a zebra or a horse?,translate_down_2pct,F:\Sadik\semantic-causal-pathway\.venv\data\vqa_v2\variants\gqa-2364138__translate_down_2pct.png,false,false,false,true,expert_human_reviewer,2026-10-05,,translation,variants/masks/gqa-2364138__translate_down_2pct.png
gqa-2364138,Is this a zebra or a horse?,background_blur,F:\Sadik\semantic-causal-pathway\.venv\data\vqa_v2\variants\gqa-2364138__background_blur.png,false,false,false,true,expert_human_reviewer,2026-10-05,,background_edit,(same as original)
gqa-2364138,Is this a zebra or a horse?,background_neutral,F:\Sadik\semantic-causal-pathway\.venv\data\vqa_v2\variants\gqa-2364138__background_neutral.png,false,false,false,true,expert_human_reviewer,2026-10-05,,background_edit,(same as original)
gqa-2364138,Is this a zebra or a horse?,jpeg_quality_10,F:\Sadik\semantic-causal-pathway\.venv\data\vqa_v2\variants\gqa-2364138__jpeg_quality_10.png,false,false,false,true,expert_human_reviewer,2026-10-05,,jpeg_compression,(rejected)
gqa-2364138,Is this a zebra or a horse?,jpeg_quality_20,F:\Sadik\semantic-causal-pathway\.venv\data\vqa_v2\variants\gqa-2364138__jpeg_quality_20.png,false,false,false,true,expert_human_reviewer,2026-10-05,,jpeg_compression,(rejected)
gqa-2364138,Is this a zebra or a horse?,translate_left_15pct,F:\Sadik\semantic-causal-pathway\.venv\data\vqa_v2\variants\gqa-2364138__translate_left_15pct.png,false,false,false,true,expert_human_reviewer,2026-10-05,,translation,(rejected)
gqa-2364138,Is this a zebra or a horse?,contrast_2.0,F:\Sadik\semantic-causal-pathway\.venv\data\vqa_v2\variants\gqa-2364138__contrast_2.0.png,false,false,false,true,expert_human_reviewer,2026-10-05,,unclassified,(rejected)
vqav2-70589,What color is the bag?,jpeg_quality_90,F:\Sadik\semantic-causal-pathway\.venv\data\vqa_v2\variants\vqav2-70589__jpeg_quality_90.png,false,false,false,true,expert_human_reviewer,2026-10-05,,jpeg_compression,(same as original)
vqav2-70589,What color is the bag?,jpeg_quality_92,F:\Sadik\semantic-causal-pathway\.venv\data\vqa_v2\variants\vqav2-70589__jpeg_quality_92.png,true,true,true,true,expert_human_reviewer,2026-10-05,probe,jpeg_compression,(same as original)
vqav2-70589,What color is the bag?,jpeg_quality_95,F:\Sadik\semantic-causal-pathway\.venv\data\vqa_v2\variants\vqav2-70589__jpeg_quality_95.png,false,false,false,true,expert_human_reviewer,2026-10-05,,jpeg_compression,(same as original)
vqav2-70589,What color is the bag?,jpeg_quality_98,F:\Sadik\semantic-causal-pathway\.venv\data\vqa_v2\variants\vqav2-70589__jpeg_quality_98.png,true,true,true,true,expert_human_reviewer,2026-10-05,probe,jpeg_compression,(same as original)
vqav2-70589,What color is the bag?,translate_left_2pct,F:\Sadik\semantic-causal-pathway\.venv\data\vqa_v2\variants\vqav2-70589__translate_left_2pct.png,true,true,true,true,expert_human_reviewer,2026-10-05,heldout,translation,variants/masks/vqav2-70589__translate_left_2pct.png
vqav2-70589,What color is the bag?,translate_right_2pct,F:\Sadik\semantic-causal-pathway\.venv\data\vqa_v2\variants\vqav2-70589__translate_right_2pct.png,true,true,true,true,expert_human_reviewer,2026-10-05,heldout,translation,variants/masks/vqav2-70589__translate_right_2pct.png
vqav2-70589,What color is the bag?,translate_up_2pct,F:\Sadik\semantic-causal-pathway\.venv\data\vqa_v2\variants\vqav2-70589__translate_up_2pct.png,false,false,false,true,expert_human_reviewer,2026-10-05,,translation,variants/masks/vqav2-70589__translate_up_2pct.png
vqav2-70589,What color is the bag?,translate_down_2pct,F:\Sadik\semantic-causal-pathway\.venv\data\vqa_v2\variants\vqav2-70589__translate_down_2pct.png,false,false,false,true,expert_human_reviewer,2026-10-05,,translation,variants/masks/vqav2-70589__translate_down_2pct.png
vqav2-70589,What color is the bag?,background_blur,F:\Sadik\semantic-causal-pathway\.venv\data\vqa_v2\variants\vqav2-70589__background_blur.png,false,false,false,true,expert_human_reviewer,2026-10-05,,background_edit,(same as original)
vqav2-70589,What color is the bag?,background_neutral,F:\Sadik\semantic-causal-pathway\.venv\data\vqa_v2\variants\vqav2-70589__background_neutral.png,false,false,false,true,expert_human_reviewer,2026-10-05,,background_edit,(same as original)
vqav2-70589,What color is the bag?,jpeg_quality_10,F:\Sadik\semantic-causal-pathway\.venv\data\vqa_v2\variants\vqav2-70589__jpeg_quality_10.png,false,false,false,true,expert_human_reviewer,2026-10-05,,jpeg_compression,(rejected)
vqav2-70589,What color is the bag?,jpeg_quality_20,F:\Sadik\semantic-causal-pathway\.venv\data\vqa_v2\variants\vqav2-70589__jpeg_quality_20.png,false,false,false,true,expert_human_reviewer,2026-10-05,,jpeg_compression,(rejected)
vqav2-70589,What color is the bag?,translate_left_15pct,F:\Sadik\semantic-causal-pathway\.venv\data\vqa_v2\variants\vqav2-70589__translate_left_15pct.png,false,false,false,true,expert_human_reviewer,2026-10-05,,translation,(rejected)
vqav2-70589,What color is the bag?,contrast_2.0,F:\Sadik\semantic-causal-pathway\.venv\data\vqa_v2\variants\vqav2-70589__contrast_2.0.png,false,false,false,true,expert_human_reviewer,2026-10-05,,unclassified,(rejected)
gqa-2383321,Is the white animal on the right part?,brightness_0.97,F:\Sadik\semantic-causal-pathway\.venv\data\vqa_v2\variants\gqa-2383321__brightness_0.97.png,false,false,false,true,expert_human_reviewer,2026-10-05,,photometric,(same as original)
gqa-2383321,Is the white animal on the right part?,contrast_1.03,F:\Sadik\semantic-causal-pathway\.venv\data\vqa_v2\variants\gqa-2383321__contrast_1.03.png,false,false,false,true,expert_human_reviewer,2026-10-05,,photometric,(same as original)
gqa-2383321,Is the white animal on the right part?,jpeg_quality_92,F:\Sadik\semantic-causal-pathway\.venv\data\vqa_v2\variants\gqa-2383321__jpeg_quality_92.png,true,true,true,true,expert_human_reviewer,2026-10-05,probe,jpeg_compression,(same as original)
gqa-2383321,Is the white animal on the right part?,jpeg_quality_98,F:\Sadik\semantic-causal-pathway\.venv\data\vqa_v2\variants\gqa-2383321__jpeg_quality_98.png,true,true,true,true,expert_human_reviewer,2026-10-05,probe,jpeg_compression,(same as original)
gqa-2383321,Is the white animal on the right part?,translate_left_2pct,F:\Sadik\semantic-causal-pathway\.venv\data\vqa_v2\variants\gqa-2383321__translate_left_2pct.png,true,true,true,true,expert_human_reviewer,2026-10-05,heldout,translation,variants/masks/gqa-2383321__translate_left_2pct.png
gqa-2383321,Is the white animal on the right part?,translate_right_2pct,F:\Sadik\semantic-causal-pathway\.venv\data\vqa_v2\variants\gqa-2383321__translate_right_2pct.png,true,true,true,true,expert_human_reviewer,2026-10-05,heldout,translation,variants/masks/gqa-2383321__translate_right_2pct.png
gqa-2383321,Is the white animal on the right part?,translate_up_2pct,F:\Sadik\semantic-causal-pathway\.venv\data\vqa_v2\variants\gqa-2383321__translate_up_2pct.png,false,false,false,true,expert_human_reviewer,2026-10-05,,translation,variants/masks/gqa-2383321__translate_up_2pct.png
gqa-2383321,Is the white animal on the right part?,translate_down_2pct,F:\Sadik\semantic-causal-pathway\.venv\data\vqa_v2\variants\gqa-2383321__translate_down_2pct.png,false,false,false,true,expert_human_reviewer,2026-10-05,,translation,variants/masks/gqa-2383321__translate_down_2pct.png
gqa-2383321,Is the white animal on the right part?,background_blur,F:\Sadik\semantic-causal-pathway\.venv\data\vqa_v2\variants\gqa-2383321__background_blur.png,false,false,false,true,expert_human_reviewer,2026-10-05,,background_edit,(same as original)
gqa-2383321,Is the white animal on the right part?,background_neutral,F:\Sadik\semantic-causal-pathway\.venv\data\vqa_v2\variants\gqa-2383321__background_neutral.png,false,false,false,true,expert_human_reviewer,2026-10-05,,background_edit,(same as original)
gqa-2383321,Is the white animal on the right part?,jpeg_quality_10,F:\Sadik\semantic-causal-pathway\.venv\data\vqa_v2\variants\gqa-2383321__jpeg_quality_10.png,false,false,false,true,expert_human_reviewer,2026-10-05,,jpeg_compression,(rejected)
gqa-2383321,Is the white animal on the right part?,jpeg_quality_20,F:\Sadik\semantic-causal-pathway\.venv\data\vqa_v2\variants\gqa-2383321__jpeg_quality_20.png,false,false,false,true,expert_human_reviewer,2026-10-05,,jpeg_compression,(rejected)
gqa-2383321,Is the white animal on the right part?,translate_left_15pct,F:\Sadik\semantic-causal-pathway\.venv\data\vqa_v2\variants\gqa-2383321__translate_left_15pct.png,false,false,false,true,expert_human_reviewer,2026-10-05,,translation,(rejected)
gqa-2383321,Is the white animal on the right part?,contrast_2.0,F:\Sadik\semantic-causal-pathway\.venv\data\vqa_v2\variants\gqa-2383321__contrast_2.0.png,false,false,false,true,expert_human_reviewer,2026-10-05,,unclassified,(rejected)
vqav2-261906,Is this animal a reptile?,brightness_0.97,F:\Sadik\semantic-causal-pathway\.venv\data\vqa_v2\variants\vqav2-261906__brightness_0.97.png,false,false,false,true,expert_human_reviewer,2026-10-05,,photometric,(same as original)
vqav2-261906,Is this animal a reptile?,contrast_1.03,F:\Sadik\semantic-causal-pathway\.venv\data\vqa_v2\variants\vqav2-261906__contrast_1.03.png,false,false,false,true,expert_human_reviewer,2026-10-05,,photometric,(same as original)
vqav2-261906,Is this animal a reptile?,jpeg_quality_92,F:\Sadik\semantic-causal-pathway\.venv\data\vqa_v2\variants\vqav2-261906__jpeg_quality_92.png,true,true,true,true,expert_human_reviewer,2026-10-05,probe,jpeg_compression,(same as original)
vqav2-261906,Is this animal a reptile?,jpeg_quality_98,F:\Sadik\semantic-causal-pathway\.venv\data\vqa_v2\variants\vqav2-261906__jpeg_quality_98.png,true,true,true,true,expert_human_reviewer,2026-10-05,probe,jpeg_compression,(same as original)
vqav2-261906,Is this animal a reptile?,translate_left_2pct,F:\Sadik\semantic-causal-pathway\.venv\data\vqa_v2\variants\vqav2-261906__translate_left_2pct.png,true,true,true,true,expert_human_reviewer,2026-10-05,heldout,translation,variants/masks/vqav2-261906__translate_left_2pct.png
vqav2-261906,Is this animal a reptile?,translate_right_2pct,F:\Sadik\semantic-causal-pathway\.venv\data\vqa_v2\variants\vqav2-261906__translate_right_2pct.png,true,true,true,true,expert_human_reviewer,2026-10-05,heldout,translation,variants/masks/vqav2-261906__translate_right_2pct.png
vqav2-261906,Is this animal a reptile?,translate_up_2pct,F:\Sadik\semantic-causal-pathway\.venv\data\vqa_v2\variants\vqav2-261906__translate_up_2pct.png,false,false,false,true,expert_human_reviewer,2026-10-05,,translation,variants/masks/vqav2-261906__translate_up_2pct.png
vqav2-261906,Is this animal a reptile?,translate_down_2pct,F:\Sadik\semantic-causal-pathway\.venv\data\vqa_v2\variants\vqav2-261906__translate_down_2pct.png,false,false,false,true,expert_human_reviewer,2026-10-05,,translation,variants/masks/vqav2-261906__translate_down_2pct.png
vqav2-261906,Is this animal a reptile?,background_blur,F:\Sadik\semantic-causal-pathway\.venv\data\vqa_v2\variants\vqav2-261906__background_blur.png,false,false,false,true,expert_human_reviewer,2026-10-05,,background_edit,(same as original)
vqav2-261906,Is this animal a reptile?,background_neutral,F:\Sadik\semantic-causal-pathway\.venv\data\vqa_v2\variants\vqav2-261906__background_neutral.png,false,false,false,true,expert_human_reviewer,2026-10-05,,background_edit,(same as original)
vqav2-261906,Is this animal a reptile?,jpeg_quality_10,F:\Sadik\semantic-causal-pathway\.venv\data\vqa_v2\variants\vqav2-261906__jpeg_quality_10.png,false,false,false,true,expert_human_reviewer,2026-10-05,,jpeg_compression,(rejected)
vqav2-261906,Is this animal a reptile?,jpeg_quality_20,F:\Sadik\semantic-causal-pathway\.venv\data\vqa_v2\variants\vqav2-261906__jpeg_quality_20.png,false,false,false,true,expert_human_reviewer,2026-10-05,,jpeg_compression,(rejected)
vqav2-261906,Is this animal a reptile?,translate_left_15pct,F:\Sadik\semantic-causal-pathway\.venv\data\vqa_v2\variants\vqav2-261906__translate_left_15pct.png,false,false,false,true,expert_human_reviewer,2026-10-05,,translation,(rejected)
vqav2-261906,Is this animal a reptile?,contrast_2.0,F:\Sadik\semantic-causal-pathway\.venv\data\vqa_v2\variants\vqav2-261906__contrast_2.0.png,false,false,false,true,expert_human_reviewer,2026-10-05,,unclassified,(rejected)
gqa-2363937,"What color is the shirt, black or yellow?",jpeg_quality_90,F:\Sadik\semantic-causal-pathway\.venv\data\vqa_v2\variants\gqa-2363937__jpeg_quality_90.png,false,false,false,true,expert_human_reviewer,2026-10-05,,jpeg_compression,(same as original)
gqa-2363937,"What color is the shirt, black or yellow?",jpeg_quality_92,F:\Sadik\semantic-causal-pathway\.venv\data\vqa_v2\variants\gqa-2363937__jpeg_quality_92.png,true,true,true,true,expert_human_reviewer,2026-10-05,probe,jpeg_compression,(same as original)
gqa-2363937,"What color is the shirt, black or yellow?",jpeg_quality_95,F:\Sadik\semantic-causal-pathway\.venv\data\vqa_v2\variants\gqa-2363937__jpeg_quality_95.png,false,false,false,true,expert_human_reviewer,2026-10-05,,jpeg_compression,(same as original)
gqa-2363937,"What color is the shirt, black or yellow?",jpeg_quality_98,F:\Sadik\semantic-causal-pathway\.venv\data\vqa_v2\variants\gqa-2363937__jpeg_quality_98.png,true,true,true,true,expert_human_reviewer,2026-10-05,probe,jpeg_compression,(same as original)
gqa-2363937,"What color is the shirt, black or yellow?",translate_left_2pct,F:\Sadik\semantic-causal-pathway\.venv\data\vqa_v2\variants\gqa-2363937__translate_left_2pct.png,true,true,true,true,expert_human_reviewer,2026-10-05,heldout,translation,variants/masks/gqa-2363937__translate_left_2pct.png
gqa-2363937,"What color is the shirt, black or yellow?",translate_right_2pct,F:\Sadik\semantic-causal-pathway\.venv\data\vqa_v2\variants\gqa-2363937__translate_right_2pct.png,true,true,true,true,expert_human_reviewer,2026-10-05,heldout,translation,variants/masks/gqa-2363937__translate_right_2pct.png
gqa-2363937,"What color is the shirt, black or yellow?",translate_up_2pct,F:\Sadik\semantic-causal-pathway\.venv\data\vqa_v2\variants\gqa-2363937__translate_up_2pct.png,false,false,false,true,expert_human_reviewer,2026-10-05,,translation,variants/masks/gqa-2363937__translate_up_2pct.png
gqa-2363937,"What color is the shirt, black or yellow?",translate_down_2pct,F:\Sadik\semantic-causal-pathway\.venv\data\vqa_v2\variants\gqa-2363937__translate_down_2pct.png,false,false,false,true,expert_human_reviewer,2026-10-05,,translation,variants/masks/gqa-2363937__translate_down_2pct.png
gqa-2363937,"What color is the shirt, black or yellow?",background_blur,F:\Sadik\semantic-causal-pathway\.venv\data\vqa_v2\variants\gqa-2363937__background_blur.png,false,false,false,true,expert_human_reviewer,2026-10-05,,background_edit,(same as original)
gqa-2363937,"What color is the shirt, black or yellow?",background_neutral,F:\Sadik\semantic-causal-pathway\.venv\data\vqa_v2\variants\gqa-2363937__background_neutral.png,false,false,false,true,expert_human_reviewer,2026-10-05,,background_edit,(same as original)
gqa-2363937,"What color is the shirt, black or yellow?",jpeg_quality_10,F:\Sadik\semantic-causal-pathway\.venv\data\vqa_v2\variants\gqa-2363937__jpeg_quality_10.png,false,false,false,true,expert_human_reviewer,2026-10-05,,jpeg_compression,(rejected)
gqa-2363937,"What color is the shirt, black or yellow?",jpeg_quality_20,F:\Sadik\semantic-causal-pathway\.venv\data\vqa_v2\variants\gqa-2363937__jpeg_quality_20.png,false,false,false,true,expert_human_reviewer,2026-10-05,,jpeg_compression,(rejected)
gqa-2363937,"What color is the shirt, black or yellow?",translate_left_15pct,F:\Sadik\semantic-causal-pathway\.venv\data\vqa_v2\variants\gqa-2363937__translate_left_15pct.png,false,false,false,true,expert_human_reviewer,2026-10-05,,translation,(rejected)
gqa-2363937,"What color is the shirt, black or yellow?",contrast_2.0,F:\Sadik\semantic-causal-pathway\.venv\data\vqa_v2\variants\gqa-2363937__contrast_2.0.png,false,false,false,true,expert_human_reviewer,2026-10-05,,unclassified,(rejected)
gqa-2327958,Is the oil on the broccoli?,brightness_0.97,F:\Sadik\semantic-causal-pathway\.venv\data\vqa_v2\variants\gqa-2327958__brightness_0.97.png,false,false,false,true,expert_human_reviewer,2026-10-05,,photometric,(same as original)
gqa-2327958,Is the oil on the broccoli?,contrast_1.03,F:\Sadik\semantic-causal-pathway\.venv\data\vqa_v2\variants\gqa-2327958__contrast_1.03.png,false,false,false,true,expert_human_reviewer,2026-10-05,,photometric,(same as original)
gqa-2327958,Is the oil on the broccoli?,jpeg_quality_92,F:\Sadik\semantic-causal-pathway\.venv\data\vqa_v2\variants\gqa-2327958__jpeg_quality_92.png,true,true,true,true,expert_human_reviewer,2026-10-05,probe,jpeg_compression,(same as original)
gqa-2327958,Is the oil on the broccoli?,jpeg_quality_98,F:\Sadik\semantic-causal-pathway\.venv\data\vqa_v2\variants\gqa-2327958__jpeg_quality_98.png,true,true,true,true,expert_human_reviewer,2026-10-05,probe,jpeg_compression,(same as original)
gqa-2327958,Is the oil on the broccoli?,translate_left_2pct,F:\Sadik\semantic-causal-pathway\.venv\data\vqa_v2\variants\gqa-2327958__translate_left_2pct.png,true,true,true,true,expert_human_reviewer,2026-10-05,heldout,translation,variants/masks/gqa-2327958__translate_left_2pct.png
gqa-2327958,Is the oil on the broccoli?,translate_right_2pct,F:\Sadik\semantic-causal-pathway\.venv\data\vqa_v2\variants\gqa-2327958__translate_right_2pct.png,true,true,true,true,expert_human_reviewer,2026-10-05,heldout,translation,variants/masks/gqa-2327958__translate_right_2pct.png
gqa-2327958,Is the oil on the broccoli?,translate_up_2pct,F:\Sadik\semantic-causal-pathway\.venv\data\vqa_v2\variants\gqa-2327958__translate_up_2pct.png,false,false,false,true,expert_human_reviewer,2026-10-05,,translation,variants/masks/gqa-2327958__translate_up_2pct.png
gqa-2327958,Is the oil on the broccoli?,translate_down_2pct,F:\Sadik\semantic-causal-pathway\.venv\data\vqa_v2\variants\gqa-2327958__translate_down_2pct.png,false,false,false,true,expert_human_reviewer,2026-10-05,,translation,variants/masks/gqa-2327958__translate_down_2pct.png
gqa-2327958,Is the oil on the broccoli?,background_blur,F:\Sadik\semantic-causal-pathway\.venv\data\vqa_v2\variants\gqa-2327958__background_blur.png,false,false,false,true,expert_human_reviewer,2026-10-05,,background_edit,(same as original)
gqa-2327958,Is the oil on the broccoli?,background_neutral,F:\Sadik\semantic-causal-pathway\.venv\data\vqa_v2\variants\gqa-2327958__background_neutral.png,false,false,false,true,expert_human_reviewer,2026-10-05,,background_edit,(same as original)
gqa-2327958,Is the oil on the broccoli?,jpeg_quality_10,F:\Sadik\semantic-causal-pathway\.venv\data\vqa_v2\variants\gqa-2327958__jpeg_quality_10.png,false,false,false,true,expert_human_reviewer,2026-10-05,,jpeg_compression,(rejected)
gqa-2327958,Is the oil on the broccoli?,jpeg_quality_20,F:\Sadik\semantic-causal-pathway\.venv\data\vqa_v2\variants\gqa-2327958__jpeg_quality_20.png,false,false,false,true,expert_human_reviewer,2026-10-05,,jpeg_compression,(rejected)
gqa-2327958,Is the oil on the broccoli?,translate_left_15pct,F:\Sadik\semantic-causal-pathway\.venv\data\vqa_v2\variants\gqa-2327958__translate_left_15pct.png,false,false,false,true,expert_human_reviewer,2026-10-05,,translation,(rejected)
gqa-2327958,Is the oil on the broccoli?,contrast_2.0,F:\Sadik\semantic-causal-pathway\.venv\data\vqa_v2\variants\gqa-2327958__contrast_2.0.png,false,false,false,true,expert_human_reviewer,2026-10-05,,unclassified,(rejected)
vqav2-425644,Is it night time?,brightness_0.97,F:\Sadik\semantic-causal-pathway\.venv\data\vqa_v2\variants\vqav2-425644__brightness_0.97.png,false,false,false,true,expert_human_reviewer,2026-10-05,,photometric,(same as original)
vqav2-425644,Is it night time?,contrast_1.03,F:\Sadik\semantic-causal-pathway\.venv\data\vqa_v2\variants\vqav2-425644__contrast_1.03.png,false,false,false,true,expert_human_reviewer,2026-10-05,,photometric,(same as original)
vqav2-425644,Is it night time?,jpeg_quality_92,F:\Sadik\semantic-causal-pathway\.venv\data\vqa_v2\variants\vqav2-425644__jpeg_quality_92.png,true,true,true,true,expert_human_reviewer,2026-10-05,probe,jpeg_compression,(same as original)
vqav2-425644,Is it night time?,jpeg_quality_98,F:\Sadik\semantic-causal-pathway\.venv\data\vqa_v2\variants\vqav2-425644__jpeg_quality_98.png,true,true,true,true,expert_human_reviewer,2026-10-05,probe,jpeg_compression,(same as original)
vqav2-425644,Is it night time?,translate_left_2pct,F:\Sadik\semantic-causal-pathway\.venv\data\vqa_v2\variants\vqav2-425644__translate_left_2pct.png,true,true,true,true,expert_human_reviewer,2026-10-05,heldout,translation,variants/masks/vqav2-425644__translate_left_2pct.png
vqav2-425644,Is it night time?,translate_right_2pct,F:\Sadik\semantic-causal-pathway\.venv\data\vqa_v2\variants\vqav2-425644__translate_right_2pct.png,true,true,true,true,expert_human_reviewer,2026-10-05,heldout,translation,variants/masks/vqav2-425644__translate_right_2pct.png
vqav2-425644,Is it night time?,translate_up_2pct,F:\Sadik\semantic-causal-pathway\.venv\data\vqa_v2\variants\vqav2-425644__translate_up_2pct.png,false,false,false,true,expert_human_reviewer,2026-10-05,,translation,variants/masks/vqav2-425644__translate_up_2pct.png
vqav2-425644,Is it night time?,translate_down_2pct,F:\Sadik\semantic-causal-pathway\.venv\data\vqa_v2\variants\vqav2-425644__translate_down_2pct.png,false,false,false,true,expert_human_reviewer,2026-10-05,,translation,variants/masks/vqav2-425644__translate_down_2pct.png
vqav2-425644,Is it night time?,background_blur,F:\Sadik\semantic-causal-pathway\.venv\data\vqa_v2\variants\vqav2-425644__background_blur.png,false,false,false,true,expert_human_reviewer,2026-10-05,,background_edit,(same as original)
vqav2-425644,Is it night time?,background_neutral,F:\Sadik\semantic-causal-pathway\.venv\data\vqa_v2\variants\vqav2-425644__background_neutral.png,false,false,false,true,expert_human_reviewer,2026-10-05,,background_edit,(same as original)
vqav2-425644,Is it night time?,jpeg_quality_10,F:\Sadik\semantic-causal-pathway\.venv\data\vqa_v2\variants\vqav2-425644__jpeg_quality_10.png,false,false,false,true,expert_human_reviewer,2026-10-05,,jpeg_compression,(rejected)
vqav2-425644,Is it night time?,jpeg_quality_20,F:\Sadik\semantic-causal-pathway\.venv\data\vqa_v2\variants\vqav2-425644__jpeg_quality_20.png,false,false,false,true,expert_human_reviewer,2026-10-05,,jpeg_compression,(rejected)
vqav2-425644,Is it night time?,translate_left_15pct,F:\Sadik\semantic-causal-pathway\.venv\data\vqa_v2\variants\vqav2-425644__translate_left_15pct.png,false,false,false,true,expert_human_reviewer,2026-10-05,,translation,(rejected)
vqav2-425644,Is it night time?,contrast_2.0,F:\Sadik\semantic-causal-pathway\.venv\data\vqa_v2\variants\vqav2-425644__contrast_2.0.png,false,false,false,true,expert_human_reviewer,2026-10-05,,unclassified,(rejected)
gqa-2400081,What is on the sign that looks white and black?,brightness_0.97,F:\Sadik\semantic-causal-pathway\.venv\data\vqa_v2\variants\gqa-2400081__brightness_0.97.png,false,false,false,true,expert_human_reviewer,2026-10-05,,photometric,(same as original)
gqa-2400081,What is on the sign that looks white and black?,contrast_1.03,F:\Sadik\semantic-causal-pathway\.venv\data\vqa_v2\variants\gqa-2400081__contrast_1.03.png,false,false,false,true,expert_human_reviewer,2026-10-05,,photometric,(same as original)
gqa-2400081,What is on the sign that looks white and black?,jpeg_quality_92,F:\Sadik\semantic-causal-pathway\.venv\data\vqa_v2\variants\gqa-2400081__jpeg_quality_92.png,true,true,true,true,expert_human_reviewer,2026-10-05,probe,jpeg_compression,(same as original)
gqa-2400081,What is on the sign that looks white and black?,jpeg_quality_98,F:\Sadik\semantic-causal-pathway\.venv\data\vqa_v2\variants\gqa-2400081__jpeg_quality_98.png,true,true,true,true,expert_human_reviewer,2026-10-05,probe,jpeg_compression,(same as original)
gqa-2400081,What is on the sign that looks white and black?,translate_left_2pct,F:\Sadik\semantic-causal-pathway\.venv\data\vqa_v2\variants\gqa-2400081__translate_left_2pct.png,true,true,true,true,expert_human_reviewer,2026-10-05,heldout,translation,variants/masks/gqa-2400081__translate_left_2pct.png
gqa-2400081,What is on the sign that looks white and black?,translate_right_2pct,F:\Sadik\semantic-causal-pathway\.venv\data\vqa_v2\variants\gqa-2400081__translate_right_2pct.png,true,true,true,true,expert_human_reviewer,2026-10-05,heldout,translation,variants/masks/gqa-2400081__translate_right_2pct.png
gqa-2400081,What is on the sign that looks white and black?,translate_up_2pct,F:\Sadik\semantic-causal-pathway\.venv\data\vqa_v2\variants\gqa-2400081__translate_up_2pct.png,false,false,false,true,expert_human_reviewer,2026-10-05,,translation,variants/masks/gqa-2400081__translate_up_2pct.png
gqa-2400081,What is on the sign that looks white and black?,translate_down_2pct,F:\Sadik\semantic-causal-pathway\.venv\data\vqa_v2\variants\gqa-2400081__translate_down_2pct.png,false,false,false,true,expert_human_reviewer,2026-10-05,,translation,variants/masks/gqa-2400081__translate_down_2pct.png
gqa-2400081,What is on the sign that looks white and black?,background_blur,F:\Sadik\semantic-causal-pathway\.venv\data\vqa_v2\variants\gqa-2400081__background_blur.png,false,false,false,true,expert_human_reviewer,2026-10-05,,background_edit,(same as original)
gqa-2400081,What is on the sign that looks white and black?,background_neutral,F:\Sadik\semantic-causal-pathway\.venv\data\vqa_v2\variants\gqa-2400081__background_neutral.png,false,false,false,true,expert_human_reviewer,2026-10-05,,background_edit,(same as original)
gqa-2400081,What is on the sign that looks white and black?,jpeg_quality_10,F:\Sadik\semantic-causal-pathway\.venv\data\vqa_v2\variants\gqa-2400081__jpeg_quality_10.png,false,false,false,true,expert_human_reviewer,2026-10-05,,jpeg_compression,(rejected)
gqa-2400081,What is on the sign that looks white and black?,jpeg_quality_20,F:\Sadik\semantic-causal-pathway\.venv\data\vqa_v2\variants\gqa-2400081__jpeg_quality_20.png,false,false,false,true,expert_human_reviewer,2026-10-05,,jpeg_compression,(rejected)
gqa-2400081,What is on the sign that looks white and black?,translate_left_15pct,F:\Sadik\semantic-causal-pathway\.venv\data\vqa_v2\variants\gqa-2400081__translate_left_15pct.png,false,false,false,true,expert_human_reviewer,2026-10-05,,translation,(rejected)
gqa-2400081,What is on the sign that looks white and black?,contrast_2.0,F:\Sadik\semantic-causal-pathway\.venv\data\vqa_v2\variants\gqa-2400081__contrast_2.0.png,false,false,false,true,expert_human_reviewer,2026-10-05,,unclassified,(rejected)
vqav2-358255,Is this a child's room?,brightness_0.97,F:\Sadik\semantic-causal-pathway\.venv\data\vqa_v2\variants\vqav2-358255__brightness_0.97.png,false,false,false,true,expert_human_reviewer,2026-10-05,,photometric,(same as original)
vqav2-358255,Is this a child's room?,contrast_1.03,F:\Sadik\semantic-causal-pathway\.venv\data\vqa_v2\variants\vqav2-358255__contrast_1.03.png,false,false,false,true,expert_human_reviewer,2026-10-05,,photometric,(same as original)
vqav2-358255,Is this a child's room?,jpeg_quality_92,F:\Sadik\semantic-causal-pathway\.venv\data\vqa_v2\variants\vqav2-358255__jpeg_quality_92.png,true,true,true,true,expert_human_reviewer,2026-10-05,probe,jpeg_compression,(same as original)
vqav2-358255,Is this a child's room?,jpeg_quality_98,F:\Sadik\semantic-causal-pathway\.venv\data\vqa_v2\variants\vqav2-358255__jpeg_quality_98.png,true,true,true,true,expert_human_reviewer,2026-10-05,probe,jpeg_compression,(same as original)
vqav2-358255,Is this a child's room?,translate_left_2pct,F:\Sadik\semantic-causal-pathway\.venv\data\vqa_v2\variants\vqav2-358255__translate_left_2pct.png,true,true,true,true,expert_human_reviewer,2026-10-05,heldout,translation,variants/masks/vqav2-358255__translate_left_2pct.png
vqav2-358255,Is this a child's room?,translate_right_2pct,F:\Sadik\semantic-causal-pathway\.venv\data\vqa_v2\variants\vqav2-358255__translate_right_2pct.png,true,true,true,true,expert_human_reviewer,2026-10-05,heldout,translation,variants/masks/vqav2-358255__translate_right_2pct.png
vqav2-358255,Is this a child's room?,translate_up_2pct,F:\Sadik\semantic-causal-pathway\.venv\data\vqa_v2\variants\vqav2-358255__translate_up_2pct.png,false,false,false,true,expert_human_reviewer,2026-10-05,,translation,variants/masks/vqav2-358255__translate_up_2pct.png
vqav2-358255,Is this a child's room?,translate_down_2pct,F:\Sadik\semantic-causal-pathway\.venv\data\vqa_v2\variants\vqav2-358255__translate_down_2pct.png,false,false,false,true,expert_human_reviewer,2026-10-05,,translation,variants/masks/vqav2-358255__translate_down_2pct.png
vqav2-358255,Is this a child's room?,background_blur,F:\Sadik\semantic-causal-pathway\.venv\data\vqa_v2\variants\vqav2-358255__background_blur.png,false,false,false,true,expert_human_reviewer,2026-10-05,,background_edit,(same as original)
vqav2-358255,Is this a child's room?,background_neutral,F:\Sadik\semantic-causal-pathway\.venv\data\vqa_v2\variants\vqav2-358255__background_neutral.png,false,false,false,true,expert_human_reviewer,2026-10-05,,background_edit,(same as original)
vqav2-358255,Is this a child's room?,jpeg_quality_10,F:\Sadik\semantic-causal-pathway\.venv\data\vqa_v2\variants\vqav2-358255__jpeg_quality_10.png,false,false,false,true,expert_human_reviewer,2026-10-05,,jpeg_compression,(rejected)
vqav2-358255,Is this a child's room?,jpeg_quality_20,F:\Sadik\semantic-causal-pathway\.venv\data\vqa_v2\variants\vqav2-358255__jpeg_quality_20.png,false,false,false,true,expert_human_reviewer,2026-10-05,,jpeg_compression,(rejected)
vqav2-358255,Is this a child's room?,translate_left_15pct,F:\Sadik\semantic-causal-pathway\.venv\data\vqa_v2\variants\vqav2-358255__translate_left_15pct.png,false,false,false,true,expert_human_reviewer,2026-10-05,,translation,(rejected)
vqav2-358255,Is this a child's room?,contrast_2.0,F:\Sadik\semantic-causal-pathway\.venv\data\vqa_v2\variants\vqav2-358255__contrast_2.0.png,false,false,false,true,expert_human_reviewer,2026-10-05,,unclassified,(rejected)
vqav2-96110,What is on the hot dogs?,brightness_0.97,F:\Sadik\semantic-causal-pathway\.venv\data\vqa_v2\variants\vqav2-96110__brightness_0.97.png,false,false,false,true,expert_human_reviewer,2026-10-05,,photometric,(same as original)
vqav2-96110,What is on the hot dogs?,contrast_1.03,F:\Sadik\semantic-causal-pathway\.venv\data\vqa_v2\variants\vqav2-96110__contrast_1.03.png,false,false,false,true,expert_human_reviewer,2026-10-05,,photometric,(same as original)
vqav2-96110,What is on the hot dogs?,jpeg_quality_92,F:\Sadik\semantic-causal-pathway\.venv\data\vqa_v2\variants\vqav2-96110__jpeg_quality_92.png,true,true,true,true,expert_human_reviewer,2026-10-05,probe,jpeg_compression,(same as original)
vqav2-96110,What is on the hot dogs?,jpeg_quality_98,F:\Sadik\semantic-causal-pathway\.venv\data\vqa_v2\variants\vqav2-96110__jpeg_quality_98.png,true,true,true,true,expert_human_reviewer,2026-10-05,probe,jpeg_compression,(same as original)
vqav2-96110,What is on the hot dogs?,translate_left_2pct,F:\Sadik\semantic-causal-pathway\.venv\data\vqa_v2\variants\vqav2-96110__translate_left_2pct.png,true,true,true,true,expert_human_reviewer,2026-10-05,heldout,translation,variants/masks/vqav2-96110__translate_left_2pct.png
vqav2-96110,What is on the hot dogs?,translate_right_2pct,F:\Sadik\semantic-causal-pathway\.venv\data\vqa_v2\variants\vqav2-96110__translate_right_2pct.png,true,true,true,true,expert_human_reviewer,2026-10-05,heldout,translation,variants/masks/vqav2-96110__translate_right_2pct.png
vqav2-96110,What is on the hot dogs?,translate_up_2pct,F:\Sadik\semantic-causal-pathway\.venv\data\vqa_v2\variants\vqav2-96110__translate_up_2pct.png,false,false,false,true,expert_human_reviewer,2026-10-05,,translation,variants/masks/vqav2-96110__translate_up_2pct.png
vqav2-96110,What is on the hot dogs?,translate_down_2pct,F:\Sadik\semantic-causal-pathway\.venv\data\vqa_v2\variants\vqav2-96110__translate_down_2pct.png,false,false,false,true,expert_human_reviewer,2026-10-05,,translation,variants/masks/vqav2-96110__translate_down_2pct.png
vqav2-96110,What is on the hot dogs?,background_blur,F:\Sadik\semantic-causal-pathway\.venv\data\vqa_v2\variants\vqav2-96110__background_blur.png,false,false,false,true,expert_human_reviewer,2026-10-05,,background_edit,(same as original)
vqav2-96110,What is on the hot dogs?,background_neutral,F:\Sadik\semantic-causal-pathway\.venv\data\vqa_v2\variants\vqav2-96110__background_neutral.png,false,false,false,true,expert_human_reviewer,2026-10-05,,background_edit,(same as original)
vqav2-96110,What is on the hot dogs?,jpeg_quality_10,F:\Sadik\semantic-causal-pathway\.venv\data\vqa_v2\variants\vqav2-96110__jpeg_quality_10.png,false,false,false,true,expert_human_reviewer,2026-10-05,,jpeg_compression,(rejected)
vqav2-96110,What is on the hot dogs?,jpeg_quality_20,F:\Sadik\semantic-causal-pathway\.venv\data\vqa_v2\variants\vqav2-96110__jpeg_quality_20.png,false,false,false,true,expert_human_reviewer,2026-10-05,,jpeg_compression,(rejected)
vqav2-96110,What is on the hot dogs?,translate_left_15pct,F:\Sadik\semantic-causal-pathway\.venv\data\vqa_v2\variants\vqav2-96110__translate_left_15pct.png,false,false,false,true,expert_human_reviewer,2026-10-05,,translation,(rejected)
vqav2-96110,What is on the hot dogs?,contrast_2.0,F:\Sadik\semantic-causal-pathway\.venv\data\vqa_v2\variants\vqav2-96110__contrast_2.0.png,false,false,false,true,expert_human_reviewer,2026-10-05,,unclassified,(rejected)
gqa-2398382,What animal is in the river near the hill?,brightness_0.97,F:\Sadik\semantic-causal-pathway\.venv\data\vqa_v2\variants\gqa-2398382__brightness_0.97.png,false,false,false,true,expert_human_reviewer,2026-10-05,,photometric,(same as original)
gqa-2398382,What animal is in the river near the hill?,contrast_1.03,F:\Sadik\semantic-causal-pathway\.venv\data\vqa_v2\variants\gqa-2398382__contrast_1.03.png,false,false,false,true,expert_human_reviewer,2026-10-05,,photometric,(same as original)
gqa-2398382,What animal is in the river near the hill?,jpeg_quality_92,F:\Sadik\semantic-causal-pathway\.venv\data\vqa_v2\variants\gqa-2398382__jpeg_quality_92.png,true,true,true,true,expert_human_reviewer,2026-10-05,probe,jpeg_compression,(same as original)
gqa-2398382,What animal is in the river near the hill?,jpeg_quality_98,F:\Sadik\semantic-causal-pathway\.venv\data\vqa_v2\variants\gqa-2398382__jpeg_quality_98.png,true,true,true,true,expert_human_reviewer,2026-10-05,probe,jpeg_compression,(same as original)
gqa-2398382,What animal is in the river near the hill?,translate_left_2pct,F:\Sadik\semantic-causal-pathway\.venv\data\vqa_v2\variants\gqa-2398382__translate_left_2pct.png,true,true,true,true,expert_human_reviewer,2026-10-05,heldout,translation,variants/masks/gqa-2398382__translate_left_2pct.png
gqa-2398382,What animal is in the river near the hill?,translate_right_2pct,F:\Sadik\semantic-causal-pathway\.venv\data\vqa_v2\variants\gqa-2398382__translate_right_2pct.png,true,true,true,true,expert_human_reviewer,2026-10-05,heldout,translation,variants/masks/gqa-2398382__translate_right_2pct.png
gqa-2398382,What animal is in the river near the hill?,translate_up_2pct,F:\Sadik\semantic-causal-pathway\.venv\data\vqa_v2\variants\gqa-2398382__translate_up_2pct.png,false,false,false,true,expert_human_reviewer,2026-10-05,,translation,variants/masks/gqa-2398382__translate_up_2pct.png
gqa-2398382,What animal is in the river near the hill?,translate_down_2pct,F:\Sadik\semantic-causal-pathway\.venv\data\vqa_v2\variants\gqa-2398382__translate_down_2pct.png,false,false,false,true,expert_human_reviewer,2026-10-05,,translation,variants/masks/gqa-2398382__translate_down_2pct.png
gqa-2398382,What animal is in the river near the hill?,background_blur,F:\Sadik\semantic-causal-pathway\.venv\data\vqa_v2\variants\gqa-2398382__background_blur.png,false,false,false,true,expert_human_reviewer,2026-10-05,,background_edit,(same as original)
gqa-2398382,What animal is in the river near the hill?,background_neutral,F:\Sadik\semantic-causal-pathway\.venv\data\vqa_v2\variants\gqa-2398382__background_neutral.png,false,false,false,true,expert_human_reviewer,2026-10-05,,background_edit,(same as original)
gqa-2398382,What animal is in the river near the hill?,jpeg_quality_10,F:\Sadik\semantic-causal-pathway\.venv\data\vqa_v2\variants\gqa-2398382__jpeg_quality_10.png,false,false,false,true,expert_human_reviewer,2026-10-05,,jpeg_compression,(rejected)
gqa-2398382,What animal is in the river near the hill?,jpeg_quality_20,F:\Sadik\semantic-causal-pathway\.venv\data\vqa_v2\variants\gqa-2398382__jpeg_quality_20.png,false,false,false,true,expert_human_reviewer,2026-10-05,,jpeg_compression,(rejected)
gqa-2398382,What animal is in the river near the hill?,translate_left_15pct,F:\Sadik\semantic-causal-pathway\.venv\data\vqa_v2\variants\gqa-2398382__translate_left_15pct.png,false,false,false,true,expert_human_reviewer,2026-10-05,,translation,(rejected)
gqa-2398382,What animal is in the river near the hill?,contrast_2.0,F:\Sadik\semantic-causal-pathway\.venv\data\vqa_v2\variants\gqa-2398382__contrast_2.0.png,false,false,false,true,expert_human_reviewer,2026-10-05,,unclassified,(rejected)
vqav2-306855,Where is the cat sitting?,brightness_0.97,F:\Sadik\semantic-causal-pathway\.venv\data\vqa_v2\variants\vqav2-306855__brightness_0.97.png,false,false,false,true,expert_human_reviewer,2026-10-05,,photometric,(same as original)
vqav2-306855,Where is the cat sitting?,contrast_1.03,F:\Sadik\semantic-causal-pathway\.venv\data\vqa_v2\variants\vqav2-306855__contrast_1.03.png,false,false,false,true,expert_human_reviewer,2026-10-05,,photometric,(same as original)
vqav2-306855,Where is the cat sitting?,jpeg_quality_92,F:\Sadik\semantic-causal-pathway\.venv\data\vqa_v2\variants\vqav2-306855__jpeg_quality_92.png,true,true,true,true,expert_human_reviewer,2026-10-05,probe,jpeg_compression,(same as original)
vqav2-306855,Where is the cat sitting?,jpeg_quality_98,F:\Sadik\semantic-causal-pathway\.venv\data\vqa_v2\variants\vqav2-306855__jpeg_quality_98.png,true,true,true,true,expert_human_reviewer,2026-10-05,probe,jpeg_compression,(same as original)
vqav2-306855,Where is the cat sitting?,translate_left_2pct,F:\Sadik\semantic-causal-pathway\.venv\data\vqa_v2\variants\vqav2-306855__translate_left_2pct.png,true,true,true,true,expert_human_reviewer,2026-10-05,heldout,translation,variants/masks/vqav2-306855__translate_left_2pct.png
vqav2-306855,Where is the cat sitting?,translate_right_2pct,F:\Sadik\semantic-causal-pathway\.venv\data\vqa_v2\variants\vqav2-306855__translate_right_2pct.png,true,true,true,true,expert_human_reviewer,2026-10-05,heldout,translation,variants/masks/vqav2-306855__translate_right_2pct.png
vqav2-306855,Where is the cat sitting?,translate_up_2pct,F:\Sadik\semantic-causal-pathway\.venv\data\vqa_v2\variants\vqav2-306855__translate_up_2pct.png,false,false,false,true,expert_human_reviewer,2026-10-05,,translation,variants/masks/vqav2-306855__translate_up_2pct.png
vqav2-306855,Where is the cat sitting?,translate_down_2pct,F:\Sadik\semantic-causal-pathway\.venv\data\vqa_v2\variants\vqav2-306855__translate_down_2pct.png,false,false,false,true,expert_human_reviewer,2026-10-05,,translation,variants/masks/vqav2-306855__translate_down_2pct.png
vqav2-306855,Where is the cat sitting?,background_blur,F:\Sadik\semantic-causal-pathway\.venv\data\vqa_v2\variants\vqav2-306855__background_blur.png,false,false,false,true,expert_human_reviewer,2026-10-05,,background_edit,(same as original)
vqav2-306855,Where is the cat sitting?,background_neutral,F:\Sadik\semantic-causal-pathway\.venv\data\vqa_v2\variants\vqav2-306855__background_neutral.png,false,false,false,true,expert_human_reviewer,2026-10-05,,background_edit,(same as original)
vqav2-306855,Where is the cat sitting?,jpeg_quality_10,F:\Sadik\semantic-causal-pathway\.venv\data\vqa_v2\variants\vqav2-306855__jpeg_quality_10.png,false,false,false,true,expert_human_reviewer,2026-10-05,,jpeg_compression,(rejected)
vqav2-306855,Where is the cat sitting?,jpeg_quality_20,F:\Sadik\semantic-causal-pathway\.venv\data\vqa_v2\variants\vqav2-306855__jpeg_quality_20.png,false,false,false,true,expert_human_reviewer,2026-10-05,,jpeg_compression,(rejected)
vqav2-306855,Where is the cat sitting?,translate_left_15pct,F:\Sadik\semantic-causal-pathway\.venv\data\vqa_v2\variants\vqav2-306855__translate_left_15pct.png,false,false,false,true,expert_human_reviewer,2026-10-05,,translation,(rejected)
vqav2-306855,Where is the cat sitting?,contrast_2.0,F:\Sadik\semantic-causal-pathway\.venv\data\vqa_v2\variants\vqav2-306855__contrast_2.0.png,false,false,false,true,expert_human_reviewer,2026-10-05,,unclassified,(rejected)
vqav2-276063,What brand of vehicle is the red car?,brightness_0.97,F:\Sadik\semantic-causal-pathway\.venv\data\vqa_v2\variants\vqav2-276063__brightness_0.97.png,false,false,false,true,expert_human_reviewer,2026-10-05,,photometric,(same as original)
vqav2-276063,What brand of vehicle is the red car?,contrast_1.03,F:\Sadik\semantic-causal-pathway\.venv\data\vqa_v2\variants\vqav2-276063__contrast_1.03.png,false,false,false,true,expert_human_reviewer,2026-10-05,,photometric,(same as original)
vqav2-276063,What brand of vehicle is the red car?,jpeg_quality_92,F:\Sadik\semantic-causal-pathway\.venv\data\vqa_v2\variants\vqav2-276063__jpeg_quality_92.png,true,true,true,true,expert_human_reviewer,2026-10-05,probe,jpeg_compression,(same as original)
vqav2-276063,What brand of vehicle is the red car?,jpeg_quality_98,F:\Sadik\semantic-causal-pathway\.venv\data\vqa_v2\variants\vqav2-276063__jpeg_quality_98.png,true,true,true,true,expert_human_reviewer,2026-10-05,probe,jpeg_compression,(same as original)
vqav2-276063,What brand of vehicle is the red car?,translate_left_2pct,F:\Sadik\semantic-causal-pathway\.venv\data\vqa_v2\variants\vqav2-276063__translate_left_2pct.png,true,true,true,true,expert_human_reviewer,2026-10-05,heldout,translation,variants/masks/vqav2-276063__translate_left_2pct.png
vqav2-276063,What brand of vehicle is the red car?,translate_right_2pct,F:\Sadik\semantic-causal-pathway\.venv\data\vqa_v2\variants\vqav2-276063__translate_right_2pct.png,true,true,true,true,expert_human_reviewer,2026-10-05,heldout,translation,variants/masks/vqav2-276063__translate_right_2pct.png
vqav2-276063,What brand of vehicle is the red car?,translate_up_2pct,F:\Sadik\semantic-causal-pathway\.venv\data\vqa_v2\variants\vqav2-276063__translate_up_2pct.png,false,false,false,true,expert_human_reviewer,2026-10-05,,translation,variants/masks/vqav2-276063__translate_up_2pct.png
vqav2-276063,What brand of vehicle is the red car?,translate_down_2pct,F:\Sadik\semantic-causal-pathway\.venv\data\vqa_v2\variants\vqav2-276063__translate_down_2pct.png,false,false,false,true,expert_human_reviewer,2026-10-05,,translation,variants/masks/vqav2-276063__translate_down_2pct.png
vqav2-276063,What brand of vehicle is the red car?,background_blur,F:\Sadik\semantic-causal-pathway\.venv\data\vqa_v2\variants\vqav2-276063__background_blur.png,false,false,false,true,expert_human_reviewer,2026-10-05,,background_edit,(same as original)
vqav2-276063,What brand of vehicle is the red car?,background_neutral,F:\Sadik\semantic-causal-pathway\.venv\data\vqa_v2\variants\vqav2-276063__background_neutral.png,false,false,false,true,expert_human_reviewer,2026-10-05,,background_edit,(same as original)
vqav2-276063,What brand of vehicle is the red car?,jpeg_quality_10,F:\Sadik\semantic-causal-pathway\.venv\data\vqa_v2\variants\vqav2-276063__jpeg_quality_10.png,false,false,false,true,expert_human_reviewer,2026-10-05,,jpeg_compression,(rejected)
vqav2-276063,What brand of vehicle is the red car?,jpeg_quality_20,F:\Sadik\semantic-causal-pathway\.venv\data\vqa_v2\variants\vqav2-276063__jpeg_quality_20.png,false,false,false,true,expert_human_reviewer,2026-10-05,,jpeg_compression,(rejected)
vqav2-276063,What brand of vehicle is the red car?,translate_left_15pct,F:\Sadik\semantic-causal-pathway\.venv\data\vqa_v2\variants\vqav2-276063__translate_left_15pct.png,false,false,false,true,expert_human_reviewer,2026-10-05,,translation,(rejected)
vqav2-276063,What brand of vehicle is the red car?,contrast_2.0,F:\Sadik\semantic-causal-pathway\.venv\data\vqa_v2\variants\vqav2-276063__contrast_2.0.png,false,false,false,true,expert_human_reviewer,2026-10-05,,unclassified,(rejected)
vqav2-139127,Is the boat full?,brightness_0.97,F:\Sadik\semantic-causal-pathway\.venv\data\vqa_v2\variants\vqav2-139127__brightness_0.97.png,false,false,false,true,expert_human_reviewer,2026-10-05,,photometric,(same as original)
vqav2-139127,Is the boat full?,contrast_1.03,F:\Sadik\semantic-causal-pathway\.venv\data\vqa_v2\variants\vqav2-139127__contrast_1.03.png,false,false,false,true,expert_human_reviewer,2026-10-05,,photometric,(same as original)
vqav2-139127,Is the boat full?,jpeg_quality_92,F:\Sadik\semantic-causal-pathway\.venv\data\vqa_v2\variants\vqav2-139127__jpeg_quality_92.png,true,true,true,true,expert_human_reviewer,2026-10-05,probe,jpeg_compression,(same as original)
vqav2-139127,Is the boat full?,jpeg_quality_98,F:\Sadik\semantic-causal-pathway\.venv\data\vqa_v2\variants\vqav2-139127__jpeg_quality_98.png,true,true,true,true,expert_human_reviewer,2026-10-05,probe,jpeg_compression,(same as original)
vqav2-139127,Is the boat full?,translate_left_2pct,F:\Sadik\semantic-causal-pathway\.venv\data\vqa_v2\variants\vqav2-139127__translate_left_2pct.png,true,true,true,true,expert_human_reviewer,2026-10-05,heldout,translation,variants/masks/vqav2-139127__translate_left_2pct.png
vqav2-139127,Is the boat full?,translate_right_2pct,F:\Sadik\semantic-causal-pathway\.venv\data\vqa_v2\variants\vqav2-139127__translate_right_2pct.png,true,true,true,true,expert_human_reviewer,2026-10-05,heldout,translation,variants/masks/vqav2-139127__translate_right_2pct.png
vqav2-139127,Is the boat full?,translate_up_2pct,F:\Sadik\semantic-causal-pathway\.venv\data\vqa_v2\variants\vqav2-139127__translate_up_2pct.png,false,false,false,true,expert_human_reviewer,2026-10-05,,translation,variants/masks/vqav2-139127__translate_up_2pct.png
vqav2-139127,Is the boat full?,translate_down_2pct,F:\Sadik\semantic-causal-pathway\.venv\data\vqa_v2\variants\vqav2-139127__translate_down_2pct.png,false,false,false,true,expert_human_reviewer,2026-10-05,,translation,variants/masks/vqav2-139127__translate_down_2pct.png
vqav2-139127,Is the boat full?,background_blur,F:\Sadik\semantic-causal-pathway\.venv\data\vqa_v2\variants\vqav2-139127__background_blur.png,false,false,false,true,expert_human_reviewer,2026-10-05,,background_edit,(same as original)
vqav2-139127,Is the boat full?,background_neutral,F:\Sadik\semantic-causal-pathway\.venv\data\vqa_v2\variants\vqav2-139127__background_neutral.png,false,false,false,true,expert_human_reviewer,2026-10-05,,background_edit,(same as original)
vqav2-139127,Is the boat full?,jpeg_quality_10,F:\Sadik\semantic-causal-pathway\.venv\data\vqa_v2\variants\vqav2-139127__jpeg_quality_10.png,false,false,false,true,expert_human_reviewer,2026-10-05,,jpeg_compression,(rejected)
vqav2-139127,Is the boat full?,jpeg_quality_20,F:\Sadik\semantic-causal-pathway\.venv\data\vqa_v2\variants\vqav2-139127__jpeg_quality_20.png,false,false,false,true,expert_human_reviewer,2026-10-05,,jpeg_compression,(rejected)
vqav2-139127,Is the boat full?,translate_left_15pct,F:\Sadik\semantic-causal-pathway\.venv\data\vqa_v2\variants\vqav2-139127__translate_left_15pct.png,false,false,false,true,expert_human_reviewer,2026-10-05,,translation,(rejected)
vqav2-139127,Is the boat full?,contrast_2.0,F:\Sadik\semantic-causal-pathway\.venv\data\vqa_v2\variants\vqav2-139127__contrast_2.0.png,false,false,false,true,expert_human_reviewer,2026-10-05,,unclassified,(rejected)
vqav2-12979,Is this young man off the ground?,brightness_0.97,F:\Sadik\semantic-causal-pathway\.venv\data\vqa_v2\variants\vqav2-12979__brightness_0.97.png,false,false,false,true,expert_human_reviewer,2026-10-05,,photometric,(same as original)
vqav2-12979,Is this young man off the ground?,contrast_1.03,F:\Sadik\semantic-causal-pathway\.venv\data\vqa_v2\variants\vqav2-12979__contrast_1.03.png,false,false,false,true,expert_human_reviewer,2026-10-05,,photometric,(same as original)
vqav2-12979,Is this young man off the ground?,jpeg_quality_92,F:\Sadik\semantic-causal-pathway\.venv\data\vqa_v2\variants\vqav2-12979__jpeg_quality_92.png,true,true,true,true,expert_human_reviewer,2026-10-05,probe,jpeg_compression,(same as original)
vqav2-12979,Is this young man off the ground?,jpeg_quality_98,F:\Sadik\semantic-causal-pathway\.venv\data\vqa_v2\variants\vqav2-12979__jpeg_quality_98.png,true,true,true,true,expert_human_reviewer,2026-10-05,probe,jpeg_compression,(same as original)
vqav2-12979,Is this young man off the ground?,translate_left_2pct,F:\Sadik\semantic-causal-pathway\.venv\data\vqa_v2\variants\vqav2-12979__translate_left_2pct.png,true,true,true,true,expert_human_reviewer,2026-10-05,heldout,translation,variants/masks/vqav2-12979__translate_left_2pct.png
vqav2-12979,Is this young man off the ground?,translate_right_2pct,F:\Sadik\semantic-causal-pathway\.venv\data\vqa_v2\variants\vqav2-12979__translate_right_2pct.png,true,true,true,true,expert_human_reviewer,2026-10-05,heldout,translation,variants/masks/vqav2-12979__translate_right_2pct.png
vqav2-12979,Is this young man off the ground?,translate_up_2pct,F:\Sadik\semantic-causal-pathway\.venv\data\vqa_v2\variants\vqav2-12979__translate_up_2pct.png,false,false,false,true,expert_human_reviewer,2026-10-05,,translation,variants/masks/vqav2-12979__translate_up_2pct.png
vqav2-12979,Is this young man off the ground?,translate_down_2pct,F:\Sadik\semantic-causal-pathway\.venv\data\vqa_v2\variants\vqav2-12979__translate_down_2pct.png,false,false,false,true,expert_human_reviewer,2026-10-05,,translation,variants/masks/vqav2-12979__translate_down_2pct.png
vqav2-12979,Is this young man off the ground?,background_blur,F:\Sadik\semantic-causal-pathway\.venv\data\vqa_v2\variants\vqav2-12979__background_blur.png,false,false,false,true,expert_human_reviewer,2026-10-05,,background_edit,(same as original)
vqav2-12979,Is this young man off the ground?,background_neutral,F:\Sadik\semantic-causal-pathway\.venv\data\vqa_v2\variants\vqav2-12979__background_neutral.png,false,false,false,true,expert_human_reviewer,2026-10-05,,background_edit,(same as original)
vqav2-12979,Is this young man off the ground?,jpeg_quality_10,F:\Sadik\semantic-causal-pathway\.venv\data\vqa_v2\variants\vqav2-12979__jpeg_quality_10.png,false,false,false,true,expert_human_reviewer,2026-10-05,,jpeg_compression,(rejected)
vqav2-12979,Is this young man off the ground?,jpeg_quality_20,F:\Sadik\semantic-causal-pathway\.venv\data\vqa_v2\variants\vqav2-12979__jpeg_quality_20.png,false,false,false,true,expert_human_reviewer,2026-10-05,,jpeg_compression,(rejected)
vqav2-12979,Is this young man off the ground?,translate_left_15pct,F:\Sadik\semantic-causal-pathway\.venv\data\vqa_v2\variants\vqav2-12979__translate_left_15pct.png,false,false,false,true,expert_human_reviewer,2026-10-05,,translation,(rejected)
vqav2-12979,Is this young man off the ground?,contrast_2.0,F:\Sadik\semantic-causal-pathway\.venv\data\vqa_v2\variants\vqav2-12979__contrast_2.0.png,false,false,false,true,expert_human_reviewer,2026-10-05,,unclassified,(rejected)
vqav2-296032,Is the cat experiencing pain in its nether region?,brightness_0.97,F:\Sadik\semantic-causal-pathway\.venv\data\vqa_v2\variants\vqav2-296032__brightness_0.97.png,false,false,false,true,expert_human_reviewer,2026-10-05,,photometric,(same as original)
vqav2-296032,Is the cat experiencing pain in its nether region?,contrast_1.03,F:\Sadik\semantic-causal-pathway\.venv\data\vqa_v2\variants\vqav2-296032__contrast_1.03.png,false,false,false,true,expert_human_reviewer,2026-10-05,,photometric,(same as original)
vqav2-296032,Is the cat experiencing pain in its nether region?,jpeg_quality_92,F:\Sadik\semantic-causal-pathway\.venv\data\vqa_v2\variants\vqav2-296032__jpeg_quality_92.png,true,true,true,true,expert_human_reviewer,2026-10-05,probe,jpeg_compression,(same as original)
vqav2-296032,Is the cat experiencing pain in its nether region?,jpeg_quality_98,F:\Sadik\semantic-causal-pathway\.venv\data\vqa_v2\variants\vqav2-296032__jpeg_quality_98.png,true,true,true,true,expert_human_reviewer,2026-10-05,probe,jpeg_compression,(same as original)
vqav2-296032,Is the cat experiencing pain in its nether region?,translate_left_2pct,F:\Sadik\semantic-causal-pathway\.venv\data\vqa_v2\variants\vqav2-296032__translate_left_2pct.png,true,true,true,true,expert_human_reviewer,2026-10-05,heldout,translation,variants/masks/vqav2-296032__translate_left_2pct.png
vqav2-296032,Is the cat experiencing pain in its nether region?,translate_right_2pct,F:\Sadik\semantic-causal-pathway\.venv\data\vqa_v2\variants\vqav2-296032__translate_right_2pct.png,true,true,true,true,expert_human_reviewer,2026-10-05,heldout,translation,variants/masks/vqav2-296032__translate_right_2pct.png
vqav2-296032,Is the cat experiencing pain in its nether region?,translate_up_2pct,F:\Sadik\semantic-causal-pathway\.venv\data\vqa_v2\variants\vqav2-296032__translate_up_2pct.png,false,false,false,true,expert_human_reviewer,2026-10-05,,translation,variants/masks/vqav2-296032__translate_up_2pct.png
vqav2-296032,Is the cat experiencing pain in its nether region?,translate_down_2pct,F:\Sadik\semantic-causal-pathway\.venv\data\vqa_v2\variants\vqav2-296032__translate_down_2pct.png,false,false,false,true,expert_human_reviewer,2026-10-05,,translation,variants/masks/vqav2-296032__translate_down_2pct.png
vqav2-296032,Is the cat experiencing pain in its nether region?,background_blur,F:\Sadik\semantic-causal-pathway\.venv\data\vqa_v2\variants\vqav2-296032__background_blur.png,false,false,false,true,expert_human_reviewer,2026-10-05,,background_edit,(same as original)
vqav2-296032,Is the cat experiencing pain in its nether region?,background_neutral,F:\Sadik\semantic-causal-pathway\.venv\data\vqa_v2\variants\vqav2-296032__background_neutral.png,false,false,false,true,expert_human_reviewer,2026-10-05,,background_edit,(same as original)
vqav2-296032,Is the cat experiencing pain in its nether region?,jpeg_quality_10,F:\Sadik\semantic-causal-pathway\.venv\data\vqa_v2\variants\vqav2-296032__jpeg_quality_10.png,false,false,false,true,expert_human_reviewer,2026-10-05,,jpeg_compression,(rejected)
vqav2-296032,Is the cat experiencing pain in its nether region?,jpeg_quality_20,F:\Sadik\semantic-causal-pathway\.venv\data\vqa_v2\variants\vqav2-296032__jpeg_quality_20.png,false,false,false,true,expert_human_reviewer,2026-10-05,,jpeg_compression,(rejected)
vqav2-296032,Is the cat experiencing pain in its nether region?,translate_left_15pct,F:\Sadik\semantic-causal-pathway\.venv\data\vqa_v2\variants\vqav2-296032__translate_left_15pct.png,false,false,false,true,expert_human_reviewer,2026-10-05,,translation,(rejected)
vqav2-296032,Is the cat experiencing pain in its nether region?,contrast_2.0,F:\Sadik\semantic-causal-pathway\.venv\data\vqa_v2\variants\vqav2-296032__contrast_2.0.png,false,false,false,true,expert_human_reviewer,2026-10-05,,unclassified,(rejected)
vqav2-504810,What kind of food is this?,brightness_0.97,F:\Sadik\semantic-causal-pathway\.venv\data\vqa_v2\variants\vqav2-504810__brightness_0.97.png,false,false,false,true,expert_human_reviewer,2026-10-05,,photometric,(same as original)
vqav2-504810,What kind of food is this?,contrast_1.03,F:\Sadik\semantic-causal-pathway\.venv\data\vqa_v2\variants\vqav2-504810__contrast_1.03.png,false,false,false,true,expert_human_reviewer,2026-10-05,,photometric,(same as original)
vqav2-504810,What kind of food is this?,jpeg_quality_92,F:\Sadik\semantic-causal-pathway\.venv\data\vqa_v2\variants\vqav2-504810__jpeg_quality_92.png,true,true,true,true,expert_human_reviewer,2026-10-05,probe,jpeg_compression,(same as original)
vqav2-504810,What kind of food is this?,jpeg_quality_98,F:\Sadik\semantic-causal-pathway\.venv\data\vqa_v2\variants\vqav2-504810__jpeg_quality_98.png,true,true,true,true,expert_human_reviewer,2026-10-05,probe,jpeg_compression,(same as original)
vqav2-504810,What kind of food is this?,translate_left_2pct,F:\Sadik\semantic-causal-pathway\.venv\data\vqa_v2\variants\vqav2-504810__translate_left_2pct.png,true,true,true,true,expert_human_reviewer,2026-10-05,heldout,translation,variants/masks/vqav2-504810__translate_left_2pct.png
vqav2-504810,What kind of food is this?,translate_right_2pct,F:\Sadik\semantic-causal-pathway\.venv\data\vqa_v2\variants\vqav2-504810__translate_right_2pct.png,true,true,true,true,expert_human_reviewer,2026-10-05,heldout,translation,variants/masks/vqav2-504810__translate_right_2pct.png
vqav2-504810,What kind of food is this?,translate_up_2pct,F:\Sadik\semantic-causal-pathway\.venv\data\vqa_v2\variants\vqav2-504810__translate_up_2pct.png,false,false,false,true,expert_human_reviewer,2026-10-05,,translation,variants/masks/vqav2-504810__translate_up_2pct.png
vqav2-504810,What kind of food is this?,translate_down_2pct,F:\Sadik\semantic-causal-pathway\.venv\data\vqa_v2\variants\vqav2-504810__translate_down_2pct.png,false,false,false,true,expert_human_reviewer,2026-10-05,,translation,variants/masks/vqav2-504810__translate_down_2pct.png
vqav2-504810,What kind of food is this?,background_blur,F:\Sadik\semantic-causal-pathway\.venv\data\vqa_v2\variants\vqav2-504810__background_blur.png,false,false,false,true,expert_human_reviewer,2026-10-05,,background_edit,(same as original)
vqav2-504810,What kind of food is this?,background_neutral,F:\Sadik\semantic-causal-pathway\.venv\data\vqa_v2\variants\vqav2-504810__background_neutral.png,false,false,false,true,expert_human_reviewer,2026-10-05,,background_edit,(same as original)
vqav2-504810,What kind of food is this?,jpeg_quality_10,F:\Sadik\semantic-causal-pathway\.venv\data\vqa_v2\variants\vqav2-504810__jpeg_quality_10.png,false,false,false,true,expert_human_reviewer,2026-10-05,,jpeg_compression,(rejected)
vqav2-504810,What kind of food is this?,jpeg_quality_20,F:\Sadik\semantic-causal-pathway\.venv\data\vqa_v2\variants\vqav2-504810__jpeg_quality_20.png,false,false,false,true,expert_human_reviewer,2026-10-05,,jpeg_compression,(rejected)
vqav2-504810,What kind of food is this?,translate_left_15pct,F:\Sadik\semantic-causal-pathway\.venv\data\vqa_v2\variants\vqav2-504810__translate_left_15pct.png,false,false,false,true,expert_human_reviewer,2026-10-05,,translation,(rejected)
vqav2-504810,What kind of food is this?,contrast_2.0,F:\Sadik\semantic-causal-pathway\.venv\data\vqa_v2\variants\vqav2-504810__contrast_2.0.png,false,false,false,true,expert_human_reviewer,2026-10-05,,unclassified,(rejected)
vqav2-404613,What is the child holding?,brightness_0.97,F:\Sadik\semantic-causal-pathway\.venv\data\vqa_v2\variants\vqav2-404613__brightness_0.97.png,false,false,false,true,expert_human_reviewer,2026-10-05,,photometric,(same as original)
vqav2-404613,What is the child holding?,contrast_1.03,F:\Sadik\semantic-causal-pathway\.venv\data\vqa_v2\variants\vqav2-404613__contrast_1.03.png,false,false,false,true,expert_human_reviewer,2026-10-05,,photometric,(same as original)
vqav2-404613,What is the child holding?,jpeg_quality_92,F:\Sadik\semantic-causal-pathway\.venv\data\vqa_v2\variants\vqav2-404613__jpeg_quality_92.png,true,true,true,true,expert_human_reviewer,2026-10-05,probe,jpeg_compression,(same as original)
vqav2-404613,What is the child holding?,jpeg_quality_98,F:\Sadik\semantic-causal-pathway\.venv\data\vqa_v2\variants\vqav2-404613__jpeg_quality_98.png,true,true,true,true,expert_human_reviewer,2026-10-05,probe,jpeg_compression,(same as original)
vqav2-404613,What is the child holding?,translate_left_2pct,F:\Sadik\semantic-causal-pathway\.venv\data\vqa_v2\variants\vqav2-404613__translate_left_2pct.png,true,true,true,true,expert_human_reviewer,2026-10-05,heldout,translation,variants/masks/vqav2-404613__translate_left_2pct.png
vqav2-404613,What is the child holding?,translate_right_2pct,F:\Sadik\semantic-causal-pathway\.venv\data\vqa_v2\variants\vqav2-404613__translate_right_2pct.png,true,true,true,true,expert_human_reviewer,2026-10-05,heldout,translation,variants/masks/vqav2-404613__translate_right_2pct.png
vqav2-404613,What is the child holding?,translate_up_2pct,F:\Sadik\semantic-causal-pathway\.venv\data\vqa_v2\variants\vqav2-404613__translate_up_2pct.png,false,false,false,true,expert_human_reviewer,2026-10-05,,translation,variants/masks/vqav2-404613__translate_up_2pct.png
vqav2-404613,What is the child holding?,translate_down_2pct,F:\Sadik\semantic-causal-pathway\.venv\data\vqa_v2\variants\vqav2-404613__translate_down_2pct.png,false,false,false,true,expert_human_reviewer,2026-10-05,,translation,variants/masks/vqav2-404613__translate_down_2pct.png
vqav2-404613,What is the child holding?,background_blur,F:\Sadik\semantic-causal-pathway\.venv\data\vqa_v2\variants\vqav2-404613__background_blur.png,false,false,false,true,expert_human_reviewer,2026-10-05,,background_edit,(same as original)
vqav2-404613,What is the child holding?,background_neutral,F:\Sadik\semantic-causal-pathway\.venv\data\vqa_v2\variants\vqav2-404613__background_neutral.png,false,false,false,true,expert_human_reviewer,2026-10-05,,background_edit,(same as original)
vqav2-404613,What is the child holding?,jpeg_quality_10,F:\Sadik\semantic-causal-pathway\.venv\data\vqa_v2\variants\vqav2-404613__jpeg_quality_10.png,false,false,false,true,expert_human_reviewer,2026-10-05,,jpeg_compression,(rejected)
vqav2-404613,What is the child holding?,jpeg_quality_20,F:\Sadik\semantic-causal-pathway\.venv\data\vqa_v2\variants\vqav2-404613__jpeg_quality_20.png,false,false,false,true,expert_human_reviewer,2026-10-05,,jpeg_compression,(rejected)
vqav2-404613,What is the child holding?,translate_left_15pct,F:\Sadik\semantic-causal-pathway\.venv\data\vqa_v2\variants\vqav2-404613__translate_left_15pct.png,false,false,false,true,expert_human_reviewer,2026-10-05,,translation,(rejected)
vqav2-404613,What is the child holding?,contrast_2.0,F:\Sadik\semantic-causal-pathway\.venv\data\vqa_v2\variants\vqav2-404613__contrast_2.0.png,false,false,false,true,expert_human_reviewer,2026-10-05,,unclassified,(rejected)
gqa-2402570,On which side of the picture are the wood shelves?,brightness_0.97,F:\Sadik\semantic-causal-pathway\.venv\data\vqa_v2\variants\gqa-2402570__brightness_0.97.png,false,false,false,true,expert_human_reviewer,2026-10-05,,photometric,(same as original)
gqa-2402570,On which side of the picture are the wood shelves?,contrast_1.03,F:\Sadik\semantic-causal-pathway\.venv\data\vqa_v2\variants\gqa-2402570__contrast_1.03.png,false,false,false,true,expert_human_reviewer,2026-10-05,,photometric,(same as original)
gqa-2402570,On which side of the picture are the wood shelves?,jpeg_quality_92,F:\Sadik\semantic-causal-pathway\.venv\data\vqa_v2\variants\gqa-2402570__jpeg_quality_92.png,true,true,true,true,expert_human_reviewer,2026-10-05,probe,jpeg_compression,(same as original)
gqa-2402570,On which side of the picture are the wood shelves?,jpeg_quality_98,F:\Sadik\semantic-causal-pathway\.venv\data\vqa_v2\variants\gqa-2402570__jpeg_quality_98.png,true,true,true,true,expert_human_reviewer,2026-10-05,probe,jpeg_compression,(same as original)
gqa-2402570,On which side of the picture are the wood shelves?,translate_left_2pct,F:\Sadik\semantic-causal-pathway\.venv\data\vqa_v2\variants\gqa-2402570__translate_left_2pct.png,true,true,true,true,expert_human_reviewer,2026-10-05,heldout,translation,variants/masks/gqa-2402570__translate_left_2pct.png
gqa-2402570,On which side of the picture are the wood shelves?,translate_right_2pct,F:\Sadik\semantic-causal-pathway\.venv\data\vqa_v2\variants\gqa-2402570__translate_right_2pct.png,true,true,true,true,expert_human_reviewer,2026-10-05,heldout,translation,variants/masks/gqa-2402570__translate_right_2pct.png
gqa-2402570,On which side of the picture are the wood shelves?,translate_up_2pct,F:\Sadik\semantic-causal-pathway\.venv\data\vqa_v2\variants\gqa-2402570__translate_up_2pct.png,false,false,false,true,expert_human_reviewer,2026-10-05,,translation,variants/masks/gqa-2402570__translate_up_2pct.png
gqa-2402570,On which side of the picture are the wood shelves?,translate_down_2pct,F:\Sadik\semantic-causal-pathway\.venv\data\vqa_v2\variants\gqa-2402570__translate_down_2pct.png,false,false,false,true,expert_human_reviewer,2026-10-05,,translation,variants/masks/gqa-2402570__translate_down_2pct.png
gqa-2402570,On which side of the picture are the wood shelves?,background_blur,F:\Sadik\semantic-causal-pathway\.venv\data\vqa_v2\variants\gqa-2402570__background_blur.png,false,false,false,true,expert_human_reviewer,2026-10-05,,background_edit,(same as original)
gqa-2402570,On which side of the picture are the wood shelves?,background_neutral,F:\Sadik\semantic-causal-pathway\.venv\data\vqa_v2\variants\gqa-2402570__background_neutral.png,false,false,false,true,expert_human_reviewer,2026-10-05,,background_edit,(same as original)
gqa-2402570,On which side of the picture are the wood shelves?,jpeg_quality_10,F:\Sadik\semantic-causal-pathway\.venv\data\vqa_v2\variants\gqa-2402570__jpeg_quality_10.png,false,false,false,true,expert_human_reviewer,2026-10-05,,jpeg_compression,(rejected)
gqa-2402570,On which side of the picture are the wood shelves?,jpeg_quality_20,F:\Sadik\semantic-causal-pathway\.venv\data\vqa_v2\variants\gqa-2402570__jpeg_quality_20.png,false,false,false,true,expert_human_reviewer,2026-10-05,,jpeg_compression,(rejected)
gqa-2402570,On which side of the picture are the wood shelves?,translate_left_15pct,F:\Sadik\semantic-causal-pathway\.venv\data\vqa_v2\variants\gqa-2402570__translate_left_15pct.png,false,false,false,true,expert_human_reviewer,2026-10-05,,translation,(rejected)
gqa-2402570,On which side of the picture are the wood shelves?,contrast_2.0,F:\Sadik\semantic-causal-pathway\.venv\data\vqa_v2\variants\gqa-2402570__contrast_2.0.png,false,false,false,true,expert_human_reviewer,2026-10-05,,unclassified,(rejected)
vqav2-490294,How many cables are there?,brightness_0.97,F:\Sadik\semantic-causal-pathway\.venv\data\vqa_v2\variants\vqav2-490294__brightness_0.97.png,false,false,false,true,expert_human_reviewer,2026-10-05,,photometric,(same as original)
vqav2-490294,How many cables are there?,contrast_1.03,F:\Sadik\semantic-causal-pathway\.venv\data\vqa_v2\variants\vqav2-490294__contrast_1.03.png,false,false,false,true,expert_human_reviewer,2026-10-05,,photometric,(same as original)
vqav2-490294,How many cables are there?,jpeg_quality_92,F:\Sadik\semantic-causal-pathway\.venv\data\vqa_v2\variants\vqav2-490294__jpeg_quality_92.png,true,true,true,true,expert_human_reviewer,2026-10-05,probe,jpeg_compression,(same as original)
vqav2-490294,How many cables are there?,jpeg_quality_98,F:\Sadik\semantic-causal-pathway\.venv\data\vqa_v2\variants\vqav2-490294__jpeg_quality_98.png,true,true,true,true,expert_human_reviewer,2026-10-05,probe,jpeg_compression,(same as original)
vqav2-490294,How many cables are there?,translate_left_2pct,F:\Sadik\semantic-causal-pathway\.venv\data\vqa_v2\variants\vqav2-490294__translate_left_2pct.png,true,true,true,true,expert_human_reviewer,2026-10-05,heldout,translation,variants/masks/vqav2-490294__translate_left_2pct.png
vqav2-490294,How many cables are there?,translate_right_2pct,F:\Sadik\semantic-causal-pathway\.venv\data\vqa_v2\variants\vqav2-490294__translate_right_2pct.png,true,true,true,true,expert_human_reviewer,2026-10-05,heldout,translation,variants/masks/vqav2-490294__translate_right_2pct.png
vqav2-490294,How many cables are there?,translate_up_2pct,F:\Sadik\semantic-causal-pathway\.venv\data\vqa_v2\variants\vqav2-490294__translate_up_2pct.png,false,false,false,true,expert_human_reviewer,2026-10-05,,translation,variants/masks/vqav2-490294__translate_up_2pct.png
vqav2-490294,How many cables are there?,translate_down_2pct,F:\Sadik\semantic-causal-pathway\.venv\data\vqa_v2\variants\vqav2-490294__translate_down_2pct.png,false,false,false,true,expert_human_reviewer,2026-10-05,,translation,variants/masks/vqav2-490294__translate_down_2pct.png
vqav2-490294,How many cables are there?,background_blur,F:\Sadik\semantic-causal-pathway\.venv\data\vqa_v2\variants\vqav2-490294__background_blur.png,false,false,false,true,expert_human_reviewer,2026-10-05,,background_edit,(same as original)
vqav2-490294,How many cables are there?,background_neutral,F:\Sadik\semantic-causal-pathway\.venv\data\vqa_v2\variants\vqav2-490294__background_neutral.png,false,false,false,true,expert_human_reviewer,2026-10-05,,background_edit,(same as original)
vqav2-490294,How many cables are there?,jpeg_quality_10,F:\Sadik\semantic-causal-pathway\.venv\data\vqa_v2\variants\vqav2-490294__jpeg_quality_10.png,false,false,false,true,expert_human_reviewer,2026-10-05,,jpeg_compression,(rejected)
vqav2-490294,How many cables are there?,jpeg_quality_20,F:\Sadik\semantic-causal-pathway\.venv\data\vqa_v2\variants\vqav2-490294__jpeg_quality_20.png,false,false,false,true,expert_human_reviewer,2026-10-05,,jpeg_compression,(rejected)
vqav2-490294,How many cables are there?,translate_left_15pct,F:\Sadik\semantic-causal-pathway\.venv\data\vqa_v2\variants\vqav2-490294__translate_left_15pct.png,false,false,false,true,expert_human_reviewer,2026-10-05,,translation,(rejected)
vqav2-490294,How many cables are there?,contrast_2.0,F:\Sadik\semantic-causal-pathway\.venv\data\vqa_v2\variants\vqav2-490294__contrast_2.0.png,false,false,false,true,expert_human_reviewer,2026-10-05,,unclassified,(rejected)
vqav2-290170,Is the bike in motion?,brightness_0.97,F:\Sadik\semantic-causal-pathway\.venv\data\vqa_v2\variants\vqav2-290170__brightness_0.97.png,false,false,false,true,expert_human_reviewer,2026-10-05,,photometric,(same as original)
vqav2-290170,Is the bike in motion?,contrast_1.03,F:\Sadik\semantic-causal-pathway\.venv\data\vqa_v2\variants\vqav2-290170__contrast_1.03.png,false,false,false,true,expert_human_reviewer,2026-10-05,,photometric,(same as original)
vqav2-290170,Is the bike in motion?,jpeg_quality_92,F:\Sadik\semantic-causal-pathway\.venv\data\vqa_v2\variants\vqav2-290170__jpeg_quality_92.png,true,true,true,true,expert_human_reviewer,2026-10-05,probe,jpeg_compression,(same as original)
vqav2-290170,Is the bike in motion?,jpeg_quality_98,F:\Sadik\semantic-causal-pathway\.venv\data\vqa_v2\variants\vqav2-290170__jpeg_quality_98.png,true,true,true,true,expert_human_reviewer,2026-10-05,probe,jpeg_compression,(same as original)
vqav2-290170,Is the bike in motion?,translate_left_2pct,F:\Sadik\semantic-causal-pathway\.venv\data\vqa_v2\variants\vqav2-290170__translate_left_2pct.png,true,true,true,true,expert_human_reviewer,2026-10-05,heldout,translation,variants/masks/vqav2-290170__translate_left_2pct.png
vqav2-290170,Is the bike in motion?,translate_right_2pct,F:\Sadik\semantic-causal-pathway\.venv\data\vqa_v2\variants\vqav2-290170__translate_right_2pct.png,true,true,true,true,expert_human_reviewer,2026-10-05,heldout,translation,variants/masks/vqav2-290170__translate_right_2pct.png
vqav2-290170,Is the bike in motion?,translate_up_2pct,F:\Sadik\semantic-causal-pathway\.venv\data\vqa_v2\variants\vqav2-290170__translate_up_2pct.png,false,false,false,true,expert_human_reviewer,2026-10-05,,translation,variants/masks/vqav2-290170__translate_up_2pct.png
vqav2-290170,Is the bike in motion?,translate_down_2pct,F:\Sadik\semantic-causal-pathway\.venv\data\vqa_v2\variants\vqav2-290170__translate_down_2pct.png,false,false,false,true,expert_human_reviewer,2026-10-05,,translation,variants/masks/vqav2-290170__translate_down_2pct.png
vqav2-290170,Is the bike in motion?,background_blur,F:\Sadik\semantic-causal-pathway\.venv\data\vqa_v2\variants\vqav2-290170__background_blur.png,false,false,false,true,expert_human_reviewer,2026-10-05,,background_edit,(same as original)
vqav2-290170,Is the bike in motion?,background_neutral,F:\Sadik\semantic-causal-pathway\.venv\data\vqa_v2\variants\vqav2-290170__background_neutral.png,false,false,false,true,expert_human_reviewer,2026-10-05,,background_edit,(same as original)
vqav2-290170,Is the bike in motion?,jpeg_quality_10,F:\Sadik\semantic-causal-pathway\.venv\data\vqa_v2\variants\vqav2-290170__jpeg_quality_10.png,false,false,false,true,expert_human_reviewer,2026-10-05,,jpeg_compression,(rejected)
vqav2-290170,Is the bike in motion?,jpeg_quality_20,F:\Sadik\semantic-causal-pathway\.venv\data\vqa_v2\variants\vqav2-290170__jpeg_quality_20.png,false,false,false,true,expert_human_reviewer,2026-10-05,,jpeg_compression,(rejected)
vqav2-290170,Is the bike in motion?,translate_left_15pct,F:\Sadik\semantic-causal-pathway\.venv\data\vqa_v2\variants\vqav2-290170__translate_left_15pct.png,false,false,false,true,expert_human_reviewer,2026-10-05,,translation,(rejected)
vqav2-290170,Is the bike in motion?,contrast_2.0,F:\Sadik\semantic-causal-pathway\.venv\data\vqa_v2\variants\vqav2-290170__contrast_2.0.png,false,false,false,true,expert_human_reviewer,2026-10-05,,unclassified,(rejected)
vqav2-565670,Is the man happy or sad?,brightness_0.97,F:\Sadik\semantic-causal-pathway\.venv\data\vqa_v2\variants\vqav2-565670__brightness_0.97.png,false,false,false,true,expert_human_reviewer,2026-10-05,,photometric,(same as original)
vqav2-565670,Is the man happy or sad?,contrast_1.03,F:\Sadik\semantic-causal-pathway\.venv\data\vqa_v2\variants\vqav2-565670__contrast_1.03.png,false,false,false,true,expert_human_reviewer,2026-10-05,,photometric,(same as original)
vqav2-565670,Is the man happy or sad?,jpeg_quality_92,F:\Sadik\semantic-causal-pathway\.venv\data\vqa_v2\variants\vqav2-565670__jpeg_quality_92.png,true,true,true,true,expert_human_reviewer,2026-10-05,probe,jpeg_compression,(same as original)
vqav2-565670,Is the man happy or sad?,jpeg_quality_98,F:\Sadik\semantic-causal-pathway\.venv\data\vqa_v2\variants\vqav2-565670__jpeg_quality_98.png,true,true,true,true,expert_human_reviewer,2026-10-05,probe,jpeg_compression,(same as original)
vqav2-565670,Is the man happy or sad?,translate_left_2pct,F:\Sadik\semantic-causal-pathway\.venv\data\vqa_v2\variants\vqav2-565670__translate_left_2pct.png,true,true,true,true,expert_human_reviewer,2026-10-05,heldout,translation,variants/masks/vqav2-565670__translate_left_2pct.png
vqav2-565670,Is the man happy or sad?,translate_right_2pct,F:\Sadik\semantic-causal-pathway\.venv\data\vqa_v2\variants\vqav2-565670__translate_right_2pct.png,true,true,true,true,expert_human_reviewer,2026-10-05,heldout,translation,variants/masks/vqav2-565670__translate_right_2pct.png
vqav2-565670,Is the man happy or sad?,translate_up_2pct,F:\Sadik\semantic-causal-pathway\.venv\data\vqa_v2\variants\vqav2-565670__translate_up_2pct.png,false,false,false,true,expert_human_reviewer,2026-10-05,,translation,variants/masks/vqav2-565670__translate_up_2pct.png
vqav2-565670,Is the man happy or sad?,translate_down_2pct,F:\Sadik\semantic-causal-pathway\.venv\data\vqa_v2\variants\vqav2-565670__translate_down_2pct.png,false,false,false,true,expert_human_reviewer,2026-10-05,,translation,variants/masks/vqav2-565670__translate_down_2pct.png
vqav2-565670,Is the man happy or sad?,background_blur,F:\Sadik\semantic-causal-pathway\.venv\data\vqa_v2\variants\vqav2-565670__background_blur.png,false,false,false,true,expert_human_reviewer,2026-10-05,,background_edit,(same as original)
vqav2-565670,Is the man happy or sad?,background_neutral,F:\Sadik\semantic-causal-pathway\.venv\data\vqa_v2\variants\vqav2-565670__background_neutral.png,false,false,false,true,expert_human_reviewer,2026-10-05,,background_edit,(same as original)
vqav2-565670,Is the man happy or sad?,jpeg_quality_10,F:\Sadik\semantic-causal-pathway\.venv\data\vqa_v2\variants\vqav2-565670__jpeg_quality_10.png,false,false,false,true,expert_human_reviewer,2026-10-05,,jpeg_compression,(rejected)
vqav2-565670,Is the man happy or sad?,jpeg_quality_20,F:\Sadik\semantic-causal-pathway\.venv\data\vqa_v2\variants\vqav2-565670__jpeg_quality_20.png,false,false,false,true,expert_human_reviewer,2026-10-05,,jpeg_compression,(rejected)
vqav2-565670,Is the man happy or sad?,translate_left_15pct,F:\Sadik\semantic-causal-pathway\.venv\data\vqa_v2\variants\vqav2-565670__translate_left_15pct.png,false,false,false,true,expert_human_reviewer,2026-10-05,,translation,(rejected)
vqav2-565670,Is the man happy or sad?,contrast_2.0,F:\Sadik\semantic-causal-pathway\.venv\data\vqa_v2\variants\vqav2-565670__contrast_2.0.png,false,false,false,true,expert_human_reviewer,2026-10-05,,unclassified,(rejected)
vqav2-321846,Does this meal look like breakfast or lunch?,brightness_0.97,F:\Sadik\semantic-causal-pathway\.venv\data\vqa_v2\variants\vqav2-321846__brightness_0.97.png,false,false,false,true,expert_human_reviewer,2026-10-05,,photometric,(same as original)
vqav2-321846,Does this meal look like breakfast or lunch?,contrast_1.03,F:\Sadik\semantic-causal-pathway\.venv\data\vqa_v2\variants\vqav2-321846__contrast_1.03.png,false,false,false,true,expert_human_reviewer,2026-10-05,,photometric,(same as original)
vqav2-321846,Does this meal look like breakfast or lunch?,jpeg_quality_92,F:\Sadik\semantic-causal-pathway\.venv\data\vqa_v2\variants\vqav2-321846__jpeg_quality_92.png,true,true,true,true,expert_human_reviewer,2026-10-05,probe,jpeg_compression,(same as original)
vqav2-321846,Does this meal look like breakfast or lunch?,jpeg_quality_98,F:\Sadik\semantic-causal-pathway\.venv\data\vqa_v2\variants\vqav2-321846__jpeg_quality_98.png,true,true,true,true,expert_human_reviewer,2026-10-05,probe,jpeg_compression,(same as original)
vqav2-321846,Does this meal look like breakfast or lunch?,translate_left_2pct,F:\Sadik\semantic-causal-pathway\.venv\data\vqa_v2\variants\vqav2-321846__translate_left_2pct.png,true,true,true,true,expert_human_reviewer,2026-10-05,heldout,translation,variants/masks/vqav2-321846__translate_left_2pct.png
vqav2-321846,Does this meal look like breakfast or lunch?,translate_right_2pct,F:\Sadik\semantic-causal-pathway\.venv\data\vqa_v2\variants\vqav2-321846__translate_right_2pct.png,true,true,true,true,expert_human_reviewer,2026-10-05,heldout,translation,variants/masks/vqav2-321846__translate_right_2pct.png
vqav2-321846,Does this meal look like breakfast or lunch?,translate_up_2pct,F:\Sadik\semantic-causal-pathway\.venv\data\vqa_v2\variants\vqav2-321846__translate_up_2pct.png,false,false,false,true,expert_human_reviewer,2026-10-05,,translation,variants/masks/vqav2-321846__translate_up_2pct.png
vqav2-321846,Does this meal look like breakfast or lunch?,translate_down_2pct,F:\Sadik\semantic-causal-pathway\.venv\data\vqa_v2\variants\vqav2-321846__translate_down_2pct.png,false,false,false,true,expert_human_reviewer,2026-10-05,,translation,variants/masks/vqav2-321846__translate_down_2pct.png
vqav2-321846,Does this meal look like breakfast or lunch?,background_blur,F:\Sadik\semantic-causal-pathway\.venv\data\vqa_v2\variants\vqav2-321846__background_blur.png,false,false,false,true,expert_human_reviewer,2026-10-05,,background_edit,(same as original)
vqav2-321846,Does this meal look like breakfast or lunch?,background_neutral,F:\Sadik\semantic-causal-pathway\.venv\data\vqa_v2\variants\vqav2-321846__background_neutral.png,false,false,false,true,expert_human_reviewer,2026-10-05,,background_edit,(same as original)
vqav2-321846,Does this meal look like breakfast or lunch?,jpeg_quality_10,F:\Sadik\semantic-causal-pathway\.venv\data\vqa_v2\variants\vqav2-321846__jpeg_quality_10.png,false,false,false,true,expert_human_reviewer,2026-10-05,,jpeg_compression,(rejected)
vqav2-321846,Does this meal look like breakfast or lunch?,jpeg_quality_20,F:\Sadik\semantic-causal-pathway\.venv\data\vqa_v2\variants\vqav2-321846__jpeg_quality_20.png,false,false,false,true,expert_human_reviewer,2026-10-05,,jpeg_compression,(rejected)
vqav2-321846,Does this meal look like breakfast or lunch?,translate_left_15pct,F:\Sadik\semantic-causal-pathway\.venv\data\vqa_v2\variants\vqav2-321846__translate_left_15pct.png,false,false,false,true,expert_human_reviewer,2026-10-05,,translation,(rejected)
vqav2-321846,Does this meal look like breakfast or lunch?,contrast_2.0,F:\Sadik\semantic-causal-pathway\.venv\data\vqa_v2\variants\vqav2-321846__contrast_2.0.png,false,false,false,true,expert_human_reviewer,2026-10-05,,unclassified,(rejected)
gqa-2415670,Is the person to the left or to the right of the car in the middle?,brightness_0.97,F:\Sadik\semantic-causal-pathway\.venv\data\vqa_v2\variants\gqa-2415670__brightness_0.97.png,false,false,false,true,expert_human_reviewer,2026-10-05,,photometric,(same as original)
gqa-2415670,Is the person to the left or to the right of the car in the middle?,contrast_1.03,F:\Sadik\semantic-causal-pathway\.venv\data\vqa_v2\variants\gqa-2415670__contrast_1.03.png,false,false,false,true,expert_human_reviewer,2026-10-05,,photometric,(same as original)
gqa-2415670,Is the person to the left or to the right of the car in the middle?,jpeg_quality_92,F:\Sadik\semantic-causal-pathway\.venv\data\vqa_v2\variants\gqa-2415670__jpeg_quality_92.png,true,true,true,true,expert_human_reviewer,2026-10-05,probe,jpeg_compression,(same as original)
gqa-2415670,Is the person to the left or to the right of the car in the middle?,jpeg_quality_98,F:\Sadik\semantic-causal-pathway\.venv\data\vqa_v2\variants\gqa-2415670__jpeg_quality_98.png,true,true,true,true,expert_human_reviewer,2026-10-05,probe,jpeg_compression,(same as original)
gqa-2415670,Is the person to the left or to the right of the car in the middle?,translate_left_2pct,F:\Sadik\semantic-causal-pathway\.venv\data\vqa_v2\variants\gqa-2415670__translate_left_2pct.png,true,true,true,true,expert_human_reviewer,2026-10-05,heldout,translation,variants/masks/gqa-2415670__translate_left_2pct.png
gqa-2415670,Is the person to the left or to the right of the car in the middle?,translate_right_2pct,F:\Sadik\semantic-causal-pathway\.venv\data\vqa_v2\variants\gqa-2415670__translate_right_2pct.png,true,true,true,true,expert_human_reviewer,2026-10-05,heldout,translation,variants/masks/gqa-2415670__translate_right_2pct.png
gqa-2415670,Is the person to the left or to the right of the car in the middle?,translate_up_2pct,F:\Sadik\semantic-causal-pathway\.venv\data\vqa_v2\variants\gqa-2415670__translate_up_2pct.png,false,false,false,true,expert_human_reviewer,2026-10-05,,translation,variants/masks/gqa-2415670__translate_up_2pct.png
gqa-2415670,Is the person to the left or to the right of the car in the middle?,translate_down_2pct,F:\Sadik\semantic-causal-pathway\.venv\data\vqa_v2\variants\gqa-2415670__translate_down_2pct.png,false,false,false,true,expert_human_reviewer,2026-10-05,,translation,variants/masks/gqa-2415670__translate_down_2pct.png
gqa-2415670,Is the person to the left or to the right of the car in the middle?,background_blur,F:\Sadik\semantic-causal-pathway\.venv\data\vqa_v2\variants\gqa-2415670__background_blur.png,false,false,false,true,expert_human_reviewer,2026-10-05,,background_edit,(same as original)
gqa-2415670,Is the person to the left or to the right of the car in the middle?,background_neutral,F:\Sadik\semantic-causal-pathway\.venv\data\vqa_v2\variants\gqa-2415670__background_neutral.png,false,false,false,true,expert_human_reviewer,2026-10-05,,background_edit,(same as original)
gqa-2415670,Is the person to the left or to the right of the car in the middle?,jpeg_quality_10,F:\Sadik\semantic-causal-pathway\.venv\data\vqa_v2\variants\gqa-2415670__jpeg_quality_10.png,false,false,false,true,expert_human_reviewer,2026-10-05,,jpeg_compression,(rejected)
gqa-2415670,Is the person to the left or to the right of the car in the middle?,jpeg_quality_20,F:\Sadik\semantic-causal-pathway\.venv\data\vqa_v2\variants\gqa-2415670__jpeg_quality_20.png,false,false,false,true,expert_human_reviewer,2026-10-05,,jpeg_compression,(rejected)
gqa-2415670,Is the person to the left or to the right of the car in the middle?,translate_left_15pct,F:\Sadik\semantic-causal-pathway\.venv\data\vqa_v2\variants\gqa-2415670__translate_left_15pct.png,false,false,false,true,expert_human_reviewer,2026-10-05,,translation,(rejected)
gqa-2415670,Is the person to the left or to the right of the car in the middle?,contrast_2.0,F:\Sadik\semantic-causal-pathway\.venv\data\vqa_v2\variants\gqa-2415670__contrast_2.0.png,false,false,false,true,expert_human_reviewer,2026-10-05,,unclassified,(rejected)
vqav2-84158,Where is the bear?,brightness_0.97,F:\Sadik\semantic-causal-pathway\.venv\data\vqa_v2\variants\vqav2-84158__brightness_0.97.png,false,false,false,true,expert_human_reviewer,2026-10-05,,photometric,(same as original)
vqav2-84158,Where is the bear?,contrast_1.03,F:\Sadik\semantic-causal-pathway\.venv\data\vqa_v2\variants\vqav2-84158__contrast_1.03.png,false,false,false,true,expert_human_reviewer,2026-10-05,,photometric,(same as original)
vqav2-84158,Where is the bear?,jpeg_quality_92,F:\Sadik\semantic-causal-pathway\.venv\data\vqa_v2\variants\vqav2-84158__jpeg_quality_92.png,true,true,true,true,expert_human_reviewer,2026-10-05,probe,jpeg_compression,(same as original)
vqav2-84158,Where is the bear?,jpeg_quality_98,F:\Sadik\semantic-causal-pathway\.venv\data\vqa_v2\variants\vqav2-84158__jpeg_quality_98.png,true,true,true,true,expert_human_reviewer,2026-10-05,probe,jpeg_compression,(same as original)
vqav2-84158,Where is the bear?,translate_left_2pct,F:\Sadik\semantic-causal-pathway\.venv\data\vqa_v2\variants\vqav2-84158__translate_left_2pct.png,true,true,true,true,expert_human_reviewer,2026-10-05,heldout,translation,variants/masks/vqav2-84158__translate_left_2pct.png
vqav2-84158,Where is the bear?,translate_right_2pct,F:\Sadik\semantic-causal-pathway\.venv\data\vqa_v2\variants\vqav2-84158__translate_right_2pct.png,true,true,true,true,expert_human_reviewer,2026-10-05,heldout,translation,variants/masks/vqav2-84158__translate_right_2pct.png
vqav2-84158,Where is the bear?,translate_up_2pct,F:\Sadik\semantic-causal-pathway\.venv\data\vqa_v2\variants\vqav2-84158__translate_up_2pct.png,false,false,false,true,expert_human_reviewer,2026-10-05,,translation,variants/masks/vqav2-84158__translate_up_2pct.png
vqav2-84158,Where is the bear?,translate_down_2pct,F:\Sadik\semantic-causal-pathway\.venv\data\vqa_v2\variants\vqav2-84158__translate_down_2pct.png,false,false,false,true,expert_human_reviewer,2026-10-05,,translation,variants/masks/vqav2-84158__translate_down_2pct.png
vqav2-84158,Where is the bear?,background_blur,F:\Sadik\semantic-causal-pathway\.venv\data\vqa_v2\variants\vqav2-84158__background_blur.png,false,false,false,true,expert_human_reviewer,2026-10-05,,background_edit,(same as original)
vqav2-84158,Where is the bear?,background_neutral,F:\Sadik\semantic-causal-pathway\.venv\data\vqa_v2\variants\vqav2-84158__background_neutral.png,false,false,false,true,expert_human_reviewer,2026-10-05,,background_edit,(same as original)
vqav2-84158,Where is the bear?,jpeg_quality_10,F:\Sadik\semantic-causal-pathway\.venv\data\vqa_v2\variants\vqav2-84158__jpeg_quality_10.png,false,false,false,true,expert_human_reviewer,2026-10-05,,jpeg_compression,(rejected)
vqav2-84158,Where is the bear?,jpeg_quality_20,F:\Sadik\semantic-causal-pathway\.venv\data\vqa_v2\variants\vqav2-84158__jpeg_quality_20.png,false,false,false,true,expert_human_reviewer,2026-10-05,,jpeg_compression,(rejected)
vqav2-84158,Where is the bear?,translate_left_15pct,F:\Sadik\semantic-causal-pathway\.venv\data\vqa_v2\variants\vqav2-84158__translate_left_15pct.png,false,false,false,true,expert_human_reviewer,2026-10-05,,translation,(rejected)
vqav2-84158,Where is the bear?,contrast_2.0,F:\Sadik\semantic-causal-pathway\.venv\data\vqa_v2\variants\vqav2-84158__contrast_2.0.png,false,false,false,true,expert_human_reviewer,2026-10-05,,unclassified,(rejected)
vqav2-420666,Do the hotdogs have condiments on them?,brightness_0.97,F:\Sadik\semantic-causal-pathway\.venv\data\vqa_v2\variants\vqav2-420666__brightness_0.97.png,false,false,false,true,expert_human_reviewer,2026-10-05,,photometric,(same as original)
vqav2-420666,Do the hotdogs have condiments on them?,contrast_1.03,F:\Sadik\semantic-causal-pathway\.venv\data\vqa_v2\variants\vqav2-420666__contrast_1.03.png,false,false,false,true,expert_human_reviewer,2026-10-05,,photometric,(same as original)
vqav2-420666,Do the hotdogs have condiments on them?,jpeg_quality_92,F:\Sadik\semantic-causal-pathway\.venv\data\vqa_v2\variants\vqav2-420666__jpeg_quality_92.png,true,true,true,true,expert_human_reviewer,2026-10-05,probe,jpeg_compression,(same as original)
vqav2-420666,Do the hotdogs have condiments on them?,jpeg_quality_98,F:\Sadik\semantic-causal-pathway\.venv\data\vqa_v2\variants\vqav2-420666__jpeg_quality_98.png,true,true,true,true,expert_human_reviewer,2026-10-05,probe,jpeg_compression,(same as original)
vqav2-420666,Do the hotdogs have condiments on them?,translate_left_2pct,F:\Sadik\semantic-causal-pathway\.venv\data\vqa_v2\variants\vqav2-420666__translate_left_2pct.png,true,true,true,true,expert_human_reviewer,2026-10-05,heldout,translation,variants/masks/vqav2-420666__translate_left_2pct.png
vqav2-420666,Do the hotdogs have condiments on them?,translate_right_2pct,F:\Sadik\semantic-causal-pathway\.venv\data\vqa_v2\variants\vqav2-420666__translate_right_2pct.png,true,true,true,true,expert_human_reviewer,2026-10-05,heldout,translation,variants/masks/vqav2-420666__translate_right_2pct.png
vqav2-420666,Do the hotdogs have condiments on them?,translate_up_2pct,F:\Sadik\semantic-causal-pathway\.venv\data\vqa_v2\variants\vqav2-420666__translate_up_2pct.png,false,false,false,true,expert_human_reviewer,2026-10-05,,translation,variants/masks/vqav2-420666__translate_up_2pct.png
vqav2-420666,Do the hotdogs have condiments on them?,translate_down_2pct,F:\Sadik\semantic-causal-pathway\.venv\data\vqa_v2\variants\vqav2-420666__translate_down_2pct.png,false,false,false,true,expert_human_reviewer,2026-10-05,,translation,variants/masks/vqav2-420666__translate_down_2pct.png
vqav2-420666,Do the hotdogs have condiments on them?,background_blur,F:\Sadik\semantic-causal-pathway\.venv\data\vqa_v2\variants\vqav2-420666__background_blur.png,false,false,false,true,expert_human_reviewer,2026-10-05,,background_edit,(same as original)
vqav2-420666,Do the hotdogs have condiments on them?,background_neutral,F:\Sadik\semantic-causal-pathway\.venv\data\vqa_v2\variants\vqav2-420666__background_neutral.png,false,false,false,true,expert_human_reviewer,2026-10-05,,background_edit,(same as original)
vqav2-420666,Do the hotdogs have condiments on them?,jpeg_quality_10,F:\Sadik\semantic-causal-pathway\.venv\data\vqa_v2\variants\vqav2-420666__jpeg_quality_10.png,false,false,false,true,expert_human_reviewer,2026-10-05,,jpeg_compression,(rejected)
vqav2-420666,Do the hotdogs have condiments on them?,jpeg_quality_20,F:\Sadik\semantic-causal-pathway\.venv\data\vqa_v2\variants\vqav2-420666__jpeg_quality_20.png,false,false,false,true,expert_human_reviewer,2026-10-05,,jpeg_compression,(rejected)
vqav2-420666,Do the hotdogs have condiments on them?,translate_left_15pct,F:\Sadik\semantic-causal-pathway\.venv\data\vqa_v2\variants\vqav2-420666__translate_left_15pct.png,false,false,false,true,expert_human_reviewer,2026-10-05,,translation,(rejected)
vqav2-420666,Do the hotdogs have condiments on them?,contrast_2.0,F:\Sadik\semantic-causal-pathway\.venv\data\vqa_v2\variants\vqav2-420666__contrast_2.0.png,false,false,false,true,expert_human_reviewer,2026-10-05,,unclassified,(rejected)
gqa-2414593,What place is pictured?,brightness_0.97,F:\Sadik\semantic-causal-pathway\.venv\data\vqa_v2\variants\gqa-2414593__brightness_0.97.png,false,false,false,true,expert_human_reviewer,2026-10-05,,photometric,(same as original)
gqa-2414593,What place is pictured?,contrast_1.03,F:\Sadik\semantic-causal-pathway\.venv\data\vqa_v2\variants\gqa-2414593__contrast_1.03.png,false,false,false,true,expert_human_reviewer,2026-10-05,,photometric,(same as original)
gqa-2414593,What place is pictured?,jpeg_quality_92,F:\Sadik\semantic-causal-pathway\.venv\data\vqa_v2\variants\gqa-2414593__jpeg_quality_92.png,true,true,true,true,expert_human_reviewer,2026-10-05,probe,jpeg_compression,(same as original)
gqa-2414593,What place is pictured?,jpeg_quality_98,F:\Sadik\semantic-causal-pathway\.venv\data\vqa_v2\variants\gqa-2414593__jpeg_quality_98.png,true,true,true,true,expert_human_reviewer,2026-10-05,probe,jpeg_compression,(same as original)
gqa-2414593,What place is pictured?,translate_left_2pct,F:\Sadik\semantic-causal-pathway\.venv\data\vqa_v2\variants\gqa-2414593__translate_left_2pct.png,true,true,true,true,expert_human_reviewer,2026-10-05,heldout,translation,variants/masks/gqa-2414593__translate_left_2pct.png
gqa-2414593,What place is pictured?,translate_right_2pct,F:\Sadik\semantic-causal-pathway\.venv\data\vqa_v2\variants\gqa-2414593__translate_right_2pct.png,true,true,true,true,expert_human_reviewer,2026-10-05,heldout,translation,variants/masks/gqa-2414593__translate_right_2pct.png
gqa-2414593,What place is pictured?,translate_up_2pct,F:\Sadik\semantic-causal-pathway\.venv\data\vqa_v2\variants\gqa-2414593__translate_up_2pct.png,false,false,false,true,expert_human_reviewer,2026-10-05,,translation,variants/masks/gqa-2414593__translate_up_2pct.png
gqa-2414593,What place is pictured?,translate_down_2pct,F:\Sadik\semantic-causal-pathway\.venv\data\vqa_v2\variants\gqa-2414593__translate_down_2pct.png,false,false,false,true,expert_human_reviewer,2026-10-05,,translation,variants/masks/gqa-2414593__translate_down_2pct.png
gqa-2414593,What place is pictured?,background_blur,F:\Sadik\semantic-causal-pathway\.venv\data\vqa_v2\variants\gqa-2414593__background_blur.png,false,false,false,true,expert_human_reviewer,2026-10-05,,background_edit,(same as original)
gqa-2414593,What place is pictured?,background_neutral,F:\Sadik\semantic-causal-pathway\.venv\data\vqa_v2\variants\gqa-2414593__background_neutral.png,false,false,false,true,expert_human_reviewer,2026-10-05,,background_edit,(same as original)
gqa-2414593,What place is pictured?,jpeg_quality_10,F:\Sadik\semantic-causal-pathway\.venv\data\vqa_v2\variants\gqa-2414593__jpeg_quality_10.png,false,false,false,true,expert_human_reviewer,2026-10-05,,jpeg_compression,(rejected)
gqa-2414593,What place is pictured?,jpeg_quality_20,F:\Sadik\semantic-causal-pathway\.venv\data\vqa_v2\variants\gqa-2414593__jpeg_quality_20.png,false,false,false,true,expert_human_reviewer,2026-10-05,,jpeg_compression,(rejected)
gqa-2414593,What place is pictured?,translate_left_15pct,F:\Sadik\semantic-causal-pathway\.venv\data\vqa_v2\variants\gqa-2414593__translate_left_15pct.png,false,false,false,true,expert_human_reviewer,2026-10-05,,translation,(rejected)
gqa-2414593,What place is pictured?,contrast_2.0,F:\Sadik\semantic-causal-pathway\.venv\data\vqa_v2\variants\gqa-2414593__contrast_2.0.png,false,false,false,true,expert_human_reviewer,2026-10-05,,unclassified,(rejected)
vqav2-329336,Has it recently rained?,brightness_0.97,F:\Sadik\semantic-causal-pathway\.venv\data\vqa_v2\variants\vqav2-329336__brightness_0.97.png,false,false,false,true,expert_human_reviewer,2026-10-05,,photometric,(same as original)
vqav2-329336,Has it recently rained?,contrast_1.03,F:\Sadik\semantic-causal-pathway\.venv\data\vqa_v2\variants\vqav2-329336__contrast_1.03.png,false,false,false,true,expert_human_reviewer,2026-10-05,,photometric,(same as original)
vqav2-329336,Has it recently rained?,jpeg_quality_92,F:\Sadik\semantic-causal-pathway\.venv\data\vqa_v2\variants\vqav2-329336__jpeg_quality_92.png,true,true,true,true,expert_human_reviewer,2026-10-05,probe,jpeg_compression,(same as original)
vqav2-329336,Has it recently rained?,jpeg_quality_98,F:\Sadik\semantic-causal-pathway\.venv\data\vqa_v2\variants\vqav2-329336__jpeg_quality_98.png,true,true,true,true,expert_human_reviewer,2026-10-05,probe,jpeg_compression,(same as original)
vqav2-329336,Has it recently rained?,translate_left_2pct,F:\Sadik\semantic-causal-pathway\.venv\data\vqa_v2\variants\vqav2-329336__translate_left_2pct.png,true,true,true,true,expert_human_reviewer,2026-10-05,heldout,translation,variants/masks/vqav2-329336__translate_left_2pct.png
vqav2-329336,Has it recently rained?,translate_right_2pct,F:\Sadik\semantic-causal-pathway\.venv\data\vqa_v2\variants\vqav2-329336__translate_right_2pct.png,true,true,true,true,expert_human_reviewer,2026-10-05,heldout,translation,variants/masks/vqav2-329336__translate_right_2pct.png
vqav2-329336,Has it recently rained?,translate_up_2pct,F:\Sadik\semantic-causal-pathway\.venv\data\vqa_v2\variants\vqav2-329336__translate_up_2pct.png,false,false,false,true,expert_human_reviewer,2026-10-05,,translation,variants/masks/vqav2-329336__translate_up_2pct.png
vqav2-329336,Has it recently rained?,translate_down_2pct,F:\Sadik\semantic-causal-pathway\.venv\data\vqa_v2\variants\vqav2-329336__translate_down_2pct.png,false,false,false,true,expert_human_reviewer,2026-10-05,,translation,variants/masks/vqav2-329336__translate_down_2pct.png
vqav2-329336,Has it recently rained?,background_blur,F:\Sadik\semantic-causal-pathway\.venv\data\vqa_v2\variants\vqav2-329336__background_blur.png,false,false,false,true,expert_human_reviewer,2026-10-05,,background_edit,(same as original)
vqav2-329336,Has it recently rained?,background_neutral,F:\Sadik\semantic-causal-pathway\.venv\data\vqa_v2\variants\vqav2-329336__background_neutral.png,false,false,false,true,expert_human_reviewer,2026-10-05,,background_edit,(same as original)
vqav2-329336,Has it recently rained?,jpeg_quality_10,F:\Sadik\semantic-causal-pathway\.venv\data\vqa_v2\variants\vqav2-329336__jpeg_quality_10.png,false,false,false,true,expert_human_reviewer,2026-10-05,,jpeg_compression,(rejected)
vqav2-329336,Has it recently rained?,jpeg_quality_20,F:\Sadik\semantic-causal-pathway\.venv\data\vqa_v2\variants\vqav2-329336__jpeg_quality_20.png,false,false,false,true,expert_human_reviewer,2026-10-05,,jpeg_compression,(rejected)
vqav2-329336,Has it recently rained?,translate_left_15pct,F:\Sadik\semantic-causal-pathway\.venv\data\vqa_v2\variants\vqav2-329336__translate_left_15pct.png,false,false,false,true,expert_human_reviewer,2026-10-05,,translation,(rejected)
vqav2-329336,Has it recently rained?,contrast_2.0,F:\Sadik\semantic-causal-pathway\.venv\data\vqa_v2\variants\vqav2-329336__contrast_2.0.png,false,false,false,true,expert_human_reviewer,2026-10-05,,unclassified,(rejected)
vqav2-16180,What color is the dog?,jpeg_quality_90,F:\Sadik\semantic-causal-pathway\.venv\data\vqa_v2\variants\vqav2-16180__jpeg_quality_90.png,false,false,false,true,expert_human_reviewer,2026-10-05,,jpeg_compression,(same as original)
vqav2-16180,What color is the dog?,jpeg_quality_92,F:\Sadik\semantic-causal-pathway\.venv\data\vqa_v2\variants\vqav2-16180__jpeg_quality_92.png,true,true,true,true,expert_human_reviewer,2026-10-05,probe,jpeg_compression,(same as original)
vqav2-16180,What color is the dog?,jpeg_quality_95,F:\Sadik\semantic-causal-pathway\.venv\data\vqa_v2\variants\vqav2-16180__jpeg_quality_95.png,false,false,false,true,expert_human_reviewer,2026-10-05,,jpeg_compression,(same as original)
vqav2-16180,What color is the dog?,jpeg_quality_98,F:\Sadik\semantic-causal-pathway\.venv\data\vqa_v2\variants\vqav2-16180__jpeg_quality_98.png,true,true,true,true,expert_human_reviewer,2026-10-05,probe,jpeg_compression,(same as original)
vqav2-16180,What color is the dog?,translate_left_2pct,F:\Sadik\semantic-causal-pathway\.venv\data\vqa_v2\variants\vqav2-16180__translate_left_2pct.png,true,true,true,true,expert_human_reviewer,2026-10-05,heldout,translation,variants/masks/vqav2-16180__translate_left_2pct.png
vqav2-16180,What color is the dog?,translate_right_2pct,F:\Sadik\semantic-causal-pathway\.venv\data\vqa_v2\variants\vqav2-16180__translate_right_2pct.png,true,true,true,true,expert_human_reviewer,2026-10-05,heldout,translation,variants/masks/vqav2-16180__translate_right_2pct.png
vqav2-16180,What color is the dog?,translate_up_2pct,F:\Sadik\semantic-causal-pathway\.venv\data\vqa_v2\variants\vqav2-16180__translate_up_2pct.png,false,false,false,true,expert_human_reviewer,2026-10-05,,translation,variants/masks/vqav2-16180__translate_up_2pct.png
vqav2-16180,What color is the dog?,translate_down_2pct,F:\Sadik\semantic-causal-pathway\.venv\data\vqa_v2\variants\vqav2-16180__translate_down_2pct.png,false,false,false,true,expert_human_reviewer,2026-10-05,,translation,variants/masks/vqav2-16180__translate_down_2pct.png
vqav2-16180,What color is the dog?,background_blur,F:\Sadik\semantic-causal-pathway\.venv\data\vqa_v2\variants\vqav2-16180__background_blur.png,false,false,false,true,expert_human_reviewer,2026-10-05,,background_edit,(same as original)
vqav2-16180,What color is the dog?,background_neutral,F:\Sadik\semantic-causal-pathway\.venv\data\vqa_v2\variants\vqav2-16180__background_neutral.png,false,false,false,true,expert_human_reviewer,2026-10-05,,background_edit,(same as original)
vqav2-16180,What color is the dog?,jpeg_quality_10,F:\Sadik\semantic-causal-pathway\.venv\data\vqa_v2\variants\vqav2-16180__jpeg_quality_10.png,false,false,false,true,expert_human_reviewer,2026-10-05,,jpeg_compression,(rejected)
vqav2-16180,What color is the dog?,jpeg_quality_20,F:\Sadik\semantic-causal-pathway\.venv\data\vqa_v2\variants\vqav2-16180__jpeg_quality_20.png,false,false,false,true,expert_human_reviewer,2026-10-05,,jpeg_compression,(rejected)
vqav2-16180,What color is the dog?,translate_left_15pct,F:\Sadik\semantic-causal-pathway\.venv\data\vqa_v2\variants\vqav2-16180__translate_left_15pct.png,false,false,false,true,expert_human_reviewer,2026-10-05,,translation,(rejected)
vqav2-16180,What color is the dog?,contrast_2.0,F:\Sadik\semantic-causal-pathway\.venv\data\vqa_v2\variants\vqav2-16180__contrast_2.0.png,false,false,false,true,expert_human_reviewer,2026-10-05,,unclassified,(rejected)
vqav2-418281,Are oxen strapped to carry cargo?,brightness_0.97,F:\Sadik\semantic-causal-pathway\.venv\data\vqa_v2\variants\vqav2-418281__brightness_0.97.png,false,false,false,true,expert_human_reviewer,2026-10-05,,photometric,(same as original)
vqav2-418281,Are oxen strapped to carry cargo?,contrast_1.03,F:\Sadik\semantic-causal-pathway\.venv\data\vqa_v2\variants\vqav2-418281__contrast_1.03.png,false,false,false,true,expert_human_reviewer,2026-10-05,,photometric,(same as original)
vqav2-418281,Are oxen strapped to carry cargo?,jpeg_quality_92,F:\Sadik\semantic-causal-pathway\.venv\data\vqa_v2\variants\vqav2-418281__jpeg_quality_92.png,true,true,true,true,expert_human_reviewer,2026-10-05,probe,jpeg_compression,(same as original)
vqav2-418281,Are oxen strapped to carry cargo?,jpeg_quality_98,F:\Sadik\semantic-causal-pathway\.venv\data\vqa_v2\variants\vqav2-418281__jpeg_quality_98.png,true,true,true,true,expert_human_reviewer,2026-10-05,probe,jpeg_compression,(same as original)
vqav2-418281,Are oxen strapped to carry cargo?,translate_left_2pct,F:\Sadik\semantic-causal-pathway\.venv\data\vqa_v2\variants\vqav2-418281__translate_left_2pct.png,true,true,true,true,expert_human_reviewer,2026-10-05,heldout,translation,variants/masks/vqav2-418281__translate_left_2pct.png
vqav2-418281,Are oxen strapped to carry cargo?,translate_right_2pct,F:\Sadik\semantic-causal-pathway\.venv\data\vqa_v2\variants\vqav2-418281__translate_right_2pct.png,true,true,true,true,expert_human_reviewer,2026-10-05,heldout,translation,variants/masks/vqav2-418281__translate_right_2pct.png
vqav2-418281,Are oxen strapped to carry cargo?,translate_up_2pct,F:\Sadik\semantic-causal-pathway\.venv\data\vqa_v2\variants\vqav2-418281__translate_up_2pct.png,false,false,false,true,expert_human_reviewer,2026-10-05,,translation,variants/masks/vqav2-418281__translate_up_2pct.png
vqav2-418281,Are oxen strapped to carry cargo?,translate_down_2pct,F:\Sadik\semantic-causal-pathway\.venv\data\vqa_v2\variants\vqav2-418281__translate_down_2pct.png,false,false,false,true,expert_human_reviewer,2026-10-05,,translation,variants/masks/vqav2-418281__translate_down_2pct.png
vqav2-418281,Are oxen strapped to carry cargo?,background_blur,F:\Sadik\semantic-causal-pathway\.venv\data\vqa_v2\variants\vqav2-418281__background_blur.png,false,false,false,true,expert_human_reviewer,2026-10-05,,background_edit,(same as original)
vqav2-418281,Are oxen strapped to carry cargo?,background_neutral,F:\Sadik\semantic-causal-pathway\.venv\data\vqa_v2\variants\vqav2-418281__background_neutral.png,false,false,false,true,expert_human_reviewer,2026-10-05,,background_edit,(same as original)
vqav2-418281,Are oxen strapped to carry cargo?,jpeg_quality_10,F:\Sadik\semantic-causal-pathway\.venv\data\vqa_v2\variants\vqav2-418281__jpeg_quality_10.png,false,false,false,true,expert_human_reviewer,2026-10-05,,jpeg_compression,(rejected)
vqav2-418281,Are oxen strapped to carry cargo?,jpeg_quality_20,F:\Sadik\semantic-causal-pathway\.venv\data\vqa_v2\variants\vqav2-418281__jpeg_quality_20.png,false,false,false,true,expert_human_reviewer,2026-10-05,,jpeg_compression,(rejected)
vqav2-418281,Are oxen strapped to carry cargo?,translate_left_15pct,F:\Sadik\semantic-causal-pathway\.venv\data\vqa_v2\variants\vqav2-418281__translate_left_15pct.png,false,false,false,true,expert_human_reviewer,2026-10-05,,translation,(rejected)
vqav2-418281,Are oxen strapped to carry cargo?,contrast_2.0,F:\Sadik\semantic-causal-pathway\.venv\data\vqa_v2\variants\vqav2-418281__contrast_2.0.png,false,false,false,true,expert_human_reviewer,2026-10-05,,unclassified,(rejected)
gqa-2404396,Where is the dog in the grass looking at?,brightness_0.97,F:\Sadik\semantic-causal-pathway\.venv\data\vqa_v2\variants\gqa-2404396__brightness_0.97.png,false,false,false,true,expert_human_reviewer,2026-10-05,,photometric,(same as original)
gqa-2404396,Where is the dog in the grass looking at?,contrast_1.03,F:\Sadik\semantic-causal-pathway\.venv\data\vqa_v2\variants\gqa-2404396__contrast_1.03.png,false,false,false,true,expert_human_reviewer,2026-10-05,,photometric,(same as original)
gqa-2404396,Where is the dog in the grass looking at?,jpeg_quality_92,F:\Sadik\semantic-causal-pathway\.venv\data\vqa_v2\variants\gqa-2404396__jpeg_quality_92.png,true,true,true,true,expert_human_reviewer,2026-10-05,probe,jpeg_compression,(same as original)
gqa-2404396,Where is the dog in the grass looking at?,jpeg_quality_98,F:\Sadik\semantic-causal-pathway\.venv\data\vqa_v2\variants\gqa-2404396__jpeg_quality_98.png,true,true,true,true,expert_human_reviewer,2026-10-05,probe,jpeg_compression,(same as original)
gqa-2404396,Where is the dog in the grass looking at?,translate_left_2pct,F:\Sadik\semantic-causal-pathway\.venv\data\vqa_v2\variants\gqa-2404396__translate_left_2pct.png,true,true,true,true,expert_human_reviewer,2026-10-05,heldout,translation,variants/masks/gqa-2404396__translate_left_2pct.png
gqa-2404396,Where is the dog in the grass looking at?,translate_right_2pct,F:\Sadik\semantic-causal-pathway\.venv\data\vqa_v2\variants\gqa-2404396__translate_right_2pct.png,true,true,true,true,expert_human_reviewer,2026-10-05,heldout,translation,variants/masks/gqa-2404396__translate_right_2pct.png
gqa-2404396,Where is the dog in the grass looking at?,translate_up_2pct,F:\Sadik\semantic-causal-pathway\.venv\data\vqa_v2\variants\gqa-2404396__translate_up_2pct.png,false,false,false,true,expert_human_reviewer,2026-10-05,,translation,variants/masks/gqa-2404396__translate_up_2pct.png
gqa-2404396,Where is the dog in the grass looking at?,translate_down_2pct,F:\Sadik\semantic-causal-pathway\.venv\data\vqa_v2\variants\gqa-2404396__translate_down_2pct.png,false,false,false,true,expert_human_reviewer,2026-10-05,,translation,variants/masks/gqa-2404396__translate_down_2pct.png
gqa-2404396,Where is the dog in the grass looking at?,background_blur,F:\Sadik\semantic-causal-pathway\.venv\data\vqa_v2\variants\gqa-2404396__background_blur.png,false,false,false,true,expert_human_reviewer,2026-10-05,,background_edit,(same as original)
gqa-2404396,Where is the dog in the grass looking at?,background_neutral,F:\Sadik\semantic-causal-pathway\.venv\data\vqa_v2\variants\gqa-2404396__background_neutral.png,false,false,false,true,expert_human_reviewer,2026-10-05,,background_edit,(same as original)
gqa-2404396,Where is the dog in the grass looking at?,jpeg_quality_10,F:\Sadik\semantic-causal-pathway\.venv\data\vqa_v2\variants\gqa-2404396__jpeg_quality_10.png,false,false,false,true,expert_human_reviewer,2026-10-05,,jpeg_compression,(rejected)
gqa-2404396,Where is the dog in the grass looking at?,jpeg_quality_20,F:\Sadik\semantic-causal-pathway\.venv\data\vqa_v2\variants\gqa-2404396__jpeg_quality_20.png,false,false,false,true,expert_human_reviewer,2026-10-05,,jpeg_compression,(rejected)
gqa-2404396,Where is the dog in the grass looking at?,translate_left_15pct,F:\Sadik\semantic-causal-pathway\.venv\data\vqa_v2\variants\gqa-2404396__translate_left_15pct.png,false,false,false,true,expert_human_reviewer,2026-10-05,,translation,(rejected)
gqa-2404396,Where is the dog in the grass looking at?,contrast_2.0,F:\Sadik\semantic-causal-pathway\.venv\data\vqa_v2\variants\gqa-2404396__contrast_2.0.png,false,false,false,true,expert_human_reviewer,2026-10-05,,unclassified,(rejected)
vqav2-544855,Is the train average size?,brightness_0.97,F:\Sadik\semantic-causal-pathway\.venv\data\vqa_v2\variants\vqav2-544855__brightness_0.97.png,false,false,false,true,expert_human_reviewer,2026-10-05,,photometric,(same as original)
vqav2-544855,Is the train average size?,contrast_1.03,F:\Sadik\semantic-causal-pathway\.venv\data\vqa_v2\variants\vqav2-544855__contrast_1.03.png,false,false,false,true,expert_human_reviewer,2026-10-05,,photometric,(same as original)
vqav2-544855,Is the train average size?,jpeg_quality_92,F:\Sadik\semantic-causal-pathway\.venv\data\vqa_v2\variants\vqav2-544855__jpeg_quality_92.png,true,true,true,true,expert_human_reviewer,2026-10-05,probe,jpeg_compression,(same as original)
vqav2-544855,Is the train average size?,jpeg_quality_98,F:\Sadik\semantic-causal-pathway\.venv\data\vqa_v2\variants\vqav2-544855__jpeg_quality_98.png,true,true,true,true,expert_human_reviewer,2026-10-05,probe,jpeg_compression,(same as original)
vqav2-544855,Is the train average size?,translate_left_2pct,F:\Sadik\semantic-causal-pathway\.venv\data\vqa_v2\variants\vqav2-544855__translate_left_2pct.png,true,true,true,true,expert_human_reviewer,2026-10-05,heldout,translation,variants/masks/vqav2-544855__translate_left_2pct.png
vqav2-544855,Is the train average size?,translate_right_2pct,F:\Sadik\semantic-causal-pathway\.venv\data\vqa_v2\variants\vqav2-544855__translate_right_2pct.png,true,true,true,true,expert_human_reviewer,2026-10-05,heldout,translation,variants/masks/vqav2-544855__translate_right_2pct.png
vqav2-544855,Is the train average size?,translate_up_2pct,F:\Sadik\semantic-causal-pathway\.venv\data\vqa_v2\variants\vqav2-544855__translate_up_2pct.png,false,false,false,true,expert_human_reviewer,2026-10-05,,translation,variants/masks/vqav2-544855__translate_up_2pct.png
vqav2-544855,Is the train average size?,translate_down_2pct,F:\Sadik\semantic-causal-pathway\.venv\data\vqa_v2\variants\vqav2-544855__translate_down_2pct.png,false,false,false,true,expert_human_reviewer,2026-10-05,,translation,variants/masks/vqav2-544855__translate_down_2pct.png
vqav2-544855,Is the train average size?,background_blur,F:\Sadik\semantic-causal-pathway\.venv\data\vqa_v2\variants\vqav2-544855__background_blur.png,false,false,false,true,expert_human_reviewer,2026-10-05,,background_edit,(same as original)
vqav2-544855,Is the train average size?,background_neutral,F:\Sadik\semantic-causal-pathway\.venv\data\vqa_v2\variants\vqav2-544855__background_neutral.png,false,false,false,true,expert_human_reviewer,2026-10-05,,background_edit,(same as original)
vqav2-544855,Is the train average size?,jpeg_quality_10,F:\Sadik\semantic-causal-pathway\.venv\data\vqa_v2\variants\vqav2-544855__jpeg_quality_10.png,false,false,false,true,expert_human_reviewer,2026-10-05,,jpeg_compression,(rejected)
vqav2-544855,Is the train average size?,jpeg_quality_20,F:\Sadik\semantic-causal-pathway\.venv\data\vqa_v2\variants\vqav2-544855__jpeg_quality_20.png,false,false,false,true,expert_human_reviewer,2026-10-05,,jpeg_compression,(rejected)
vqav2-544855,Is the train average size?,translate_left_15pct,F:\Sadik\semantic-causal-pathway\.venv\data\vqa_v2\variants\vqav2-544855__translate_left_15pct.png,false,false,false,true,expert_human_reviewer,2026-10-05,,translation,(rejected)
vqav2-544855,Is the train average size?,contrast_2.0,F:\Sadik\semantic-causal-pathway\.venv\data\vqa_v2\variants\vqav2-544855__contrast_2.0.png,false,false,false,true,expert_human_reviewer,2026-10-05,,unclassified,(rejected)
gqa-2386472,What kind of furniture is above the drawer?,brightness_0.97,F:\Sadik\semantic-causal-pathway\.venv\data\vqa_v2\variants\gqa-2386472__brightness_0.97.png,false,false,false,true,expert_human_reviewer,2026-10-05,,photometric,(same as original)
gqa-2386472,What kind of furniture is above the drawer?,contrast_1.03,F:\Sadik\semantic-causal-pathway\.venv\data\vqa_v2\variants\gqa-2386472__contrast_1.03.png,false,false,false,true,expert_human_reviewer,2026-10-05,,photometric,(same as original)
gqa-2386472,What kind of furniture is above the drawer?,jpeg_quality_92,F:\Sadik\semantic-causal-pathway\.venv\data\vqa_v2\variants\gqa-2386472__jpeg_quality_92.png,true,true,true,true,expert_human_reviewer,2026-10-05,probe,jpeg_compression,(same as original)
gqa-2386472,What kind of furniture is above the drawer?,jpeg_quality_98,F:\Sadik\semantic-causal-pathway\.venv\data\vqa_v2\variants\gqa-2386472__jpeg_quality_98.png,true,true,true,true,expert_human_reviewer,2026-10-05,probe,jpeg_compression,(same as original)
gqa-2386472,What kind of furniture is above the drawer?,translate_left_2pct,F:\Sadik\semantic-causal-pathway\.venv\data\vqa_v2\variants\gqa-2386472__translate_left_2pct.png,true,true,true,true,expert_human_reviewer,2026-10-05,heldout,translation,variants/masks/gqa-2386472__translate_left_2pct.png
gqa-2386472,What kind of furniture is above the drawer?,translate_right_2pct,F:\Sadik\semantic-causal-pathway\.venv\data\vqa_v2\variants\gqa-2386472__translate_right_2pct.png,true,true,true,true,expert_human_reviewer,2026-10-05,heldout,translation,variants/masks/gqa-2386472__translate_right_2pct.png
gqa-2386472,What kind of furniture is above the drawer?,translate_up_2pct,F:\Sadik\semantic-causal-pathway\.venv\data\vqa_v2\variants\gqa-2386472__translate_up_2pct.png,false,false,false,true,expert_human_reviewer,2026-10-05,,translation,variants/masks/gqa-2386472__translate_up_2pct.png
gqa-2386472,What kind of furniture is above the drawer?,translate_down_2pct,F:\Sadik\semantic-causal-pathway\.venv\data\vqa_v2\variants\gqa-2386472__translate_down_2pct.png,false,false,false,true,expert_human_reviewer,2026-10-05,,translation,variants/masks/gqa-2386472__translate_down_2pct.png
gqa-2386472,What kind of furniture is above the drawer?,background_blur,F:\Sadik\semantic-causal-pathway\.venv\data\vqa_v2\variants\gqa-2386472__background_blur.png,false,false,false,true,expert_human_reviewer,2026-10-05,,background_edit,(same as original)
gqa-2386472,What kind of furniture is above the drawer?,background_neutral,F:\Sadik\semantic-causal-pathway\.venv\data\vqa_v2\variants\gqa-2386472__background_neutral.png,false,false,false,true,expert_human_reviewer,2026-10-05,,background_edit,(same as original)
gqa-2386472,What kind of furniture is above the drawer?,jpeg_quality_10,F:\Sadik\semantic-causal-pathway\.venv\data\vqa_v2\variants\gqa-2386472__jpeg_quality_10.png,false,false,false,true,expert_human_reviewer,2026-10-05,,jpeg_compression,(rejected)
gqa-2386472,What kind of furniture is above the drawer?,jpeg_quality_20,F:\Sadik\semantic-causal-pathway\.venv\data\vqa_v2\variants\gqa-2386472__jpeg_quality_20.png,false,false,false,true,expert_human_reviewer,2026-10-05,,jpeg_compression,(rejected)
gqa-2386472,What kind of furniture is above the drawer?,translate_left_15pct,F:\Sadik\semantic-causal-pathway\.venv\data\vqa_v2\variants\gqa-2386472__translate_left_15pct.png,false,false,false,true,expert_human_reviewer,2026-10-05,,translation,(rejected)
gqa-2386472,What kind of furniture is above the drawer?,contrast_2.0,F:\Sadik\semantic-causal-pathway\.venv\data\vqa_v2\variants\gqa-2386472__contrast_2.0.png,false,false,false,true,expert_human_reviewer,2026-10-05,,unclassified,(rejected)
gqa-2346159,Does the frisbee have white color?,jpeg_quality_90,F:\Sadik\semantic-causal-pathway\.venv\data\vqa_v2\variants\gqa-2346159__jpeg_quality_90.png,false,false,false,true,expert_human_reviewer,2026-10-05,,jpeg_compression,(same as original)
gqa-2346159,Does the frisbee have white color?,jpeg_quality_92,F:\Sadik\semantic-causal-pathway\.venv\data\vqa_v2\variants\gqa-2346159__jpeg_quality_92.png,true,true,true,true,expert_human_reviewer,2026-10-05,probe,jpeg_compression,(same as original)
gqa-2346159,Does the frisbee have white color?,jpeg_quality_95,F:\Sadik\semantic-causal-pathway\.venv\data\vqa_v2\variants\gqa-2346159__jpeg_quality_95.png,false,false,false,true,expert_human_reviewer,2026-10-05,,jpeg_compression,(same as original)
gqa-2346159,Does the frisbee have white color?,jpeg_quality_98,F:\Sadik\semantic-causal-pathway\.venv\data\vqa_v2\variants\gqa-2346159__jpeg_quality_98.png,true,true,true,true,expert_human_reviewer,2026-10-05,probe,jpeg_compression,(same as original)
gqa-2346159,Does the frisbee have white color?,translate_left_2pct,F:\Sadik\semantic-causal-pathway\.venv\data\vqa_v2\variants\gqa-2346159__translate_left_2pct.png,true,true,true,true,expert_human_reviewer,2026-10-05,heldout,translation,variants/masks/gqa-2346159__translate_left_2pct.png
gqa-2346159,Does the frisbee have white color?,translate_right_2pct,F:\Sadik\semantic-causal-pathway\.venv\data\vqa_v2\variants\gqa-2346159__translate_right_2pct.png,true,true,true,true,expert_human_reviewer,2026-10-05,heldout,translation,variants/masks/gqa-2346159__translate_right_2pct.png
gqa-2346159,Does the frisbee have white color?,translate_up_2pct,F:\Sadik\semantic-causal-pathway\.venv\data\vqa_v2\variants\gqa-2346159__translate_up_2pct.png,false,false,false,true,expert_human_reviewer,2026-10-05,,translation,variants/masks/gqa-2346159__translate_up_2pct.png
gqa-2346159,Does the frisbee have white color?,translate_down_2pct,F:\Sadik\semantic-causal-pathway\.venv\data\vqa_v2\variants\gqa-2346159__translate_down_2pct.png,false,false,false,true,expert_human_reviewer,2026-10-05,,translation,variants/masks/gqa-2346159__translate_down_2pct.png
gqa-2346159,Does the frisbee have white color?,background_blur,F:\Sadik\semantic-causal-pathway\.venv\data\vqa_v2\variants\gqa-2346159__background_blur.png,false,false,false,true,expert_human_reviewer,2026-10-05,,background_edit,(same as original)
gqa-2346159,Does the frisbee have white color?,background_neutral,F:\Sadik\semantic-causal-pathway\.venv\data\vqa_v2\variants\gqa-2346159__background_neutral.png,false,false,false,true,expert_human_reviewer,2026-10-05,,background_edit,(same as original)
gqa-2346159,Does the frisbee have white color?,jpeg_quality_10,F:\Sadik\semantic-causal-pathway\.venv\data\vqa_v2\variants\gqa-2346159__jpeg_quality_10.png,false,false,false,true,expert_human_reviewer,2026-10-05,,jpeg_compression,(rejected)
gqa-2346159,Does the frisbee have white color?,jpeg_quality_20,F:\Sadik\semantic-causal-pathway\.venv\data\vqa_v2\variants\gqa-2346159__jpeg_quality_20.png,false,false,false,true,expert_human_reviewer,2026-10-05,,jpeg_compression,(rejected)
gqa-2346159,Does the frisbee have white color?,translate_left_15pct,F:\Sadik\semantic-causal-pathway\.venv\data\vqa_v2\variants\gqa-2346159__translate_left_15pct.png,false,false,false,true,expert_human_reviewer,2026-10-05,,translation,(rejected)
gqa-2346159,Does the frisbee have white color?,contrast_2.0,F:\Sadik\semantic-causal-pathway\.venv\data\vqa_v2\variants\gqa-2346159__contrast_2.0.png,false,false,false,true,expert_human_reviewer,2026-10-05,,unclassified,(rejected)
gqa-2411476,Is the bowl to the right of a box?,brightness_0.97,F:\Sadik\semantic-causal-pathway\.venv\data\vqa_v2\variants\gqa-2411476__brightness_0.97.png,false,false,false,true,expert_human_reviewer,2026-10-05,,photometric,(same as original)
gqa-2411476,Is the bowl to the right of a box?,contrast_1.03,F:\Sadik\semantic-causal-pathway\.venv\data\vqa_v2\variants\gqa-2411476__contrast_1.03.png,false,false,false,true,expert_human_reviewer,2026-10-05,,photometric,(same as original)
gqa-2411476,Is the bowl to the right of a box?,jpeg_quality_92,F:\Sadik\semantic-causal-pathway\.venv\data\vqa_v2\variants\gqa-2411476__jpeg_quality_92.png,true,true,true,true,expert_human_reviewer,2026-10-05,probe,jpeg_compression,(same as original)
gqa-2411476,Is the bowl to the right of a box?,jpeg_quality_98,F:\Sadik\semantic-causal-pathway\.venv\data\vqa_v2\variants\gqa-2411476__jpeg_quality_98.png,true,true,true,true,expert_human_reviewer,2026-10-05,probe,jpeg_compression,(same as original)
gqa-2411476,Is the bowl to the right of a box?,translate_left_2pct,F:\Sadik\semantic-causal-pathway\.venv\data\vqa_v2\variants\gqa-2411476__translate_left_2pct.png,true,true,true,true,expert_human_reviewer,2026-10-05,heldout,translation,variants/masks/gqa-2411476__translate_left_2pct.png
gqa-2411476,Is the bowl to the right of a box?,translate_right_2pct,F:\Sadik\semantic-causal-pathway\.venv\data\vqa_v2\variants\gqa-2411476__translate_right_2pct.png,true,true,true,true,expert_human_reviewer,2026-10-05,heldout,translation,variants/masks/gqa-2411476__translate_right_2pct.png
gqa-2411476,Is the bowl to the right of a box?,translate_up_2pct,F:\Sadik\semantic-causal-pathway\.venv\data\vqa_v2\variants\gqa-2411476__translate_up_2pct.png,false,false,false,true,expert_human_reviewer,2026-10-05,,translation,variants/masks/gqa-2411476__translate_up_2pct.png
gqa-2411476,Is the bowl to the right of a box?,translate_down_2pct,F:\Sadik\semantic-causal-pathway\.venv\data\vqa_v2\variants\gqa-2411476__translate_down_2pct.png,false,false,false,true,expert_human_reviewer,2026-10-05,,translation,variants/masks/gqa-2411476__translate_down_2pct.png
gqa-2411476,Is the bowl to the right of a box?,background_blur,F:\Sadik\semantic-causal-pathway\.venv\data\vqa_v2\variants\gqa-2411476__background_blur.png,false,false,false,true,expert_human_reviewer,2026-10-05,,background_edit,(same as original)
gqa-2411476,Is the bowl to the right of a box?,background_neutral,F:\Sadik\semantic-causal-pathway\.venv\data\vqa_v2\variants\gqa-2411476__background_neutral.png,false,false,false,true,expert_human_reviewer,2026-10-05,,background_edit,(same as original)
gqa-2411476,Is the bowl to the right of a box?,jpeg_quality_10,F:\Sadik\semantic-causal-pathway\.venv\data\vqa_v2\variants\gqa-2411476__jpeg_quality_10.png,false,false,false,true,expert_human_reviewer,2026-10-05,,jpeg_compression,(rejected)
gqa-2411476,Is the bowl to the right of a box?,jpeg_quality_20,F:\Sadik\semantic-causal-pathway\.venv\data\vqa_v2\variants\gqa-2411476__jpeg_quality_20.png,false,false,false,true,expert_human_reviewer,2026-10-05,,jpeg_compression,(rejected)
gqa-2411476,Is the bowl to the right of a box?,translate_left_15pct,F:\Sadik\semantic-causal-pathway\.venv\data\vqa_v2\variants\gqa-2411476__translate_left_15pct.png,false,false,false,true,expert_human_reviewer,2026-10-05,,translation,(rejected)
gqa-2411476,Is the bowl to the right of a box?,contrast_2.0,F:\Sadik\semantic-causal-pathway\.venv\data\vqa_v2\variants\gqa-2411476__contrast_2.0.png,false,false,false,true,expert_human_reviewer,2026-10-05,,unclassified,(rejected)
gqa-2325456,Is there a dog in the water?,brightness_0.97,F:\Sadik\semantic-causal-pathway\.venv\data\vqa_v2\variants\gqa-2325456__brightness_0.97.png,false,false,false,true,expert_human_reviewer,2026-10-05,,photometric,(same as original)
gqa-2325456,Is there a dog in the water?,contrast_1.03,F:\Sadik\semantic-causal-pathway\.venv\data\vqa_v2\variants\gqa-2325456__contrast_1.03.png,false,false,false,true,expert_human_reviewer,2026-10-05,,photometric,(same as original)
gqa-2325456,Is there a dog in the water?,jpeg_quality_92,F:\Sadik\semantic-causal-pathway\.venv\data\vqa_v2\variants\gqa-2325456__jpeg_quality_92.png,true,true,true,true,expert_human_reviewer,2026-10-05,probe,jpeg_compression,(same as original)
gqa-2325456,Is there a dog in the water?,jpeg_quality_98,F:\Sadik\semantic-causal-pathway\.venv\data\vqa_v2\variants\gqa-2325456__jpeg_quality_98.png,true,true,true,true,expert_human_reviewer,2026-10-05,probe,jpeg_compression,(same as original)
gqa-2325456,Is there a dog in the water?,translate_left_2pct,F:\Sadik\semantic-causal-pathway\.venv\data\vqa_v2\variants\gqa-2325456__translate_left_2pct.png,true,true,true,true,expert_human_reviewer,2026-10-05,heldout,translation,variants/masks/gqa-2325456__translate_left_2pct.png
gqa-2325456,Is there a dog in the water?,translate_right_2pct,F:\Sadik\semantic-causal-pathway\.venv\data\vqa_v2\variants\gqa-2325456__translate_right_2pct.png,true,true,true,true,expert_human_reviewer,2026-10-05,heldout,translation,variants/masks/gqa-2325456__translate_right_2pct.png
gqa-2325456,Is there a dog in the water?,translate_up_2pct,F:\Sadik\semantic-causal-pathway\.venv\data\vqa_v2\variants\gqa-2325456__translate_up_2pct.png,false,false,false,true,expert_human_reviewer,2026-10-05,,translation,variants/masks/gqa-2325456__translate_up_2pct.png
gqa-2325456,Is there a dog in the water?,translate_down_2pct,F:\Sadik\semantic-causal-pathway\.venv\data\vqa_v2\variants\gqa-2325456__translate_down_2pct.png,false,false,false,true,expert_human_reviewer,2026-10-05,,translation,variants/masks/gqa-2325456__translate_down_2pct.png
gqa-2325456,Is there a dog in the water?,background_blur,F:\Sadik\semantic-causal-pathway\.venv\data\vqa_v2\variants\gqa-2325456__background_blur.png,false,false,false,true,expert_human_reviewer,2026-10-05,,background_edit,(same as original)
gqa-2325456,Is there a dog in the water?,background_neutral,F:\Sadik\semantic-causal-pathway\.venv\data\vqa_v2\variants\gqa-2325456__background_neutral.png,false,false,false,true,expert_human_reviewer,2026-10-05,,background_edit,(same as original)
gqa-2325456,Is there a dog in the water?,jpeg_quality_10,F:\Sadik\semantic-causal-pathway\.venv\data\vqa_v2\variants\gqa-2325456__jpeg_quality_10.png,false,false,false,true,expert_human_reviewer,2026-10-05,,jpeg_compression,(rejected)
gqa-2325456,Is there a dog in the water?,jpeg_quality_20,F:\Sadik\semantic-causal-pathway\.venv\data\vqa_v2\variants\gqa-2325456__jpeg_quality_20.png,false,false,false,true,expert_human_reviewer,2026-10-05,,jpeg_compression,(rejected)
gqa-2325456,Is there a dog in the water?,translate_left_15pct,F:\Sadik\semantic-causal-pathway\.venv\data\vqa_v2\variants\gqa-2325456__translate_left_15pct.png,false,false,false,true,expert_human_reviewer,2026-10-05,,translation,(rejected)
gqa-2325456,Is there a dog in the water?,contrast_2.0,F:\Sadik\semantic-causal-pathway\.venv\data\vqa_v2\variants\gqa-2325456__contrast_2.0.png,false,false,false,true,expert_human_reviewer,2026-10-05,,unclassified,(rejected)
gqa-2380186,How tall is the grass?,brightness_0.97,F:\Sadik\semantic-causal-pathway\.venv\data\vqa_v2\variants\gqa-2380186__brightness_0.97.png,false,false,false,true,expert_human_reviewer,2026-10-05,,photometric,(same as original)
gqa-2380186,How tall is the grass?,contrast_1.03,F:\Sadik\semantic-causal-pathway\.venv\data\vqa_v2\variants\gqa-2380186__contrast_1.03.png,false,false,false,true,expert_human_reviewer,2026-10-05,,photometric,(same as original)
gqa-2380186,How tall is the grass?,jpeg_quality_92,F:\Sadik\semantic-causal-pathway\.venv\data\vqa_v2\variants\gqa-2380186__jpeg_quality_92.png,true,true,true,true,expert_human_reviewer,2026-10-05,probe,jpeg_compression,(same as original)
gqa-2380186,How tall is the grass?,jpeg_quality_98,F:\Sadik\semantic-causal-pathway\.venv\data\vqa_v2\variants\gqa-2380186__jpeg_quality_98.png,true,true,true,true,expert_human_reviewer,2026-10-05,probe,jpeg_compression,(same as original)
gqa-2380186,How tall is the grass?,translate_left_2pct,F:\Sadik\semantic-causal-pathway\.venv\data\vqa_v2\variants\gqa-2380186__translate_left_2pct.png,true,true,true,true,expert_human_reviewer,2026-10-05,heldout,translation,variants/masks/gqa-2380186__translate_left_2pct.png
gqa-2380186,How tall is the grass?,translate_right_2pct,F:\Sadik\semantic-causal-pathway\.venv\data\vqa_v2\variants\gqa-2380186__translate_right_2pct.png,true,true,true,true,expert_human_reviewer,2026-10-05,heldout,translation,variants/masks/gqa-2380186__translate_right_2pct.png
gqa-2380186,How tall is the grass?,translate_up_2pct,F:\Sadik\semantic-causal-pathway\.venv\data\vqa_v2\variants\gqa-2380186__translate_up_2pct.png,false,false,false,true,expert_human_reviewer,2026-10-05,,translation,variants/masks/gqa-2380186__translate_up_2pct.png
gqa-2380186,How tall is the grass?,translate_down_2pct,F:\Sadik\semantic-causal-pathway\.venv\data\vqa_v2\variants\gqa-2380186__translate_down_2pct.png,false,false,false,true,expert_human_reviewer,2026-10-05,,translation,variants/masks/gqa-2380186__translate_down_2pct.png
gqa-2380186,How tall is the grass?,background_blur,F:\Sadik\semantic-causal-pathway\.venv\data\vqa_v2\variants\gqa-2380186__background_blur.png,false,false,false,true,expert_human_reviewer,2026-10-05,,background_edit,(same as original)
gqa-2380186,How tall is the grass?,background_neutral,F:\Sadik\semantic-causal-pathway\.venv\data\vqa_v2\variants\gqa-2380186__background_neutral.png,false,false,false,true,expert_human_reviewer,2026-10-05,,background_edit,(same as original)
gqa-2380186,How tall is the grass?,jpeg_quality_10,F:\Sadik\semantic-causal-pathway\.venv\data\vqa_v2\variants\gqa-2380186__jpeg_quality_10.png,false,false,false,true,expert_human_reviewer,2026-10-05,,jpeg_compression,(rejected)
gqa-2380186,How tall is the grass?,jpeg_quality_20,F:\Sadik\semantic-causal-pathway\.venv\data\vqa_v2\variants\gqa-2380186__jpeg_quality_20.png,false,false,false,true,expert_human_reviewer,2026-10-05,,jpeg_compression,(rejected)
gqa-2380186,How tall is the grass?,translate_left_15pct,F:\Sadik\semantic-causal-pathway\.venv\data\vqa_v2\variants\gqa-2380186__translate_left_15pct.png,false,false,false,true,expert_human_reviewer,2026-10-05,,translation,(rejected)
gqa-2380186,How tall is the grass?,contrast_2.0,F:\Sadik\semantic-causal-pathway\.venv\data\vqa_v2\variants\gqa-2380186__contrast_2.0.png,false,false,false,true,expert_human_reviewer,2026-10-05,,unclassified,(rejected)
vqav2-383846,What is the cat's paw on?,brightness_0.97,F:\Sadik\semantic-causal-pathway\.venv\data\vqa_v2\variants\vqav2-383846__brightness_0.97.png,false,false,false,true,expert_human_reviewer,2026-10-05,,photometric,(same as original)
vqav2-383846,What is the cat's paw on?,contrast_1.03,F:\Sadik\semantic-causal-pathway\.venv\data\vqa_v2\variants\vqav2-383846__contrast_1.03.png,false,false,false,true,expert_human_reviewer,2026-10-05,,photometric,(same as original)
vqav2-383846,What is the cat's paw on?,jpeg_quality_92,F:\Sadik\semantic-causal-pathway\.venv\data\vqa_v2\variants\vqav2-383846__jpeg_quality_92.png,true,true,true,true,expert_human_reviewer,2026-10-05,probe,jpeg_compression,(same as original)
vqav2-383846,What is the cat's paw on?,jpeg_quality_98,F:\Sadik\semantic-causal-pathway\.venv\data\vqa_v2\variants\vqav2-383846__jpeg_quality_98.png,true,true,true,true,expert_human_reviewer,2026-10-05,probe,jpeg_compression,(same as original)
vqav2-383846,What is the cat's paw on?,translate_left_2pct,F:\Sadik\semantic-causal-pathway\.venv\data\vqa_v2\variants\vqav2-383846__translate_left_2pct.png,true,true,true,true,expert_human_reviewer,2026-10-05,heldout,translation,variants/masks/vqav2-383846__translate_left_2pct.png
vqav2-383846,What is the cat's paw on?,translate_right_2pct,F:\Sadik\semantic-causal-pathway\.venv\data\vqa_v2\variants\vqav2-383846__translate_right_2pct.png,true,true,true,true,expert_human_reviewer,2026-10-05,heldout,translation,variants/masks/vqav2-383846__translate_right_2pct.png
vqav2-383846,What is the cat's paw on?,translate_up_2pct,F:\Sadik\semantic-causal-pathway\.venv\data\vqa_v2\variants\vqav2-383846__translate_up_2pct.png,false,false,false,true,expert_human_reviewer,2026-10-05,,translation,variants/masks/vqav2-383846__translate_up_2pct.png
vqav2-383846,What is the cat's paw on?,translate_down_2pct,F:\Sadik\semantic-causal-pathway\.venv\data\vqa_v2\variants\vqav2-383846__translate_down_2pct.png,false,false,false,true,expert_human_reviewer,2026-10-05,,translation,variants/masks/vqav2-383846__translate_down_2pct.png
vqav2-383846,What is the cat's paw on?,background_blur,F:\Sadik\semantic-causal-pathway\.venv\data\vqa_v2\variants\vqav2-383846__background_blur.png,false,false,false,true,expert_human_reviewer,2026-10-05,,background_edit,(same as original)
vqav2-383846,What is the cat's paw on?,background_neutral,F:\Sadik\semantic-causal-pathway\.venv\data\vqa_v2\variants\vqav2-383846__background_neutral.png,false,false,false,true,expert_human_reviewer,2026-10-05,,background_edit,(same as original)
vqav2-383846,What is the cat's paw on?,jpeg_quality_10,F:\Sadik\semantic-causal-pathway\.venv\data\vqa_v2\variants\vqav2-383846__jpeg_quality_10.png,false,false,false,true,expert_human_reviewer,2026-10-05,,jpeg_compression,(rejected)
vqav2-383846,What is the cat's paw on?,jpeg_quality_20,F:\Sadik\semantic-causal-pathway\.venv\data\vqa_v2\variants\vqav2-383846__jpeg_quality_20.png,false,false,false,true,expert_human_reviewer,2026-10-05,,jpeg_compression,(rejected)
vqav2-383846,What is the cat's paw on?,translate_left_15pct,F:\Sadik\semantic-causal-pathway\.venv\data\vqa_v2\variants\vqav2-383846__translate_left_15pct.png,false,false,false,true,expert_human_reviewer,2026-10-05,,translation,(rejected)
vqav2-383846,What is the cat's paw on?,contrast_2.0,F:\Sadik\semantic-causal-pathway\.venv\data\vqa_v2\variants\vqav2-383846__contrast_2.0.png,false,false,false,true,expert_human_reviewer,2026-10-05,,unclassified,(rejected)
gqa-2386899,Is the person to the right of the chair hitting the yellow ball?,brightness_0.97,F:\Sadik\semantic-causal-pathway\.venv\data\vqa_v2\variants\gqa-2386899__brightness_0.97.png,false,false,false,true,expert_human_reviewer,2026-10-05,,photometric,(same as original)
gqa-2386899,Is the person to the right of the chair hitting the yellow ball?,contrast_1.03,F:\Sadik\semantic-causal-pathway\.venv\data\vqa_v2\variants\gqa-2386899__contrast_1.03.png,false,false,false,true,expert_human_reviewer,2026-10-05,,photometric,(same as original)
gqa-2386899,Is the person to the right of the chair hitting the yellow ball?,jpeg_quality_92,F:\Sadik\semantic-causal-pathway\.venv\data\vqa_v2\variants\gqa-2386899__jpeg_quality_92.png,true,true,true,true,expert_human_reviewer,2026-10-05,probe,jpeg_compression,(same as original)
gqa-2386899,Is the person to the right of the chair hitting the yellow ball?,jpeg_quality_98,F:\Sadik\semantic-causal-pathway\.venv\data\vqa_v2\variants\gqa-2386899__jpeg_quality_98.png,true,true,true,true,expert_human_reviewer,2026-10-05,probe,jpeg_compression,(same as original)
gqa-2386899,Is the person to the right of the chair hitting the yellow ball?,translate_left_2pct,F:\Sadik\semantic-causal-pathway\.venv\data\vqa_v2\variants\gqa-2386899__translate_left_2pct.png,true,true,true,true,expert_human_reviewer,2026-10-05,heldout,translation,variants/masks/gqa-2386899__translate_left_2pct.png
gqa-2386899,Is the person to the right of the chair hitting the yellow ball?,translate_right_2pct,F:\Sadik\semantic-causal-pathway\.venv\data\vqa_v2\variants\gqa-2386899__translate_right_2pct.png,true,true,true,true,expert_human_reviewer,2026-10-05,heldout,translation,variants/masks/gqa-2386899__translate_right_2pct.png
gqa-2386899,Is the person to the right of the chair hitting the yellow ball?,translate_up_2pct,F:\Sadik\semantic-causal-pathway\.venv\data\vqa_v2\variants\gqa-2386899__translate_up_2pct.png,false,false,false,true,expert_human_reviewer,2026-10-05,,translation,variants/masks/gqa-2386899__translate_up_2pct.png
gqa-2386899,Is the person to the right of the chair hitting the yellow ball?,translate_down_2pct,F:\Sadik\semantic-causal-pathway\.venv\data\vqa_v2\variants\gqa-2386899__translate_down_2pct.png,false,false,false,true,expert_human_reviewer,2026-10-05,,translation,variants/masks/gqa-2386899__translate_down_2pct.png
gqa-2386899,Is the person to the right of the chair hitting the yellow ball?,background_blur,F:\Sadik\semantic-causal-pathway\.venv\data\vqa_v2\variants\gqa-2386899__background_blur.png,false,false,false,true,expert_human_reviewer,2026-10-05,,background_edit,(same as original)
gqa-2386899,Is the person to the right of the chair hitting the yellow ball?,background_neutral,F:\Sadik\semantic-causal-pathway\.venv\data\vqa_v2\variants\gqa-2386899__background_neutral.png,false,false,false,true,expert_human_reviewer,2026-10-05,,background_edit,(same as original)
gqa-2386899,Is the person to the right of the chair hitting the yellow ball?,jpeg_quality_10,F:\Sadik\semantic-causal-pathway\.venv\data\vqa_v2\variants\gqa-2386899__jpeg_quality_10.png,false,false,false,true,expert_human_reviewer,2026-10-05,,jpeg_compression,(rejected)
gqa-2386899,Is the person to the right of the chair hitting the yellow ball?,jpeg_quality_20,F:\Sadik\semantic-causal-pathway\.venv\data\vqa_v2\variants\gqa-2386899__jpeg_quality_20.png,false,false,false,true,expert_human_reviewer,2026-10-05,,jpeg_compression,(rejected)
gqa-2386899,Is the person to the right of the chair hitting the yellow ball?,translate_left_15pct,F:\Sadik\semantic-causal-pathway\.venv\data\vqa_v2\variants\gqa-2386899__translate_left_15pct.png,false,false,false,true,expert_human_reviewer,2026-10-05,,translation,(rejected)
gqa-2386899,Is the person to the right of the chair hitting the yellow ball?,contrast_2.0,F:\Sadik\semantic-causal-pathway\.venv\data\vqa_v2\variants\gqa-2386899__contrast_2.0.png,false,false,false,true,expert_human_reviewer,2026-10-05,,unclassified,(rejected)
vqav2-262514,Is there probably running water in this toilet?,brightness_0.97,F:\Sadik\semantic-causal-pathway\.venv\data\vqa_v2\variants\vqav2-262514__brightness_0.97.png,false,false,false,true,expert_human_reviewer,2026-10-05,,photometric,(same as original)
vqav2-262514,Is there probably running water in this toilet?,contrast_1.03,F:\Sadik\semantic-causal-pathway\.venv\data\vqa_v2\variants\vqav2-262514__contrast_1.03.png,false,false,false,true,expert_human_reviewer,2026-10-05,,photometric,(same as original)
vqav2-262514,Is there probably running water in this toilet?,jpeg_quality_92,F:\Sadik\semantic-causal-pathway\.venv\data\vqa_v2\variants\vqav2-262514__jpeg_quality_92.png,true,true,true,true,expert_human_reviewer,2026-10-05,probe,jpeg_compression,(same as original)
vqav2-262514,Is there probably running water in this toilet?,jpeg_quality_98,F:\Sadik\semantic-causal-pathway\.venv\data\vqa_v2\variants\vqav2-262514__jpeg_quality_98.png,true,true,true,true,expert_human_reviewer,2026-10-05,probe,jpeg_compression,(same as original)
vqav2-262514,Is there probably running water in this toilet?,translate_left_2pct,F:\Sadik\semantic-causal-pathway\.venv\data\vqa_v2\variants\vqav2-262514__translate_left_2pct.png,true,true,true,true,expert_human_reviewer,2026-10-05,heldout,translation,variants/masks/vqav2-262514__translate_left_2pct.png
vqav2-262514,Is there probably running water in this toilet?,translate_right_2pct,F:\Sadik\semantic-causal-pathway\.venv\data\vqa_v2\variants\vqav2-262514__translate_right_2pct.png,true,true,true,true,expert_human_reviewer,2026-10-05,heldout,translation,variants/masks/vqav2-262514__translate_right_2pct.png
vqav2-262514,Is there probably running water in this toilet?,translate_up_2pct,F:\Sadik\semantic-causal-pathway\.venv\data\vqa_v2\variants\vqav2-262514__translate_up_2pct.png,false,false,false,true,expert_human_reviewer,2026-10-05,,translation,variants/masks/vqav2-262514__translate_up_2pct.png
vqav2-262514,Is there probably running water in this toilet?,translate_down_2pct,F:\Sadik\semantic-causal-pathway\.venv\data\vqa_v2\variants\vqav2-262514__translate_down_2pct.png,false,false,false,true,expert_human_reviewer,2026-10-05,,translation,variants/masks/vqav2-262514__translate_down_2pct.png
vqav2-262514,Is there probably running water in this toilet?,background_blur,F:\Sadik\semantic-causal-pathway\.venv\data\vqa_v2\variants\vqav2-262514__background_blur.png,false,false,false,true,expert_human_reviewer,2026-10-05,,background_edit,(same as original)
vqav2-262514,Is there probably running water in this toilet?,background_neutral,F:\Sadik\semantic-causal-pathway\.venv\data\vqa_v2\variants\vqav2-262514__background_neutral.png,false,false,false,true,expert_human_reviewer,2026-10-05,,background_edit,(same as original)
vqav2-262514,Is there probably running water in this toilet?,jpeg_quality_10,F:\Sadik\semantic-causal-pathway\.venv\data\vqa_v2\variants\vqav2-262514__jpeg_quality_10.png,false,false,false,true,expert_human_reviewer,2026-10-05,,jpeg_compression,(rejected)
vqav2-262514,Is there probably running water in this toilet?,jpeg_quality_20,F:\Sadik\semantic-causal-pathway\.venv\data\vqa_v2\variants\vqav2-262514__jpeg_quality_20.png,false,false,false,true,expert_human_reviewer,2026-10-05,,jpeg_compression,(rejected)
vqav2-262514,Is there probably running water in this toilet?,translate_left_15pct,F:\Sadik\semantic-causal-pathway\.venv\data\vqa_v2\variants\vqav2-262514__translate_left_15pct.png,false,false,false,true,expert_human_reviewer,2026-10-05,,translation,(rejected)
vqav2-262514,Is there probably running water in this toilet?,contrast_2.0,F:\Sadik\semantic-causal-pathway\.venv\data\vqa_v2\variants\vqav2-262514__contrast_2.0.png,false,false,false,true,expert_human_reviewer,2026-10-05,,unclassified,(rejected)
gqa-2369833,Is the train both gray and wooden?,brightness_0.97,F:\Sadik\semantic-causal-pathway\.venv\data\vqa_v2\variants\gqa-2369833__brightness_0.97.png,false,false,false,true,expert_human_reviewer,2026-10-05,,photometric,(same as original)
gqa-2369833,Is the train both gray and wooden?,contrast_1.03,F:\Sadik\semantic-causal-pathway\.venv\data\vqa_v2\variants\gqa-2369833__contrast_1.03.png,false,false,false,true,expert_human_reviewer,2026-10-05,,photometric,(same as original)
gqa-2369833,Is the train both gray and wooden?,jpeg_quality_92,F:\Sadik\semantic-causal-pathway\.venv\data\vqa_v2\variants\gqa-2369833__jpeg_quality_92.png,true,true,true,true,expert_human_reviewer,2026-10-05,probe,jpeg_compression,(same as original)
gqa-2369833,Is the train both gray and wooden?,jpeg_quality_98,F:\Sadik\semantic-causal-pathway\.venv\data\vqa_v2\variants\gqa-2369833__jpeg_quality_98.png,true,true,true,true,expert_human_reviewer,2026-10-05,probe,jpeg_compression,(same as original)
gqa-2369833,Is the train both gray and wooden?,translate_left_2pct,F:\Sadik\semantic-causal-pathway\.venv\data\vqa_v2\variants\gqa-2369833__translate_left_2pct.png,true,true,true,true,expert_human_reviewer,2026-10-05,heldout,translation,variants/masks/gqa-2369833__translate_left_2pct.png
gqa-2369833,Is the train both gray and wooden?,translate_right_2pct,F:\Sadik\semantic-causal-pathway\.venv\data\vqa_v2\variants\gqa-2369833__translate_right_2pct.png,true,true,true,true,expert_human_reviewer,2026-10-05,heldout,translation,variants/masks/gqa-2369833__translate_right_2pct.png
gqa-2369833,Is the train both gray and wooden?,translate_up_2pct,F:\Sadik\semantic-causal-pathway\.venv\data\vqa_v2\variants\gqa-2369833__translate_up_2pct.png,false,false,false,true,expert_human_reviewer,2026-10-05,,translation,variants/masks/gqa-2369833__translate_up_2pct.png
gqa-2369833,Is the train both gray and wooden?,translate_down_2pct,F:\Sadik\semantic-causal-pathway\.venv\data\vqa_v2\variants\gqa-2369833__translate_down_2pct.png,false,false,false,true,expert_human_reviewer,2026-10-05,,translation,variants/masks/gqa-2369833__translate_down_2pct.png
gqa-2369833,Is the train both gray and wooden?,background_blur,F:\Sadik\semantic-causal-pathway\.venv\data\vqa_v2\variants\gqa-2369833__background_blur.png,false,false,false,true,expert_human_reviewer,2026-10-05,,background_edit,(same as original)
gqa-2369833,Is the train both gray and wooden?,background_neutral,F:\Sadik\semantic-causal-pathway\.venv\data\vqa_v2\variants\gqa-2369833__background_neutral.png,false,false,false,true,expert_human_reviewer,2026-10-05,,background_edit,(same as original)
gqa-2369833,Is the train both gray and wooden?,jpeg_quality_10,F:\Sadik\semantic-causal-pathway\.venv\data\vqa_v2\variants\gqa-2369833__jpeg_quality_10.png,false,false,false,true,expert_human_reviewer,2026-10-05,,jpeg_compression,(rejected)
gqa-2369833,Is the train both gray and wooden?,jpeg_quality_20,F:\Sadik\semantic-causal-pathway\.venv\data\vqa_v2\variants\gqa-2369833__jpeg_quality_20.png,false,false,false,true,expert_human_reviewer,2026-10-05,,jpeg_compression,(rejected)
gqa-2369833,Is the train both gray and wooden?,translate_left_15pct,F:\Sadik\semantic-causal-pathway\.venv\data\vqa_v2\variants\gqa-2369833__translate_left_15pct.png,false,false,false,true,expert_human_reviewer,2026-10-05,,translation,(rejected)
gqa-2369833,Is the train both gray and wooden?,contrast_2.0,F:\Sadik\semantic-causal-pathway\.venv\data\vqa_v2\variants\gqa-2369833__contrast_2.0.png,false,false,false,true,expert_human_reviewer,2026-10-05,,unclassified,(rejected)
vqav2-224557,What kind of sandwich is this?,brightness_0.97,F:\Sadik\semantic-causal-pathway\.venv\data\vqa_v2\variants\vqav2-224557__brightness_0.97.png,false,false,false,true,expert_human_reviewer,2026-10-05,,photometric,(same as original)
vqav2-224557,What kind of sandwich is this?,contrast_1.03,F:\Sadik\semantic-causal-pathway\.venv\data\vqa_v2\variants\vqav2-224557__contrast_1.03.png,false,false,false,true,expert_human_reviewer,2026-10-05,,photometric,(same as original)
vqav2-224557,What kind of sandwich is this?,jpeg_quality_92,F:\Sadik\semantic-causal-pathway\.venv\data\vqa_v2\variants\vqav2-224557__jpeg_quality_92.png,true,true,true,true,expert_human_reviewer,2026-10-05,probe,jpeg_compression,(same as original)
vqav2-224557,What kind of sandwich is this?,jpeg_quality_98,F:\Sadik\semantic-causal-pathway\.venv\data\vqa_v2\variants\vqav2-224557__jpeg_quality_98.png,true,true,true,true,expert_human_reviewer,2026-10-05,probe,jpeg_compression,(same as original)
vqav2-224557,What kind of sandwich is this?,translate_left_2pct,F:\Sadik\semantic-causal-pathway\.venv\data\vqa_v2\variants\vqav2-224557__translate_left_2pct.png,true,true,true,true,expert_human_reviewer,2026-10-05,heldout,translation,variants/masks/vqav2-224557__translate_left_2pct.png
vqav2-224557,What kind of sandwich is this?,translate_right_2pct,F:\Sadik\semantic-causal-pathway\.venv\data\vqa_v2\variants\vqav2-224557__translate_right_2pct.png,true,true,true,true,expert_human_reviewer,2026-10-05,heldout,translation,variants/masks/vqav2-224557__translate_right_2pct.png
vqav2-224557,What kind of sandwich is this?,translate_up_2pct,F:\Sadik\semantic-causal-pathway\.venv\data\vqa_v2\variants\vqav2-224557__translate_up_2pct.png,false,false,false,true,expert_human_reviewer,2026-10-05,,translation,variants/masks/vqav2-224557__translate_up_2pct.png
vqav2-224557,What kind of sandwich is this?,translate_down_2pct,F:\Sadik\semantic-causal-pathway\.venv\data\vqa_v2\variants\vqav2-224557__translate_down_2pct.png,false,false,false,true,expert_human_reviewer,2026-10-05,,translation,variants/masks/vqav2-224557__translate_down_2pct.png
vqav2-224557,What kind of sandwich is this?,background_blur,F:\Sadik\semantic-causal-pathway\.venv\data\vqa_v2\variants\vqav2-224557__background_blur.png,false,false,false,true,expert_human_reviewer,2026-10-05,,background_edit,(same as original)
vqav2-224557,What kind of sandwich is this?,background_neutral,F:\Sadik\semantic-causal-pathway\.venv\data\vqa_v2\variants\vqav2-224557__background_neutral.png,false,false,false,true,expert_human_reviewer,2026-10-05,,background_edit,(same as original)
vqav2-224557,What kind of sandwich is this?,jpeg_quality_10,F:\Sadik\semantic-causal-pathway\.venv\data\vqa_v2\variants\vqav2-224557__jpeg_quality_10.png,false,false,false,true,expert_human_reviewer,2026-10-05,,jpeg_compression,(rejected)
vqav2-224557,What kind of sandwich is this?,jpeg_quality_20,F:\Sadik\semantic-causal-pathway\.venv\data\vqa_v2\variants\vqav2-224557__jpeg_quality_20.png,false,false,false,true,expert_human_reviewer,2026-10-05,,jpeg_compression,(rejected)
vqav2-224557,What kind of sandwich is this?,translate_left_15pct,F:\Sadik\semantic-causal-pathway\.venv\data\vqa_v2\variants\vqav2-224557__translate_left_15pct.png,false,false,false,true,expert_human_reviewer,2026-10-05,,translation,(rejected)
vqav2-224557,What kind of sandwich is this?,contrast_2.0,F:\Sadik\semantic-causal-pathway\.venv\data\vqa_v2\variants\vqav2-224557__contrast_2.0.png,false,false,false,true,expert_human_reviewer,2026-10-05,,unclassified,(rejected)
vqav2-451623,What is she eating?,brightness_0.97,F:\Sadik\semantic-causal-pathway\.venv\data\vqa_v2\variants\vqav2-451623__brightness_0.97.png,false,false,false,true,expert_human_reviewer,2026-10-05,,photometric,(same as original)
vqav2-451623,What is she eating?,contrast_1.03,F:\Sadik\semantic-causal-pathway\.venv\data\vqa_v2\variants\vqav2-451623__contrast_1.03.png,false,false,false,true,expert_human_reviewer,2026-10-05,,photometric,(same as original)
vqav2-451623,What is she eating?,jpeg_quality_92,F:\Sadik\semantic-causal-pathway\.venv\data\vqa_v2\variants\vqav2-451623__jpeg_quality_92.png,true,true,true,true,expert_human_reviewer,2026-10-05,probe,jpeg_compression,(same as original)
vqav2-451623,What is she eating?,jpeg_quality_98,F:\Sadik\semantic-causal-pathway\.venv\data\vqa_v2\variants\vqav2-451623__jpeg_quality_98.png,true,true,true,true,expert_human_reviewer,2026-10-05,probe,jpeg_compression,(same as original)
vqav2-451623,What is she eating?,translate_left_2pct,F:\Sadik\semantic-causal-pathway\.venv\data\vqa_v2\variants\vqav2-451623__translate_left_2pct.png,true,true,true,true,expert_human_reviewer,2026-10-05,heldout,translation,variants/masks/vqav2-451623__translate_left_2pct.png
vqav2-451623,What is she eating?,translate_right_2pct,F:\Sadik\semantic-causal-pathway\.venv\data\vqa_v2\variants\vqav2-451623__translate_right_2pct.png,true,true,true,true,expert_human_reviewer,2026-10-05,heldout,translation,variants/masks/vqav2-451623__translate_right_2pct.png
vqav2-451623,What is she eating?,translate_up_2pct,F:\Sadik\semantic-causal-pathway\.venv\data\vqa_v2\variants\vqav2-451623__translate_up_2pct.png,false,false,false,true,expert_human_reviewer,2026-10-05,,translation,variants/masks/vqav2-451623__translate_up_2pct.png
vqav2-451623,What is she eating?,translate_down_2pct,F:\Sadik\semantic-causal-pathway\.venv\data\vqa_v2\variants\vqav2-451623__translate_down_2pct.png,false,false,false,true,expert_human_reviewer,2026-10-05,,translation,variants/masks/vqav2-451623__translate_down_2pct.png
vqav2-451623,What is she eating?,background_blur,F:\Sadik\semantic-causal-pathway\.venv\data\vqa_v2\variants\vqav2-451623__background_blur.png,false,false,false,true,expert_human_reviewer,2026-10-05,,background_edit,(same as original)
vqav2-451623,What is she eating?,background_neutral,F:\Sadik\semantic-causal-pathway\.venv\data\vqa_v2\variants\vqav2-451623__background_neutral.png,false,false,false,true,expert_human_reviewer,2026-10-05,,background_edit,(same as original)
vqav2-451623,What is she eating?,jpeg_quality_10,F:\Sadik\semantic-causal-pathway\.venv\data\vqa_v2\variants\vqav2-451623__jpeg_quality_10.png,false,false,false,true,expert_human_reviewer,2026-10-05,,jpeg_compression,(rejected)
vqav2-451623,What is she eating?,jpeg_quality_20,F:\Sadik\semantic-causal-pathway\.venv\data\vqa_v2\variants\vqav2-451623__jpeg_quality_20.png,false,false,false,true,expert_human_reviewer,2026-10-05,,jpeg_compression,(rejected)
vqav2-451623,What is she eating?,translate_left_15pct,F:\Sadik\semantic-causal-pathway\.venv\data\vqa_v2\variants\vqav2-451623__translate_left_15pct.png,false,false,false,true,expert_human_reviewer,2026-10-05,,translation,(rejected)
vqav2-451623,What is she eating?,contrast_2.0,F:\Sadik\semantic-causal-pathway\.venv\data\vqa_v2\variants\vqav2-451623__contrast_2.0.png,false,false,false,true,expert_human_reviewer,2026-10-05,,unclassified,(rejected)
vqav2-198935,Does this dog have an owner?,brightness_0.97,F:\Sadik\semantic-causal-pathway\.venv\data\vqa_v2\variants\vqav2-198935__brightness_0.97.png,false,false,false,true,expert_human_reviewer,2026-10-05,,photometric,(same as original)
vqav2-198935,Does this dog have an owner?,contrast_1.03,F:\Sadik\semantic-causal-pathway\.venv\data\vqa_v2\variants\vqav2-198935__contrast_1.03.png,false,false,false,true,expert_human_reviewer,2026-10-05,,photometric,(same as original)
vqav2-198935,Does this dog have an owner?,jpeg_quality_92,F:\Sadik\semantic-causal-pathway\.venv\data\vqa_v2\variants\vqav2-198935__jpeg_quality_92.png,true,true,true,true,expert_human_reviewer,2026-10-05,probe,jpeg_compression,(same as original)
vqav2-198935,Does this dog have an owner?,jpeg_quality_98,F:\Sadik\semantic-causal-pathway\.venv\data\vqa_v2\variants\vqav2-198935__jpeg_quality_98.png,true,true,true,true,expert_human_reviewer,2026-10-05,probe,jpeg_compression,(same as original)
vqav2-198935,Does this dog have an owner?,translate_left_2pct,F:\Sadik\semantic-causal-pathway\.venv\data\vqa_v2\variants\vqav2-198935__translate_left_2pct.png,true,true,true,true,expert_human_reviewer,2026-10-05,heldout,translation,variants/masks/vqav2-198935__translate_left_2pct.png
vqav2-198935,Does this dog have an owner?,translate_right_2pct,F:\Sadik\semantic-causal-pathway\.venv\data\vqa_v2\variants\vqav2-198935__translate_right_2pct.png,true,true,true,true,expert_human_reviewer,2026-10-05,heldout,translation,variants/masks/vqav2-198935__translate_right_2pct.png
vqav2-198935,Does this dog have an owner?,translate_up_2pct,F:\Sadik\semantic-causal-pathway\.venv\data\vqa_v2\variants\vqav2-198935__translate_up_2pct.png,false,false,false,true,expert_human_reviewer,2026-10-05,,translation,variants/masks/vqav2-198935__translate_up_2pct.png
vqav2-198935,Does this dog have an owner?,translate_down_2pct,F:\Sadik\semantic-causal-pathway\.venv\data\vqa_v2\variants\vqav2-198935__translate_down_2pct.png,false,false,false,true,expert_human_reviewer,2026-10-05,,translation,variants/masks/vqav2-198935__translate_down_2pct.png
vqav2-198935,Does this dog have an owner?,background_blur,F:\Sadik\semantic-causal-pathway\.venv\data\vqa_v2\variants\vqav2-198935__background_blur.png,false,false,false,true,expert_human_reviewer,2026-10-05,,background_edit,(same as original)
vqav2-198935,Does this dog have an owner?,background_neutral,F:\Sadik\semantic-causal-pathway\.venv\data\vqa_v2\variants\vqav2-198935__background_neutral.png,false,false,false,true,expert_human_reviewer,2026-10-05,,background_edit,(same as original)
vqav2-198935,Does this dog have an owner?,jpeg_quality_10,F:\Sadik\semantic-causal-pathway\.venv\data\vqa_v2\variants\vqav2-198935__jpeg_quality_10.png,false,false,false,true,expert_human_reviewer,2026-10-05,,jpeg_compression,(rejected)
vqav2-198935,Does this dog have an owner?,jpeg_quality_20,F:\Sadik\semantic-causal-pathway\.venv\data\vqa_v2\variants\vqav2-198935__jpeg_quality_20.png,false,false,false,true,expert_human_reviewer,2026-10-05,,jpeg_compression,(rejected)
vqav2-198935,Does this dog have an owner?,translate_left_15pct,F:\Sadik\semantic-causal-pathway\.venv\data\vqa_v2\variants\vqav2-198935__translate_left_15pct.png,false,false,false,true,expert_human_reviewer,2026-10-05,,translation,(rejected)
vqav2-198935,Does this dog have an owner?,contrast_2.0,F:\Sadik\semantic-causal-pathway\.venv\data\vqa_v2\variants\vqav2-198935__contrast_2.0.png,false,false,false,true,expert_human_reviewer,2026-10-05,,unclassified,(rejected)
vqav2-397639,Are the sheep related?,brightness_0.97,F:\Sadik\semantic-causal-pathway\.venv\data\vqa_v2\variants\vqav2-397639__brightness_0.97.png,false,false,false,true,expert_human_reviewer,2026-10-05,,photometric,(same as original)
vqav2-397639,Are the sheep related?,contrast_1.03,F:\Sadik\semantic-causal-pathway\.venv\data\vqa_v2\variants\vqav2-397639__contrast_1.03.png,false,false,false,true,expert_human_reviewer,2026-10-05,,photometric,(same as original)
vqav2-397639,Are the sheep related?,jpeg_quality_92,F:\Sadik\semantic-causal-pathway\.venv\data\vqa_v2\variants\vqav2-397639__jpeg_quality_92.png,true,true,true,true,expert_human_reviewer,2026-10-05,probe,jpeg_compression,(same as original)
vqav2-397639,Are the sheep related?,jpeg_quality_98,F:\Sadik\semantic-causal-pathway\.venv\data\vqa_v2\variants\vqav2-397639__jpeg_quality_98.png,true,true,true,true,expert_human_reviewer,2026-10-05,probe,jpeg_compression,(same as original)
vqav2-397639,Are the sheep related?,translate_left_2pct,F:\Sadik\semantic-causal-pathway\.venv\data\vqa_v2\variants\vqav2-397639__translate_left_2pct.png,true,true,true,true,expert_human_reviewer,2026-10-05,heldout,translation,variants/masks/vqav2-397639__translate_left_2pct.png
vqav2-397639,Are the sheep related?,translate_right_2pct,F:\Sadik\semantic-causal-pathway\.venv\data\vqa_v2\variants\vqav2-397639__translate_right_2pct.png,true,true,true,true,expert_human_reviewer,2026-10-05,heldout,translation,variants/masks/vqav2-397639__translate_right_2pct.png
vqav2-397639,Are the sheep related?,translate_up_2pct,F:\Sadik\semantic-causal-pathway\.venv\data\vqa_v2\variants\vqav2-397639__translate_up_2pct.png,false,false,false,true,expert_human_reviewer,2026-10-05,,translation,variants/masks/vqav2-397639__translate_up_2pct.png
vqav2-397639,Are the sheep related?,translate_down_2pct,F:\Sadik\semantic-causal-pathway\.venv\data\vqa_v2\variants\vqav2-397639__translate_down_2pct.png,false,false,false,true,expert_human_reviewer,2026-10-05,,translation,variants/masks/vqav2-397639__translate_down_2pct.png
vqav2-397639,Are the sheep related?,background_blur,F:\Sadik\semantic-causal-pathway\.venv\data\vqa_v2\variants\vqav2-397639__background_blur.png,false,false,false,true,expert_human_reviewer,2026-10-05,,background_edit,(same as original)
vqav2-397639,Are the sheep related?,background_neutral,F:\Sadik\semantic-causal-pathway\.venv\data\vqa_v2\variants\vqav2-397639__background_neutral.png,false,false,false,true,expert_human_reviewer,2026-10-05,,background_edit,(same as original)
vqav2-397639,Are the sheep related?,jpeg_quality_10,F:\Sadik\semantic-causal-pathway\.venv\data\vqa_v2\variants\vqav2-397639__jpeg_quality_10.png,false,false,false,true,expert_human_reviewer,2026-10-05,,jpeg_compression,(rejected)
vqav2-397639,Are the sheep related?,jpeg_quality_20,F:\Sadik\semantic-causal-pathway\.venv\data\vqa_v2\variants\vqav2-397639__jpeg_quality_20.png,false,false,false,true,expert_human_reviewer,2026-10-05,,jpeg_compression,(rejected)
vqav2-397639,Are the sheep related?,translate_left_15pct,F:\Sadik\semantic-causal-pathway\.venv\data\vqa_v2\variants\vqav2-397639__translate_left_15pct.png,false,false,false,true,expert_human_reviewer,2026-10-05,,translation,(rejected)
vqav2-397639,Are the sheep related?,contrast_2.0,F:\Sadik\semantic-causal-pathway\.venv\data\vqa_v2\variants\vqav2-397639__contrast_2.0.png,false,false,false,true,expert_human_reviewer,2026-10-05,,unclassified,(rejected)
gqa-2333341,Are there any doors that are not made of steel?,brightness_0.97,F:\Sadik\semantic-causal-pathway\.venv\data\vqa_v2\variants\gqa-2333341__brightness_0.97.png,false,false,false,true,expert_human_reviewer,2026-10-05,,photometric,(same as original)
gqa-2333341,Are there any doors that are not made of steel?,contrast_1.03,F:\Sadik\semantic-causal-pathway\.venv\data\vqa_v2\variants\gqa-2333341__contrast_1.03.png,false,false,false,true,expert_human_reviewer,2026-10-05,,photometric,(same as original)
gqa-2333341,Are there any doors that are not made of steel?,jpeg_quality_92,F:\Sadik\semantic-causal-pathway\.venv\data\vqa_v2\variants\gqa-2333341__jpeg_quality_92.png,true,true,true,true,expert_human_reviewer,2026-10-05,probe,jpeg_compression,(same as original)
gqa-2333341,Are there any doors that are not made of steel?,jpeg_quality_98,F:\Sadik\semantic-causal-pathway\.venv\data\vqa_v2\variants\gqa-2333341__jpeg_quality_98.png,true,true,true,true,expert_human_reviewer,2026-10-05,probe,jpeg_compression,(same as original)
gqa-2333341,Are there any doors that are not made of steel?,translate_left_2pct,F:\Sadik\semantic-causal-pathway\.venv\data\vqa_v2\variants\gqa-2333341__translate_left_2pct.png,true,true,true,true,expert_human_reviewer,2026-10-05,heldout,translation,variants/masks/gqa-2333341__translate_left_2pct.png
gqa-2333341,Are there any doors that are not made of steel?,translate_right_2pct,F:\Sadik\semantic-causal-pathway\.venv\data\vqa_v2\variants\gqa-2333341__translate_right_2pct.png,true,true,true,true,expert_human_reviewer,2026-10-05,heldout,translation,variants/masks/gqa-2333341__translate_right_2pct.png
gqa-2333341,Are there any doors that are not made of steel?,translate_up_2pct,F:\Sadik\semantic-causal-pathway\.venv\data\vqa_v2\variants\gqa-2333341__translate_up_2pct.png,false,false,false,true,expert_human_reviewer,2026-10-05,,translation,variants/masks/gqa-2333341__translate_up_2pct.png
gqa-2333341,Are there any doors that are not made of steel?,translate_down_2pct,F:\Sadik\semantic-causal-pathway\.venv\data\vqa_v2\variants\gqa-2333341__translate_down_2pct.png,false,false,false,true,expert_human_reviewer,2026-10-05,,translation,variants/masks/gqa-2333341__translate_down_2pct.png
gqa-2333341,Are there any doors that are not made of steel?,background_blur,F:\Sadik\semantic-causal-pathway\.venv\data\vqa_v2\variants\gqa-2333341__background_blur.png,false,false,false,true,expert_human_reviewer,2026-10-05,,background_edit,(same as original)
gqa-2333341,Are there any doors that are not made of steel?,background_neutral,F:\Sadik\semantic-causal-pathway\.venv\data\vqa_v2\variants\gqa-2333341__background_neutral.png,false,false,false,true,expert_human_reviewer,2026-10-05,,background_edit,(same as original)
gqa-2333341,Are there any doors that are not made of steel?,jpeg_quality_10,F:\Sadik\semantic-causal-pathway\.venv\data\vqa_v2\variants\gqa-2333341__jpeg_quality_10.png,false,false,false,true,expert_human_reviewer,2026-10-05,,jpeg_compression,(rejected)
gqa-2333341,Are there any doors that are not made of steel?,jpeg_quality_20,F:\Sadik\semantic-causal-pathway\.venv\data\vqa_v2\variants\gqa-2333341__jpeg_quality_20.png,false,false,false,true,expert_human_reviewer,2026-10-05,,jpeg_compression,(rejected)
gqa-2333341,Are there any doors that are not made of steel?,translate_left_15pct,F:\Sadik\semantic-causal-pathway\.venv\data\vqa_v2\variants\gqa-2333341__translate_left_15pct.png,false,false,false,true,expert_human_reviewer,2026-10-05,,translation,(rejected)
gqa-2333341,Are there any doors that are not made of steel?,contrast_2.0,F:\Sadik\semantic-causal-pathway\.venv\data\vqa_v2\variants\gqa-2333341__contrast_2.0.png,false,false,false,true,expert_human_reviewer,2026-10-05,,unclassified,(rejected)
vqav2-255479,What color are the surfboards?,jpeg_quality_90,F:\Sadik\semantic-causal-pathway\.venv\data\vqa_v2\variants\vqav2-255479__jpeg_quality_90.png,false,false,false,true,expert_human_reviewer,2026-10-05,,jpeg_compression,(same as original)
vqav2-255479,What color are the surfboards?,jpeg_quality_92,F:\Sadik\semantic-causal-pathway\.venv\data\vqa_v2\variants\vqav2-255479__jpeg_quality_92.png,true,true,true,true,expert_human_reviewer,2026-10-05,probe,jpeg_compression,(same as original)
vqav2-255479,What color are the surfboards?,jpeg_quality_95,F:\Sadik\semantic-causal-pathway\.venv\data\vqa_v2\variants\vqav2-255479__jpeg_quality_95.png,false,false,false,true,expert_human_reviewer,2026-10-05,,jpeg_compression,(same as original)
vqav2-255479,What color are the surfboards?,jpeg_quality_98,F:\Sadik\semantic-causal-pathway\.venv\data\vqa_v2\variants\vqav2-255479__jpeg_quality_98.png,true,true,true,true,expert_human_reviewer,2026-10-05,probe,jpeg_compression,(same as original)
vqav2-255479,What color are the surfboards?,translate_left_2pct,F:\Sadik\semantic-causal-pathway\.venv\data\vqa_v2\variants\vqav2-255479__translate_left_2pct.png,true,true,true,true,expert_human_reviewer,2026-10-05,heldout,translation,variants/masks/vqav2-255479__translate_left_2pct.png
vqav2-255479,What color are the surfboards?,translate_right_2pct,F:\Sadik\semantic-causal-pathway\.venv\data\vqa_v2\variants\vqav2-255479__translate_right_2pct.png,true,true,true,true,expert_human_reviewer,2026-10-05,heldout,translation,variants/masks/vqav2-255479__translate_right_2pct.png
vqav2-255479,What color are the surfboards?,translate_up_2pct,F:\Sadik\semantic-causal-pathway\.venv\data\vqa_v2\variants\vqav2-255479__translate_up_2pct.png,false,false,false,true,expert_human_reviewer,2026-10-05,,translation,variants/masks/vqav2-255479__translate_up_2pct.png
vqav2-255479,What color are the surfboards?,translate_down_2pct,F:\Sadik\semantic-causal-pathway\.venv\data\vqa_v2\variants\vqav2-255479__translate_down_2pct.png,false,false,false,true,expert_human_reviewer,2026-10-05,,translation,variants/masks/vqav2-255479__translate_down_2pct.png
vqav2-255479,What color are the surfboards?,background_blur,F:\Sadik\semantic-causal-pathway\.venv\data\vqa_v2\variants\vqav2-255479__background_blur.png,false,false,false,true,expert_human_reviewer,2026-10-05,,background_edit,(same as original)
vqav2-255479,What color are the surfboards?,background_neutral,F:\Sadik\semantic-causal-pathway\.venv\data\vqa_v2\variants\vqav2-255479__background_neutral.png,false,false,false,true,expert_human_reviewer,2026-10-05,,background_edit,(same as original)
vqav2-255479,What color are the surfboards?,jpeg_quality_10,F:\Sadik\semantic-causal-pathway\.venv\data\vqa_v2\variants\vqav2-255479__jpeg_quality_10.png,false,false,false,true,expert_human_reviewer,2026-10-05,,jpeg_compression,(rejected)
vqav2-255479,What color are the surfboards?,jpeg_quality_20,F:\Sadik\semantic-causal-pathway\.venv\data\vqa_v2\variants\vqav2-255479__jpeg_quality_20.png,false,false,false,true,expert_human_reviewer,2026-10-05,,jpeg_compression,(rejected)
vqav2-255479,What color are the surfboards?,translate_left_15pct,F:\Sadik\semantic-causal-pathway\.venv\data\vqa_v2\variants\vqav2-255479__translate_left_15pct.png,false,false,false,true,expert_human_reviewer,2026-10-05,,translation,(rejected)
vqav2-255479,What color are the surfboards?,contrast_2.0,F:\Sadik\semantic-causal-pathway\.venv\data\vqa_v2\variants\vqav2-255479__contrast_2.0.png,false,false,false,true,expert_human_reviewer,2026-10-05,,unclassified,(rejected)
vqav2-336166,Is the man wearing sunglasses?,brightness_0.97,F:\Sadik\semantic-causal-pathway\.venv\data\vqa_v2\variants\vqav2-336166__brightness_0.97.png,false,false,false,true,expert_human_reviewer,2026-10-05,,photometric,(same as original)
vqav2-336166,Is the man wearing sunglasses?,contrast_1.03,F:\Sadik\semantic-causal-pathway\.venv\data\vqa_v2\variants\vqav2-336166__contrast_1.03.png,false,false,false,true,expert_human_reviewer,2026-10-05,,photometric,(same as original)
vqav2-336166,Is the man wearing sunglasses?,jpeg_quality_92,F:\Sadik\semantic-causal-pathway\.venv\data\vqa_v2\variants\vqav2-336166__jpeg_quality_92.png,true,true,true,true,expert_human_reviewer,2026-10-05,probe,jpeg_compression,(same as original)
vqav2-336166,Is the man wearing sunglasses?,jpeg_quality_98,F:\Sadik\semantic-causal-pathway\.venv\data\vqa_v2\variants\vqav2-336166__jpeg_quality_98.png,true,true,true,true,expert_human_reviewer,2026-10-05,probe,jpeg_compression,(same as original)
vqav2-336166,Is the man wearing sunglasses?,translate_left_2pct,F:\Sadik\semantic-causal-pathway\.venv\data\vqa_v2\variants\vqav2-336166__translate_left_2pct.png,true,true,true,true,expert_human_reviewer,2026-10-05,heldout,translation,variants/masks/vqav2-336166__translate_left_2pct.png
vqav2-336166,Is the man wearing sunglasses?,translate_right_2pct,F:\Sadik\semantic-causal-pathway\.venv\data\vqa_v2\variants\vqav2-336166__translate_right_2pct.png,true,true,true,true,expert_human_reviewer,2026-10-05,heldout,translation,variants/masks/vqav2-336166__translate_right_2pct.png
vqav2-336166,Is the man wearing sunglasses?,translate_up_2pct,F:\Sadik\semantic-causal-pathway\.venv\data\vqa_v2\variants\vqav2-336166__translate_up_2pct.png,false,false,false,true,expert_human_reviewer,2026-10-05,,translation,variants/masks/vqav2-336166__translate_up_2pct.png
vqav2-336166,Is the man wearing sunglasses?,translate_down_2pct,F:\Sadik\semantic-causal-pathway\.venv\data\vqa_v2\variants\vqav2-336166__translate_down_2pct.png,false,false,false,true,expert_human_reviewer,2026-10-05,,translation,variants/masks/vqav2-336166__translate_down_2pct.png
vqav2-336166,Is the man wearing sunglasses?,background_blur,F:\Sadik\semantic-causal-pathway\.venv\data\vqa_v2\variants\vqav2-336166__background_blur.png,false,false,false,true,expert_human_reviewer,2026-10-05,,background_edit,(same as original)
vqav2-336166,Is the man wearing sunglasses?,background_neutral,F:\Sadik\semantic-causal-pathway\.venv\data\vqa_v2\variants\vqav2-336166__background_neutral.png,false,false,false,true,expert_human_reviewer,2026-10-05,,background_edit,(same as original)
vqav2-336166,Is the man wearing sunglasses?,jpeg_quality_10,F:\Sadik\semantic-causal-pathway\.venv\data\vqa_v2\variants\vqav2-336166__jpeg_quality_10.png,false,false,false,true,expert_human_reviewer,2026-10-05,,jpeg_compression,(rejected)
vqav2-336166,Is the man wearing sunglasses?,jpeg_quality_20,F:\Sadik\semantic-causal-pathway\.venv\data\vqa_v2\variants\vqav2-336166__jpeg_quality_20.png,false,false,false,true,expert_human_reviewer,2026-10-05,,jpeg_compression,(rejected)
vqav2-336166,Is the man wearing sunglasses?,translate_left_15pct,F:\Sadik\semantic-causal-pathway\.venv\data\vqa_v2\variants\vqav2-336166__translate_left_15pct.png,false,false,false,true,expert_human_reviewer,2026-10-05,,translation,(rejected)
vqav2-336166,Is the man wearing sunglasses?,contrast_2.0,F:\Sadik\semantic-causal-pathway\.venv\data\vqa_v2\variants\vqav2-336166__contrast_2.0.png,false,false,false,true,expert_human_reviewer,2026-10-05,,unclassified,(rejected)
gqa-2392001,What is the picture showing?,brightness_0.97,F:\Sadik\semantic-causal-pathway\.venv\data\vqa_v2\variants\gqa-2392001__brightness_0.97.png,false,false,false,true,expert_human_reviewer,2026-10-05,,photometric,(same as original)
gqa-2392001,What is the picture showing?,contrast_1.03,F:\Sadik\semantic-causal-pathway\.venv\data\vqa_v2\variants\gqa-2392001__contrast_1.03.png,false,false,false,true,expert_human_reviewer,2026-10-05,,photometric,(same as original)
gqa-2392001,What is the picture showing?,jpeg_quality_92,F:\Sadik\semantic-causal-pathway\.venv\data\vqa_v2\variants\gqa-2392001__jpeg_quality_92.png,true,true,true,true,expert_human_reviewer,2026-10-05,probe,jpeg_compression,(same as original)
gqa-2392001,What is the picture showing?,jpeg_quality_98,F:\Sadik\semantic-causal-pathway\.venv\data\vqa_v2\variants\gqa-2392001__jpeg_quality_98.png,true,true,true,true,expert_human_reviewer,2026-10-05,probe,jpeg_compression,(same as original)
gqa-2392001,What is the picture showing?,translate_left_2pct,F:\Sadik\semantic-causal-pathway\.venv\data\vqa_v2\variants\gqa-2392001__translate_left_2pct.png,true,true,true,true,expert_human_reviewer,2026-10-05,heldout,translation,variants/masks/gqa-2392001__translate_left_2pct.png
gqa-2392001,What is the picture showing?,translate_right_2pct,F:\Sadik\semantic-causal-pathway\.venv\data\vqa_v2\variants\gqa-2392001__translate_right_2pct.png,true,true,true,true,expert_human_reviewer,2026-10-05,heldout,translation,variants/masks/gqa-2392001__translate_right_2pct.png
gqa-2392001,What is the picture showing?,translate_up_2pct,F:\Sadik\semantic-causal-pathway\.venv\data\vqa_v2\variants\gqa-2392001__translate_up_2pct.png,false,false,false,true,expert_human_reviewer,2026-10-05,,translation,variants/masks/gqa-2392001__translate_up_2pct.png
gqa-2392001,What is the picture showing?,translate_down_2pct,F:\Sadik\semantic-causal-pathway\.venv\data\vqa_v2\variants\gqa-2392001__translate_down_2pct.png,false,false,false,true,expert_human_reviewer,2026-10-05,,translation,variants/masks/gqa-2392001__translate_down_2pct.png
gqa-2392001,What is the picture showing?,background_blur,F:\Sadik\semantic-causal-pathway\.venv\data\vqa_v2\variants\gqa-2392001__background_blur.png,false,false,false,true,expert_human_reviewer,2026-10-05,,background_edit,(same as original)
gqa-2392001,What is the picture showing?,background_neutral,F:\Sadik\semantic-causal-pathway\.venv\data\vqa_v2\variants\gqa-2392001__background_neutral.png,false,false,false,true,expert_human_reviewer,2026-10-05,,background_edit,(same as original)
gqa-2392001,What is the picture showing?,jpeg_quality_10,F:\Sadik\semantic-causal-pathway\.venv\data\vqa_v2\variants\gqa-2392001__jpeg_quality_10.png,false,false,false,true,expert_human_reviewer,2026-10-05,,jpeg_compression,(rejected)
gqa-2392001,What is the picture showing?,jpeg_quality_20,F:\Sadik\semantic-causal-pathway\.venv\data\vqa_v2\variants\gqa-2392001__jpeg_quality_20.png,false,false,false,true,expert_human_reviewer,2026-10-05,,jpeg_compression,(rejected)
gqa-2392001,What is the picture showing?,translate_left_15pct,F:\Sadik\semantic-causal-pathway\.venv\data\vqa_v2\variants\gqa-2392001__translate_left_15pct.png,false,false,false,true,expert_human_reviewer,2026-10-05,,translation,(rejected)
gqa-2392001,What is the picture showing?,contrast_2.0,F:\Sadik\semantic-causal-pathway\.venv\data\vqa_v2\variants\gqa-2392001__contrast_2.0.png,false,false,false,true,expert_human_reviewer,2026-10-05,,unclassified,(rejected)
gqa-2334745,What is in the white container?,brightness_0.97,F:\Sadik\semantic-causal-pathway\.venv\data\vqa_v2\variants\gqa-2334745__brightness_0.97.png,false,false,false,true,expert_human_reviewer,2026-10-05,,photometric,(same as original)
gqa-2334745,What is in the white container?,contrast_1.03,F:\Sadik\semantic-causal-pathway\.venv\data\vqa_v2\variants\gqa-2334745__contrast_1.03.png,false,false,false,true,expert_human_reviewer,2026-10-05,,photometric,(same as original)
gqa-2334745,What is in the white container?,jpeg_quality_92,F:\Sadik\semantic-causal-pathway\.venv\data\vqa_v2\variants\gqa-2334745__jpeg_quality_92.png,true,true,true,true,expert_human_reviewer,2026-10-05,probe,jpeg_compression,(same as original)
gqa-2334745,What is in the white container?,jpeg_quality_98,F:\Sadik\semantic-causal-pathway\.venv\data\vqa_v2\variants\gqa-2334745__jpeg_quality_98.png,true,true,true,true,expert_human_reviewer,2026-10-05,probe,jpeg_compression,(same as original)
gqa-2334745,What is in the white container?,translate_left_2pct,F:\Sadik\semantic-causal-pathway\.venv\data\vqa_v2\variants\gqa-2334745__translate_left_2pct.png,true,true,true,true,expert_human_reviewer,2026-10-05,heldout,translation,variants/masks/gqa-2334745__translate_left_2pct.png
gqa-2334745,What is in the white container?,translate_right_2pct,F:\Sadik\semantic-causal-pathway\.venv\data\vqa_v2\variants\gqa-2334745__translate_right_2pct.png,true,true,true,true,expert_human_reviewer,2026-10-05,heldout,translation,variants/masks/gqa-2334745__translate_right_2pct.png
gqa-2334745,What is in the white container?,translate_up_2pct,F:\Sadik\semantic-causal-pathway\.venv\data\vqa_v2\variants\gqa-2334745__translate_up_2pct.png,false,false,false,true,expert_human_reviewer,2026-10-05,,translation,variants/masks/gqa-2334745__translate_up_2pct.png
gqa-2334745,What is in the white container?,translate_down_2pct,F:\Sadik\semantic-causal-pathway\.venv\data\vqa_v2\variants\gqa-2334745__translate_down_2pct.png,false,false,false,true,expert_human_reviewer,2026-10-05,,translation,variants/masks/gqa-2334745__translate_down_2pct.png
gqa-2334745,What is in the white container?,background_blur,F:\Sadik\semantic-causal-pathway\.venv\data\vqa_v2\variants\gqa-2334745__background_blur.png,false,false,false,true,expert_human_reviewer,2026-10-05,,background_edit,(same as original)
gqa-2334745,What is in the white container?,background_neutral,F:\Sadik\semantic-causal-pathway\.venv\data\vqa_v2\variants\gqa-2334745__background_neutral.png,false,false,false,true,expert_human_reviewer,2026-10-05,,background_edit,(same as original)
gqa-2334745,What is in the white container?,jpeg_quality_10,F:\Sadik\semantic-causal-pathway\.venv\data\vqa_v2\variants\gqa-2334745__jpeg_quality_10.png,false,false,false,true,expert_human_reviewer,2026-10-05,,jpeg_compression,(rejected)
gqa-2334745,What is in the white container?,jpeg_quality_20,F:\Sadik\semantic-causal-pathway\.venv\data\vqa_v2\variants\gqa-2334745__jpeg_quality_20.png,false,false,false,true,expert_human_reviewer,2026-10-05,,jpeg_compression,(rejected)
gqa-2334745,What is in the white container?,translate_left_15pct,F:\Sadik\semantic-causal-pathway\.venv\data\vqa_v2\variants\gqa-2334745__translate_left_15pct.png,false,false,false,true,expert_human_reviewer,2026-10-05,,translation,(rejected)
gqa-2334745,What is in the white container?,contrast_2.0,F:\Sadik\semantic-causal-pathway\.venv\data\vqa_v2\variants\gqa-2334745__contrast_2.0.png,false,false,false,true,expert_human_reviewer,2026-10-05,,unclassified,(rejected)
gqa-2379466,Are there both a knife and a cake in the image?,brightness_0.97,F:\Sadik\semantic-causal-pathway\.venv\data\vqa_v2\variants\gqa-2379466__brightness_0.97.png,false,false,false,true,expert_human_reviewer,2026-10-05,,photometric,(same as original)
gqa-2379466,Are there both a knife and a cake in the image?,contrast_1.03,F:\Sadik\semantic-causal-pathway\.venv\data\vqa_v2\variants\gqa-2379466__contrast_1.03.png,false,false,false,true,expert_human_reviewer,2026-10-05,,photometric,(same as original)
gqa-2379466,Are there both a knife and a cake in the image?,jpeg_quality_92,F:\Sadik\semantic-causal-pathway\.venv\data\vqa_v2\variants\gqa-2379466__jpeg_quality_92.png,true,true,true,true,expert_human_reviewer,2026-10-05,probe,jpeg_compression,(same as original)
gqa-2379466,Are there both a knife and a cake in the image?,jpeg_quality_98,F:\Sadik\semantic-causal-pathway\.venv\data\vqa_v2\variants\gqa-2379466__jpeg_quality_98.png,true,true,true,true,expert_human_reviewer,2026-10-05,probe,jpeg_compression,(same as original)
gqa-2379466,Are there both a knife and a cake in the image?,translate_left_2pct,F:\Sadik\semantic-causal-pathway\.venv\data\vqa_v2\variants\gqa-2379466__translate_left_2pct.png,true,true,true,true,expert_human_reviewer,2026-10-05,heldout,translation,variants/masks/gqa-2379466__translate_left_2pct.png
gqa-2379466,Are there both a knife and a cake in the image?,translate_right_2pct,F:\Sadik\semantic-causal-pathway\.venv\data\vqa_v2\variants\gqa-2379466__translate_right_2pct.png,true,true,true,true,expert_human_reviewer,2026-10-05,heldout,translation,variants/masks/gqa-2379466__translate_right_2pct.png
gqa-2379466,Are there both a knife and a cake in the image?,translate_up_2pct,F:\Sadik\semantic-causal-pathway\.venv\data\vqa_v2\variants\gqa-2379466__translate_up_2pct.png,false,false,false,true,expert_human_reviewer,2026-10-05,,translation,variants/masks/gqa-2379466__translate_up_2pct.png
gqa-2379466,Are there both a knife and a cake in the image?,translate_down_2pct,F:\Sadik\semantic-causal-pathway\.venv\data\vqa_v2\variants\gqa-2379466__translate_down_2pct.png,false,false,false,true,expert_human_reviewer,2026-10-05,,translation,variants/masks/gqa-2379466__translate_down_2pct.png
gqa-2379466,Are there both a knife and a cake in the image?,background_blur,F:\Sadik\semantic-causal-pathway\.venv\data\vqa_v2\variants\gqa-2379466__background_blur.png,false,false,false,true,expert_human_reviewer,2026-10-05,,background_edit,(same as original)
gqa-2379466,Are there both a knife and a cake in the image?,background_neutral,F:\Sadik\semantic-causal-pathway\.venv\data\vqa_v2\variants\gqa-2379466__background_neutral.png,false,false,false,true,expert_human_reviewer,2026-10-05,,background_edit,(same as original)
gqa-2379466,Are there both a knife and a cake in the image?,jpeg_quality_10,F:\Sadik\semantic-causal-pathway\.venv\data\vqa_v2\variants\gqa-2379466__jpeg_quality_10.png,false,false,false,true,expert_human_reviewer,2026-10-05,,jpeg_compression,(rejected)
gqa-2379466,Are there both a knife and a cake in the image?,jpeg_quality_20,F:\Sadik\semantic-causal-pathway\.venv\data\vqa_v2\variants\gqa-2379466__jpeg_quality_20.png,false,false,false,true,expert_human_reviewer,2026-10-05,,jpeg_compression,(rejected)
gqa-2379466,Are there both a knife and a cake in the image?,translate_left_15pct,F:\Sadik\semantic-causal-pathway\.venv\data\vqa_v2\variants\gqa-2379466__translate_left_15pct.png,false,false,false,true,expert_human_reviewer,2026-10-05,,translation,(rejected)
gqa-2379466,Are there both a knife and a cake in the image?,contrast_2.0,F:\Sadik\semantic-causal-pathway\.venv\data\vqa_v2\variants\gqa-2379466__contrast_2.0.png,false,false,false,true,expert_human_reviewer,2026-10-05,,unclassified,(rejected)
vqav2-478798,Where is the Barbie Computer toy?,brightness_0.97,F:\Sadik\semantic-causal-pathway\.venv\data\vqa_v2\variants\vqav2-478798__brightness_0.97.png,false,false,false,true,expert_human_reviewer,2026-10-05,,photometric,(same as original)
vqav2-478798,Where is the Barbie Computer toy?,contrast_1.03,F:\Sadik\semantic-causal-pathway\.venv\data\vqa_v2\variants\vqav2-478798__contrast_1.03.png,false,false,false,true,expert_human_reviewer,2026-10-05,,photometric,(same as original)
vqav2-478798,Where is the Barbie Computer toy?,jpeg_quality_92,F:\Sadik\semantic-causal-pathway\.venv\data\vqa_v2\variants\vqav2-478798__jpeg_quality_92.png,true,true,true,true,expert_human_reviewer,2026-10-05,probe,jpeg_compression,(same as original)
vqav2-478798,Where is the Barbie Computer toy?,jpeg_quality_98,F:\Sadik\semantic-causal-pathway\.venv\data\vqa_v2\variants\vqav2-478798__jpeg_quality_98.png,true,true,true,true,expert_human_reviewer,2026-10-05,probe,jpeg_compression,(same as original)
vqav2-478798,Where is the Barbie Computer toy?,translate_left_2pct,F:\Sadik\semantic-causal-pathway\.venv\data\vqa_v2\variants\vqav2-478798__translate_left_2pct.png,true,true,true,true,expert_human_reviewer,2026-10-05,heldout,translation,variants/masks/vqav2-478798__translate_left_2pct.png
vqav2-478798,Where is the Barbie Computer toy?,translate_right_2pct,F:\Sadik\semantic-causal-pathway\.venv\data\vqa_v2\variants\vqav2-478798__translate_right_2pct.png,true,true,true,true,expert_human_reviewer,2026-10-05,heldout,translation,variants/masks/vqav2-478798__translate_right_2pct.png
vqav2-478798,Where is the Barbie Computer toy?,translate_up_2pct,F:\Sadik\semantic-causal-pathway\.venv\data\vqa_v2\variants\vqav2-478798__translate_up_2pct.png,false,false,false,true,expert_human_reviewer,2026-10-05,,translation,variants/masks/vqav2-478798__translate_up_2pct.png
vqav2-478798,Where is the Barbie Computer toy?,translate_down_2pct,F:\Sadik\semantic-causal-pathway\.venv\data\vqa_v2\variants\vqav2-478798__translate_down_2pct.png,false,false,false,true,expert_human_reviewer,2026-10-05,,translation,variants/masks/vqav2-478798__translate_down_2pct.png
vqav2-478798,Where is the Barbie Computer toy?,background_blur,F:\Sadik\semantic-causal-pathway\.venv\data\vqa_v2\variants\vqav2-478798__background_blur.png,false,false,false,true,expert_human_reviewer,2026-10-05,,background_edit,(same as original)
vqav2-478798,Where is the Barbie Computer toy?,background_neutral,F:\Sadik\semantic-causal-pathway\.venv\data\vqa_v2\variants\vqav2-478798__background_neutral.png,false,false,false,true,expert_human_reviewer,2026-10-05,,background_edit,(same as original)
vqav2-478798,Where is the Barbie Computer toy?,jpeg_quality_10,F:\Sadik\semantic-causal-pathway\.venv\data\vqa_v2\variants\vqav2-478798__jpeg_quality_10.png,false,false,false,true,expert_human_reviewer,2026-10-05,,jpeg_compression,(rejected)
vqav2-478798,Where is the Barbie Computer toy?,jpeg_quality_20,F:\Sadik\semantic-causal-pathway\.venv\data\vqa_v2\variants\vqav2-478798__jpeg_quality_20.png,false,false,false,true,expert_human_reviewer,2026-10-05,,jpeg_compression,(rejected)
vqav2-478798,Where is the Barbie Computer toy?,translate_left_15pct,F:\Sadik\semantic-causal-pathway\.venv\data\vqa_v2\variants\vqav2-478798__translate_left_15pct.png,false,false,false,true,expert_human_reviewer,2026-10-05,,translation,(rejected)
vqav2-478798,Where is the Barbie Computer toy?,contrast_2.0,F:\Sadik\semantic-causal-pathway\.venv\data\vqa_v2\variants\vqav2-478798__contrast_2.0.png,false,false,false,true,expert_human_reviewer,2026-10-05,,unclassified,(rejected)
gqa-2406874,Is the animal that is young white and baby?,brightness_0.97,F:\Sadik\semantic-causal-pathway\.venv\data\vqa_v2\variants\gqa-2406874__brightness_0.97.png,false,false,false,true,expert_human_reviewer,2026-10-05,,photometric,(same as original)
gqa-2406874,Is the animal that is young white and baby?,contrast_1.03,F:\Sadik\semantic-causal-pathway\.venv\data\vqa_v2\variants\gqa-2406874__contrast_1.03.png,false,false,false,true,expert_human_reviewer,2026-10-05,,photometric,(same as original)
gqa-2406874,Is the animal that is young white and baby?,jpeg_quality_92,F:\Sadik\semantic-causal-pathway\.venv\data\vqa_v2\variants\gqa-2406874__jpeg_quality_92.png,true,true,true,true,expert_human_reviewer,2026-10-05,probe,jpeg_compression,(same as original)
gqa-2406874,Is the animal that is young white and baby?,jpeg_quality_98,F:\Sadik\semantic-causal-pathway\.venv\data\vqa_v2\variants\gqa-2406874__jpeg_quality_98.png,true,true,true,true,expert_human_reviewer,2026-10-05,probe,jpeg_compression,(same as original)
gqa-2406874,Is the animal that is young white and baby?,translate_left_2pct,F:\Sadik\semantic-causal-pathway\.venv\data\vqa_v2\variants\gqa-2406874__translate_left_2pct.png,true,true,true,true,expert_human_reviewer,2026-10-05,heldout,translation,variants/masks/gqa-2406874__translate_left_2pct.png
gqa-2406874,Is the animal that is young white and baby?,translate_right_2pct,F:\Sadik\semantic-causal-pathway\.venv\data\vqa_v2\variants\gqa-2406874__translate_right_2pct.png,true,true,true,true,expert_human_reviewer,2026-10-05,heldout,translation,variants/masks/gqa-2406874__translate_right_2pct.png
gqa-2406874,Is the animal that is young white and baby?,translate_up_2pct,F:\Sadik\semantic-causal-pathway\.venv\data\vqa_v2\variants\gqa-2406874__translate_up_2pct.png,false,false,false,true,expert_human_reviewer,2026-10-05,,translation,variants/masks/gqa-2406874__translate_up_2pct.png
gqa-2406874,Is the animal that is young white and baby?,translate_down_2pct,F:\Sadik\semantic-causal-pathway\.venv\data\vqa_v2\variants\gqa-2406874__translate_down_2pct.png,false,false,false,true,expert_human_reviewer,2026-10-05,,translation,variants/masks/gqa-2406874__translate_down_2pct.png
gqa-2406874,Is the animal that is young white and baby?,background_blur,F:\Sadik\semantic-causal-pathway\.venv\data\vqa_v2\variants\gqa-2406874__background_blur.png,false,false,false,true,expert_human_reviewer,2026-10-05,,background_edit,(same as original)
gqa-2406874,Is the animal that is young white and baby?,background_neutral,F:\Sadik\semantic-causal-pathway\.venv\data\vqa_v2\variants\gqa-2406874__background_neutral.png,false,false,false,true,expert_human_reviewer,2026-10-05,,background_edit,(same as original)
gqa-2406874,Is the animal that is young white and baby?,jpeg_quality_10,F:\Sadik\semantic-causal-pathway\.venv\data\vqa_v2\variants\gqa-2406874__jpeg_quality_10.png,false,false,false,true,expert_human_reviewer,2026-10-05,,jpeg_compression,(rejected)
gqa-2406874,Is the animal that is young white and baby?,jpeg_quality_20,F:\Sadik\semantic-causal-pathway\.venv\data\vqa_v2\variants\gqa-2406874__jpeg_quality_20.png,false,false,false,true,expert_human_reviewer,2026-10-05,,jpeg_compression,(rejected)
gqa-2406874,Is the animal that is young white and baby?,translate_left_15pct,F:\Sadik\semantic-causal-pathway\.venv\data\vqa_v2\variants\gqa-2406874__translate_left_15pct.png,false,false,false,true,expert_human_reviewer,2026-10-05,,translation,(rejected)
gqa-2406874,Is the animal that is young white and baby?,contrast_2.0,F:\Sadik\semantic-causal-pathway\.venv\data\vqa_v2\variants\gqa-2406874__contrast_2.0.png,false,false,false,true,expert_human_reviewer,2026-10-05,,unclassified,(rejected)
gqa-2401032,What is on the sign that is on the pole?,brightness_0.97,F:\Sadik\semantic-causal-pathway\.venv\data\vqa_v2\variants\gqa-2401032__brightness_0.97.png,false,false,false,true,expert_human_reviewer,2026-10-05,,photometric,(same as original)
gqa-2401032,What is on the sign that is on the pole?,contrast_1.03,F:\Sadik\semantic-causal-pathway\.venv\data\vqa_v2\variants\gqa-2401032__contrast_1.03.png,false,false,false,true,expert_human_reviewer,2026-10-05,,photometric,(same as original)
gqa-2401032,What is on the sign that is on the pole?,jpeg_quality_92,F:\Sadik\semantic-causal-pathway\.venv\data\vqa_v2\variants\gqa-2401032__jpeg_quality_92.png,true,true,true,true,expert_human_reviewer,2026-10-05,probe,jpeg_compression,(same as original)
gqa-2401032,What is on the sign that is on the pole?,jpeg_quality_98,F:\Sadik\semantic-causal-pathway\.venv\data\vqa_v2\variants\gqa-2401032__jpeg_quality_98.png,true,true,true,true,expert_human_reviewer,2026-10-05,probe,jpeg_compression,(same as original)
gqa-2401032,What is on the sign that is on the pole?,translate_left_2pct,F:\Sadik\semantic-causal-pathway\.venv\data\vqa_v2\variants\gqa-2401032__translate_left_2pct.png,true,true,true,true,expert_human_reviewer,2026-10-05,heldout,translation,variants/masks/gqa-2401032__translate_left_2pct.png
gqa-2401032,What is on the sign that is on the pole?,translate_right_2pct,F:\Sadik\semantic-causal-pathway\.venv\data\vqa_v2\variants\gqa-2401032__translate_right_2pct.png,true,true,true,true,expert_human_reviewer,2026-10-05,heldout,translation,variants/masks/gqa-2401032__translate_right_2pct.png
gqa-2401032,What is on the sign that is on the pole?,translate_up_2pct,F:\Sadik\semantic-causal-pathway\.venv\data\vqa_v2\variants\gqa-2401032__translate_up_2pct.png,false,false,false,true,expert_human_reviewer,2026-10-05,,translation,variants/masks/gqa-2401032__translate_up_2pct.png
gqa-2401032,What is on the sign that is on the pole?,translate_down_2pct,F:\Sadik\semantic-causal-pathway\.venv\data\vqa_v2\variants\gqa-2401032__translate_down_2pct.png,false,false,false,true,expert_human_reviewer,2026-10-05,,translation,variants/masks/gqa-2401032__translate_down_2pct.png
gqa-2401032,What is on the sign that is on the pole?,background_blur,F:\Sadik\semantic-causal-pathway\.venv\data\vqa_v2\variants\gqa-2401032__background_blur.png,false,false,false,true,expert_human_reviewer,2026-10-05,,background_edit,(same as original)
gqa-2401032,What is on the sign that is on the pole?,background_neutral,F:\Sadik\semantic-causal-pathway\.venv\data\vqa_v2\variants\gqa-2401032__background_neutral.png,false,false,false,true,expert_human_reviewer,2026-10-05,,background_edit,(same as original)
gqa-2401032,What is on the sign that is on the pole?,jpeg_quality_10,F:\Sadik\semantic-causal-pathway\.venv\data\vqa_v2\variants\gqa-2401032__jpeg_quality_10.png,false,false,false,true,expert_human_reviewer,2026-10-05,,jpeg_compression,(rejected)
gqa-2401032,What is on the sign that is on the pole?,jpeg_quality_20,F:\Sadik\semantic-causal-pathway\.venv\data\vqa_v2\variants\gqa-2401032__jpeg_quality_20.png,false,false,false,true,expert_human_reviewer,2026-10-05,,jpeg_compression,(rejected)
gqa-2401032,What is on the sign that is on the pole?,translate_left_15pct,F:\Sadik\semantic-causal-pathway\.venv\data\vqa_v2\variants\gqa-2401032__translate_left_15pct.png,false,false,false,true,expert_human_reviewer,2026-10-05,,translation,(rejected)
gqa-2401032,What is on the sign that is on the pole?,contrast_2.0,F:\Sadik\semantic-causal-pathway\.venv\data\vqa_v2\variants\gqa-2401032__contrast_2.0.png,false,false,false,true,expert_human_reviewer,2026-10-05,,unclassified,(rejected)
gqa-2350736,"What device is black, the screen or the cell phone?",brightness_0.97,F:\Sadik\semantic-causal-pathway\.venv\data\vqa_v2\variants\gqa-2350736__brightness_0.97.png,false,false,false,true,expert_human_reviewer,2026-10-05,,photometric,(same as original)
gqa-2350736,"What device is black, the screen or the cell phone?",contrast_1.03,F:\Sadik\semantic-causal-pathway\.venv\data\vqa_v2\variants\gqa-2350736__contrast_1.03.png,false,false,false,true,expert_human_reviewer,2026-10-05,,photometric,(same as original)
gqa-2350736,"What device is black, the screen or the cell phone?",jpeg_quality_92,F:\Sadik\semantic-causal-pathway\.venv\data\vqa_v2\variants\gqa-2350736__jpeg_quality_92.png,true,true,true,true,expert_human_reviewer,2026-10-05,probe,jpeg_compression,(same as original)
gqa-2350736,"What device is black, the screen or the cell phone?",jpeg_quality_98,F:\Sadik\semantic-causal-pathway\.venv\data\vqa_v2\variants\gqa-2350736__jpeg_quality_98.png,true,true,true,true,expert_human_reviewer,2026-10-05,probe,jpeg_compression,(same as original)
gqa-2350736,"What device is black, the screen or the cell phone?",translate_left_2pct,F:\Sadik\semantic-causal-pathway\.venv\data\vqa_v2\variants\gqa-2350736__translate_left_2pct.png,true,true,true,true,expert_human_reviewer,2026-10-05,heldout,translation,variants/masks/gqa-2350736__translate_left_2pct.png
gqa-2350736,"What device is black, the screen or the cell phone?",translate_right_2pct,F:\Sadik\semantic-causal-pathway\.venv\data\vqa_v2\variants\gqa-2350736__translate_right_2pct.png,true,true,true,true,expert_human_reviewer,2026-10-05,heldout,translation,variants/masks/gqa-2350736__translate_right_2pct.png
gqa-2350736,"What device is black, the screen or the cell phone?",translate_up_2pct,F:\Sadik\semantic-causal-pathway\.venv\data\vqa_v2\variants\gqa-2350736__translate_up_2pct.png,false,false,false,true,expert_human_reviewer,2026-10-05,,translation,variants/masks/gqa-2350736__translate_up_2pct.png
gqa-2350736,"What device is black, the screen or the cell phone?",translate_down_2pct,F:\Sadik\semantic-causal-pathway\.venv\data\vqa_v2\variants\gqa-2350736__translate_down_2pct.png,false,false,false,true,expert_human_reviewer,2026-10-05,,translation,variants/masks/gqa-2350736__translate_down_2pct.png
gqa-2350736,"What device is black, the screen or the cell phone?",background_blur,F:\Sadik\semantic-causal-pathway\.venv\data\vqa_v2\variants\gqa-2350736__background_blur.png,false,false,false,true,expert_human_reviewer,2026-10-05,,background_edit,(same as original)
gqa-2350736,"What device is black, the screen or the cell phone?",background_neutral,F:\Sadik\semantic-causal-pathway\.venv\data\vqa_v2\variants\gqa-2350736__background_neutral.png,false,false,false,true,expert_human_reviewer,2026-10-05,,background_edit,(same as original)
gqa-2350736,"What device is black, the screen or the cell phone?",jpeg_quality_10,F:\Sadik\semantic-causal-pathway\.venv\data\vqa_v2\variants\gqa-2350736__jpeg_quality_10.png,false,false,false,true,expert_human_reviewer,2026-10-05,,jpeg_compression,(rejected)
gqa-2350736,"What device is black, the screen or the cell phone?",jpeg_quality_20,F:\Sadik\semantic-causal-pathway\.venv\data\vqa_v2\variants\gqa-2350736__jpeg_quality_20.png,false,false,false,true,expert_human_reviewer,2026-10-05,,jpeg_compression,(rejected)
gqa-2350736,"What device is black, the screen or the cell phone?",translate_left_15pct,F:\Sadik\semantic-causal-pathway\.venv\data\vqa_v2\variants\gqa-2350736__translate_left_15pct.png,false,false,false,true,expert_human_reviewer,2026-10-05,,translation,(rejected)
gqa-2350736,"What device is black, the screen or the cell phone?",contrast_2.0,F:\Sadik\semantic-causal-pathway\.venv\data\vqa_v2\variants\gqa-2350736__contrast_2.0.png,false,false,false,true,expert_human_reviewer,2026-10-05,,unclassified,(rejected)
gqa-2331481,What kind of animal is walking on the road?,brightness_0.97,F:\Sadik\semantic-causal-pathway\.venv\data\vqa_v2\variants\gqa-2331481__brightness_0.97.png,false,false,false,true,expert_human_reviewer,2026-10-05,,photometric,(same as original)
gqa-2331481,What kind of animal is walking on the road?,contrast_1.03,F:\Sadik\semantic-causal-pathway\.venv\data\vqa_v2\variants\gqa-2331481__contrast_1.03.png,false,false,false,true,expert_human_reviewer,2026-10-05,,photometric,(same as original)
gqa-2331481,What kind of animal is walking on the road?,jpeg_quality_92,F:\Sadik\semantic-causal-pathway\.venv\data\vqa_v2\variants\gqa-2331481__jpeg_quality_92.png,true,true,true,true,expert_human_reviewer,2026-10-05,probe,jpeg_compression,(same as original)
gqa-2331481,What kind of animal is walking on the road?,jpeg_quality_98,F:\Sadik\semantic-causal-pathway\.venv\data\vqa_v2\variants\gqa-2331481__jpeg_quality_98.png,true,true,true,true,expert_human_reviewer,2026-10-05,probe,jpeg_compression,(same as original)
gqa-2331481,What kind of animal is walking on the road?,translate_left_2pct,F:\Sadik\semantic-causal-pathway\.venv\data\vqa_v2\variants\gqa-2331481__translate_left_2pct.png,true,true,true,true,expert_human_reviewer,2026-10-05,heldout,translation,variants/masks/gqa-2331481__translate_left_2pct.png
gqa-2331481,What kind of animal is walking on the road?,translate_right_2pct,F:\Sadik\semantic-causal-pathway\.venv\data\vqa_v2\variants\gqa-2331481__translate_right_2pct.png,true,true,true,true,expert_human_reviewer,2026-10-05,heldout,translation,variants/masks/gqa-2331481__translate_right_2pct.png
gqa-2331481,What kind of animal is walking on the road?,translate_up_2pct,F:\Sadik\semantic-causal-pathway\.venv\data\vqa_v2\variants\gqa-2331481__translate_up_2pct.png,false,false,false,true,expert_human_reviewer,2026-10-05,,translation,variants/masks/gqa-2331481__translate_up_2pct.png
gqa-2331481,What kind of animal is walking on the road?,translate_down_2pct,F:\Sadik\semantic-causal-pathway\.venv\data\vqa_v2\variants\gqa-2331481__translate_down_2pct.png,false,false,false,true,expert_human_reviewer,2026-10-05,,translation,variants/masks/gqa-2331481__translate_down_2pct.png
gqa-2331481,What kind of animal is walking on the road?,background_blur,F:\Sadik\semantic-causal-pathway\.venv\data\vqa_v2\variants\gqa-2331481__background_blur.png,false,false,false,true,expert_human_reviewer,2026-10-05,,background_edit,(same as original)
gqa-2331481,What kind of animal is walking on the road?,background_neutral,F:\Sadik\semantic-causal-pathway\.venv\data\vqa_v2\variants\gqa-2331481__background_neutral.png,false,false,false,true,expert_human_reviewer,2026-10-05,,background_edit,(same as original)
gqa-2331481,What kind of animal is walking on the road?,jpeg_quality_10,F:\Sadik\semantic-causal-pathway\.venv\data\vqa_v2\variants\gqa-2331481__jpeg_quality_10.png,false,false,false,true,expert_human_reviewer,2026-10-05,,jpeg_compression,(rejected)
gqa-2331481,What kind of animal is walking on the road?,jpeg_quality_20,F:\Sadik\semantic-causal-pathway\.venv\data\vqa_v2\variants\gqa-2331481__jpeg_quality_20.png,false,false,false,true,expert_human_reviewer,2026-10-05,,jpeg_compression,(rejected)
gqa-2331481,What kind of animal is walking on the road?,translate_left_15pct,F:\Sadik\semantic-causal-pathway\.venv\data\vqa_v2\variants\gqa-2331481__translate_left_15pct.png,false,false,false,true,expert_human_reviewer,2026-10-05,,translation,(rejected)
gqa-2331481,What kind of animal is walking on the road?,contrast_2.0,F:\Sadik\semantic-causal-pathway\.venv\data\vqa_v2\variants\gqa-2331481__contrast_2.0.png,false,false,false,true,expert_human_reviewer,2026-10-05,,unclassified,(rejected)
gqa-2356679,What are the train tracks surrounded by?,brightness_0.97,F:\Sadik\semantic-causal-pathway\.venv\data\vqa_v2\variants\gqa-2356679__brightness_0.97.png,false,false,false,true,expert_human_reviewer,2026-10-05,,photometric,(same as original)
gqa-2356679,What are the train tracks surrounded by?,contrast_1.03,F:\Sadik\semantic-causal-pathway\.venv\data\vqa_v2\variants\gqa-2356679__contrast_1.03.png,false,false,false,true,expert_human_reviewer,2026-10-05,,photometric,(same as original)
gqa-2356679,What are the train tracks surrounded by?,jpeg_quality_92,F:\Sadik\semantic-causal-pathway\.venv\data\vqa_v2\variants\gqa-2356679__jpeg_quality_92.png,true,true,true,true,expert_human_reviewer,2026-10-05,probe,jpeg_compression,(same as original)
gqa-2356679,What are the train tracks surrounded by?,jpeg_quality_98,F:\Sadik\semantic-causal-pathway\.venv\data\vqa_v2\variants\gqa-2356679__jpeg_quality_98.png,true,true,true,true,expert_human_reviewer,2026-10-05,probe,jpeg_compression,(same as original)
gqa-2356679,What are the train tracks surrounded by?,translate_left_2pct,F:\Sadik\semantic-causal-pathway\.venv\data\vqa_v2\variants\gqa-2356679__translate_left_2pct.png,true,true,true,true,expert_human_reviewer,2026-10-05,heldout,translation,variants/masks/gqa-2356679__translate_left_2pct.png
gqa-2356679,What are the train tracks surrounded by?,translate_right_2pct,F:\Sadik\semantic-causal-pathway\.venv\data\vqa_v2\variants\gqa-2356679__translate_right_2pct.png,true,true,true,true,expert_human_reviewer,2026-10-05,heldout,translation,variants/masks/gqa-2356679__translate_right_2pct.png
gqa-2356679,What are the train tracks surrounded by?,translate_up_2pct,F:\Sadik\semantic-causal-pathway\.venv\data\vqa_v2\variants\gqa-2356679__translate_up_2pct.png,false,false,false,true,expert_human_reviewer,2026-10-05,,translation,variants/masks/gqa-2356679__translate_up_2pct.png
gqa-2356679,What are the train tracks surrounded by?,translate_down_2pct,F:\Sadik\semantic-causal-pathway\.venv\data\vqa_v2\variants\gqa-2356679__translate_down_2pct.png,false,false,false,true,expert_human_reviewer,2026-10-05,,translation,variants/masks/gqa-2356679__translate_down_2pct.png
gqa-2356679,What are the train tracks surrounded by?,background_blur,F:\Sadik\semantic-causal-pathway\.venv\data\vqa_v2\variants\gqa-2356679__background_blur.png,false,false,false,true,expert_human_reviewer,2026-10-05,,background_edit,(same as original)
gqa-2356679,What are the train tracks surrounded by?,background_neutral,F:\Sadik\semantic-causal-pathway\.venv\data\vqa_v2\variants\gqa-2356679__background_neutral.png,false,false,false,true,expert_human_reviewer,2026-10-05,,background_edit,(same as original)
gqa-2356679,What are the train tracks surrounded by?,jpeg_quality_10,F:\Sadik\semantic-causal-pathway\.venv\data\vqa_v2\variants\gqa-2356679__jpeg_quality_10.png,false,false,false,true,expert_human_reviewer,2026-10-05,,jpeg_compression,(rejected)
gqa-2356679,What are the train tracks surrounded by?,jpeg_quality_20,F:\Sadik\semantic-causal-pathway\.venv\data\vqa_v2\variants\gqa-2356679__jpeg_quality_20.png,false,false,false,true,expert_human_reviewer,2026-10-05,,jpeg_compression,(rejected)
gqa-2356679,What are the train tracks surrounded by?,translate_left_15pct,F:\Sadik\semantic-causal-pathway\.venv\data\vqa_v2\variants\gqa-2356679__translate_left_15pct.png,false,false,false,true,expert_human_reviewer,2026-10-05,,translation,(rejected)
gqa-2356679,What are the train tracks surrounded by?,contrast_2.0,F:\Sadik\semantic-causal-pathway\.venv\data\vqa_v2\variants\gqa-2356679__contrast_2.0.png,false,false,false,true,expert_human_reviewer,2026-10-05,,unclassified,(rejected)
vqav2-282231,What sport does he participate in?,brightness_0.97,F:\Sadik\semantic-causal-pathway\.venv\data\vqa_v2\variants\vqav2-282231__brightness_0.97.png,false,false,false,true,expert_human_reviewer,2026-10-05,,photometric,(same as original)
vqav2-282231,What sport does he participate in?,contrast_1.03,F:\Sadik\semantic-causal-pathway\.venv\data\vqa_v2\variants\vqav2-282231__contrast_1.03.png,false,false,false,true,expert_human_reviewer,2026-10-05,,photometric,(same as original)
vqav2-282231,What sport does he participate in?,jpeg_quality_92,F:\Sadik\semantic-causal-pathway\.venv\data\vqa_v2\variants\vqav2-282231__jpeg_quality_92.png,true,true,true,true,expert_human_reviewer,2026-10-05,probe,jpeg_compression,(same as original)
vqav2-282231,What sport does he participate in?,jpeg_quality_98,F:\Sadik\semantic-causal-pathway\.venv\data\vqa_v2\variants\vqav2-282231__jpeg_quality_98.png,true,true,true,true,expert_human_reviewer,2026-10-05,probe,jpeg_compression,(same as original)
vqav2-282231,What sport does he participate in?,translate_left_2pct,F:\Sadik\semantic-causal-pathway\.venv\data\vqa_v2\variants\vqav2-282231__translate_left_2pct.png,true,true,true,true,expert_human_reviewer,2026-10-05,heldout,translation,variants/masks/vqav2-282231__translate_left_2pct.png
vqav2-282231,What sport does he participate in?,translate_right_2pct,F:\Sadik\semantic-causal-pathway\.venv\data\vqa_v2\variants\vqav2-282231__translate_right_2pct.png,true,true,true,true,expert_human_reviewer,2026-10-05,heldout,translation,variants/masks/vqav2-282231__translate_right_2pct.png
vqav2-282231,What sport does he participate in?,translate_up_2pct,F:\Sadik\semantic-causal-pathway\.venv\data\vqa_v2\variants\vqav2-282231__translate_up_2pct.png,false,false,false,true,expert_human_reviewer,2026-10-05,,translation,variants/masks/vqav2-282231__translate_up_2pct.png
vqav2-282231,What sport does he participate in?,translate_down_2pct,F:\Sadik\semantic-causal-pathway\.venv\data\vqa_v2\variants\vqav2-282231__translate_down_2pct.png,false,false,false,true,expert_human_reviewer,2026-10-05,,translation,variants/masks/vqav2-282231__translate_down_2pct.png
vqav2-282231,What sport does he participate in?,background_blur,F:\Sadik\semantic-causal-pathway\.venv\data\vqa_v2\variants\vqav2-282231__background_blur.png,false,false,false,true,expert_human_reviewer,2026-10-05,,background_edit,(same as original)
vqav2-282231,What sport does he participate in?,background_neutral,F:\Sadik\semantic-causal-pathway\.venv\data\vqa_v2\variants\vqav2-282231__background_neutral.png,false,false,false,true,expert_human_reviewer,2026-10-05,,background_edit,(same as original)
vqav2-282231,What sport does he participate in?,jpeg_quality_10,F:\Sadik\semantic-causal-pathway\.venv\data\vqa_v2\variants\vqav2-282231__jpeg_quality_10.png,false,false,false,true,expert_human_reviewer,2026-10-05,,jpeg_compression,(rejected)
vqav2-282231,What sport does he participate in?,jpeg_quality_20,F:\Sadik\semantic-causal-pathway\.venv\data\vqa_v2\variants\vqav2-282231__jpeg_quality_20.png,false,false,false,true,expert_human_reviewer,2026-10-05,,jpeg_compression,(rejected)
vqav2-282231,What sport does he participate in?,translate_left_15pct,F:\Sadik\semantic-causal-pathway\.venv\data\vqa_v2\variants\vqav2-282231__translate_left_15pct.png,false,false,false,true,expert_human_reviewer,2026-10-05,,translation,(rejected)
vqav2-282231,What sport does he participate in?,contrast_2.0,F:\Sadik\semantic-causal-pathway\.venv\data\vqa_v2\variants\vqav2-282231__contrast_2.0.png,false,false,false,true,expert_human_reviewer,2026-10-05,,unclassified,(rejected)
vqav2-442630,What kind of season it is?,brightness_0.97,F:\Sadik\semantic-causal-pathway\.venv\data\vqa_v2\variants\vqav2-442630__brightness_0.97.png,false,false,false,true,expert_human_reviewer,2026-10-05,,photometric,(same as original)
vqav2-442630,What kind of season it is?,contrast_1.03,F:\Sadik\semantic-causal-pathway\.venv\data\vqa_v2\variants\vqav2-442630__contrast_1.03.png,false,false,false,true,expert_human_reviewer,2026-10-05,,photometric,(same as original)
vqav2-442630,What kind of season it is?,jpeg_quality_92,F:\Sadik\semantic-causal-pathway\.venv\data\vqa_v2\variants\vqav2-442630__jpeg_quality_92.png,true,true,true,true,expert_human_reviewer,2026-10-05,probe,jpeg_compression,(same as original)
vqav2-442630,What kind of season it is?,jpeg_quality_98,F:\Sadik\semantic-causal-pathway\.venv\data\vqa_v2\variants\vqav2-442630__jpeg_quality_98.png,true,true,true,true,expert_human_reviewer,2026-10-05,probe,jpeg_compression,(same as original)
vqav2-442630,What kind of season it is?,translate_left_2pct,F:\Sadik\semantic-causal-pathway\.venv\data\vqa_v2\variants\vqav2-442630__translate_left_2pct.png,true,true,true,true,expert_human_reviewer,2026-10-05,heldout,translation,variants/masks/vqav2-442630__translate_left_2pct.png
vqav2-442630,What kind of season it is?,translate_right_2pct,F:\Sadik\semantic-causal-pathway\.venv\data\vqa_v2\variants\vqav2-442630__translate_right_2pct.png,true,true,true,true,expert_human_reviewer,2026-10-05,heldout,translation,variants/masks/vqav2-442630__translate_right_2pct.png
vqav2-442630,What kind of season it is?,translate_up_2pct,F:\Sadik\semantic-causal-pathway\.venv\data\vqa_v2\variants\vqav2-442630__translate_up_2pct.png,false,false,false,true,expert_human_reviewer,2026-10-05,,translation,variants/masks/vqav2-442630__translate_up_2pct.png
vqav2-442630,What kind of season it is?,translate_down_2pct,F:\Sadik\semantic-causal-pathway\.venv\data\vqa_v2\variants\vqav2-442630__translate_down_2pct.png,false,false,false,true,expert_human_reviewer,2026-10-05,,translation,variants/masks/vqav2-442630__translate_down_2pct.png
vqav2-442630,What kind of season it is?,background_blur,F:\Sadik\semantic-causal-pathway\.venv\data\vqa_v2\variants\vqav2-442630__background_blur.png,false,false,false,true,expert_human_reviewer,2026-10-05,,background_edit,(same as original)
vqav2-442630,What kind of season it is?,background_neutral,F:\Sadik\semantic-causal-pathway\.venv\data\vqa_v2\variants\vqav2-442630__background_neutral.png,false,false,false,true,expert_human_reviewer,2026-10-05,,background_edit,(same as original)
vqav2-442630,What kind of season it is?,jpeg_quality_10,F:\Sadik\semantic-causal-pathway\.venv\data\vqa_v2\variants\vqav2-442630__jpeg_quality_10.png,false,false,false,true,expert_human_reviewer,2026-10-05,,jpeg_compression,(rejected)
vqav2-442630,What kind of season it is?,jpeg_quality_20,F:\Sadik\semantic-causal-pathway\.venv\data\vqa_v2\variants\vqav2-442630__jpeg_quality_20.png,false,false,false,true,expert_human_reviewer,2026-10-05,,jpeg_compression,(rejected)
vqav2-442630,What kind of season it is?,translate_left_15pct,F:\Sadik\semantic-causal-pathway\.venv\data\vqa_v2\variants\vqav2-442630__translate_left_15pct.png,false,false,false,true,expert_human_reviewer,2026-10-05,,translation,(rejected)
vqav2-442630,What kind of season it is?,contrast_2.0,F:\Sadik\semantic-causal-pathway\.venv\data\vqa_v2\variants\vqav2-442630__contrast_2.0.png,false,false,false,true,expert_human_reviewer,2026-10-05,,unclassified,(rejected)
vqav2-543364,Are all the lights on?,brightness_0.97,F:\Sadik\semantic-causal-pathway\.venv\data\vqa_v2\variants\vqav2-543364__brightness_0.97.png,false,false,false,true,expert_human_reviewer,2026-10-05,,photometric,(same as original)
vqav2-543364,Are all the lights on?,contrast_1.03,F:\Sadik\semantic-causal-pathway\.venv\data\vqa_v2\variants\vqav2-543364__contrast_1.03.png,false,false,false,true,expert_human_reviewer,2026-10-05,,photometric,(same as original)
vqav2-543364,Are all the lights on?,jpeg_quality_92,F:\Sadik\semantic-causal-pathway\.venv\data\vqa_v2\variants\vqav2-543364__jpeg_quality_92.png,true,true,true,true,expert_human_reviewer,2026-10-05,probe,jpeg_compression,(same as original)
vqav2-543364,Are all the lights on?,jpeg_quality_98,F:\Sadik\semantic-causal-pathway\.venv\data\vqa_v2\variants\vqav2-543364__jpeg_quality_98.png,true,true,true,true,expert_human_reviewer,2026-10-05,probe,jpeg_compression,(same as original)
vqav2-543364,Are all the lights on?,translate_left_2pct,F:\Sadik\semantic-causal-pathway\.venv\data\vqa_v2\variants\vqav2-543364__translate_left_2pct.png,true,true,true,true,expert_human_reviewer,2026-10-05,heldout,translation,variants/masks/vqav2-543364__translate_left_2pct.png
vqav2-543364,Are all the lights on?,translate_right_2pct,F:\Sadik\semantic-causal-pathway\.venv\data\vqa_v2\variants\vqav2-543364__translate_right_2pct.png,true,true,true,true,expert_human_reviewer,2026-10-05,heldout,translation,variants/masks/vqav2-543364__translate_right_2pct.png
vqav2-543364,Are all the lights on?,translate_up_2pct,F:\Sadik\semantic-causal-pathway\.venv\data\vqa_v2\variants\vqav2-543364__translate_up_2pct.png,false,false,false,true,expert_human_reviewer,2026-10-05,,translation,variants/masks/vqav2-543364__translate_up_2pct.png
vqav2-543364,Are all the lights on?,translate_down_2pct,F:\Sadik\semantic-causal-pathway\.venv\data\vqa_v2\variants\vqav2-543364__translate_down_2pct.png,false,false,false,true,expert_human_reviewer,2026-10-05,,translation,variants/masks/vqav2-543364__translate_down_2pct.png
vqav2-543364,Are all the lights on?,background_blur,F:\Sadik\semantic-causal-pathway\.venv\data\vqa_v2\variants\vqav2-543364__background_blur.png,false,false,false,true,expert_human_reviewer,2026-10-05,,background_edit,(same as original)
vqav2-543364,Are all the lights on?,background_neutral,F:\Sadik\semantic-causal-pathway\.venv\data\vqa_v2\variants\vqav2-543364__background_neutral.png,false,false,false,true,expert_human_reviewer,2026-10-05,,background_edit,(same as original)
vqav2-543364,Are all the lights on?,jpeg_quality_10,F:\Sadik\semantic-causal-pathway\.venv\data\vqa_v2\variants\vqav2-543364__jpeg_quality_10.png,false,false,false,true,expert_human_reviewer,2026-10-05,,jpeg_compression,(rejected)
vqav2-543364,Are all the lights on?,jpeg_quality_20,F:\Sadik\semantic-causal-pathway\.venv\data\vqa_v2\variants\vqav2-543364__jpeg_quality_20.png,false,false,false,true,expert_human_reviewer,2026-10-05,,jpeg_compression,(rejected)
vqav2-543364,Are all the lights on?,translate_left_15pct,F:\Sadik\semantic-causal-pathway\.venv\data\vqa_v2\variants\vqav2-543364__translate_left_15pct.png,false,false,false,true,expert_human_reviewer,2026-10-05,,translation,(rejected)
vqav2-543364,Are all the lights on?,contrast_2.0,F:\Sadik\semantic-causal-pathway\.venv\data\vqa_v2\variants\vqav2-543364__contrast_2.0.png,false,false,false,true,expert_human_reviewer,2026-10-05,,unclassified,(rejected)
gqa-2381398,Which material is the chair made of?,brightness_0.97,F:\Sadik\semantic-causal-pathway\.venv\data\vqa_v2\variants\gqa-2381398__brightness_0.97.png,false,false,false,true,expert_human_reviewer,2026-10-05,,photometric,(same as original)
gqa-2381398,Which material is the chair made of?,contrast_1.03,F:\Sadik\semantic-causal-pathway\.venv\data\vqa_v2\variants\gqa-2381398__contrast_1.03.png,false,false,false,true,expert_human_reviewer,2026-10-05,,photometric,(same as original)
gqa-2381398,Which material is the chair made of?,jpeg_quality_92,F:\Sadik\semantic-causal-pathway\.venv\data\vqa_v2\variants\gqa-2381398__jpeg_quality_92.png,true,true,true,true,expert_human_reviewer,2026-10-05,probe,jpeg_compression,(same as original)
gqa-2381398,Which material is the chair made of?,jpeg_quality_98,F:\Sadik\semantic-causal-pathway\.venv\data\vqa_v2\variants\gqa-2381398__jpeg_quality_98.png,true,true,true,true,expert_human_reviewer,2026-10-05,probe,jpeg_compression,(same as original)
gqa-2381398,Which material is the chair made of?,translate_left_2pct,F:\Sadik\semantic-causal-pathway\.venv\data\vqa_v2\variants\gqa-2381398__translate_left_2pct.png,true,true,true,true,expert_human_reviewer,2026-10-05,heldout,translation,variants/masks/gqa-2381398__translate_left_2pct.png
gqa-2381398,Which material is the chair made of?,translate_right_2pct,F:\Sadik\semantic-causal-pathway\.venv\data\vqa_v2\variants\gqa-2381398__translate_right_2pct.png,true,true,true,true,expert_human_reviewer,2026-10-05,heldout,translation,variants/masks/gqa-2381398__translate_right_2pct.png
gqa-2381398,Which material is the chair made of?,translate_up_2pct,F:\Sadik\semantic-causal-pathway\.venv\data\vqa_v2\variants\gqa-2381398__translate_up_2pct.png,false,false,false,true,expert_human_reviewer,2026-10-05,,translation,variants/masks/gqa-2381398__translate_up_2pct.png
gqa-2381398,Which material is the chair made of?,translate_down_2pct,F:\Sadik\semantic-causal-pathway\.venv\data\vqa_v2\variants\gqa-2381398__translate_down_2pct.png,false,false,false,true,expert_human_reviewer,2026-10-05,,translation,variants/masks/gqa-2381398__translate_down_2pct.png
gqa-2381398,Which material is the chair made of?,background_blur,F:\Sadik\semantic-causal-pathway\.venv\data\vqa_v2\variants\gqa-2381398__background_blur.png,false,false,false,true,expert_human_reviewer,2026-10-05,,background_edit,(same as original)
gqa-2381398,Which material is the chair made of?,background_neutral,F:\Sadik\semantic-causal-pathway\.venv\data\vqa_v2\variants\gqa-2381398__background_neutral.png,false,false,false,true,expert_human_reviewer,2026-10-05,,background_edit,(same as original)
gqa-2381398,Which material is the chair made of?,jpeg_quality_10,F:\Sadik\semantic-causal-pathway\.venv\data\vqa_v2\variants\gqa-2381398__jpeg_quality_10.png,false,false,false,true,expert_human_reviewer,2026-10-05,,jpeg_compression,(rejected)
gqa-2381398,Which material is the chair made of?,jpeg_quality_20,F:\Sadik\semantic-causal-pathway\.venv\data\vqa_v2\variants\gqa-2381398__jpeg_quality_20.png,false,false,false,true,expert_human_reviewer,2026-10-05,,jpeg_compression,(rejected)
gqa-2381398,Which material is the chair made of?,translate_left_15pct,F:\Sadik\semantic-causal-pathway\.venv\data\vqa_v2\variants\gqa-2381398__translate_left_15pct.png,false,false,false,true,expert_human_reviewer,2026-10-05,,translation,(rejected)
gqa-2381398,Which material is the chair made of?,contrast_2.0,F:\Sadik\semantic-causal-pathway\.venv\data\vqa_v2\variants\gqa-2381398__contrast_2.0.png,false,false,false,true,expert_human_reviewer,2026-10-05,,unclassified,(rejected)
vqav2-103692,Is it a cloudy day out?,brightness_0.97,F:\Sadik\semantic-causal-pathway\.venv\data\vqa_v2\variants\vqav2-103692__brightness_0.97.png,false,false,false,true,expert_human_reviewer,2026-10-05,,photometric,(same as original)
vqav2-103692,Is it a cloudy day out?,contrast_1.03,F:\Sadik\semantic-causal-pathway\.venv\data\vqa_v2\variants\vqav2-103692__contrast_1.03.png,false,false,false,true,expert_human_reviewer,2026-10-05,,photometric,(same as original)
vqav2-103692,Is it a cloudy day out?,jpeg_quality_92,F:\Sadik\semantic-causal-pathway\.venv\data\vqa_v2\variants\vqav2-103692__jpeg_quality_92.png,true,true,true,true,expert_human_reviewer,2026-10-05,probe,jpeg_compression,(same as original)
vqav2-103692,Is it a cloudy day out?,jpeg_quality_98,F:\Sadik\semantic-causal-pathway\.venv\data\vqa_v2\variants\vqav2-103692__jpeg_quality_98.png,true,true,true,true,expert_human_reviewer,2026-10-05,probe,jpeg_compression,(same as original)
vqav2-103692,Is it a cloudy day out?,translate_left_2pct,F:\Sadik\semantic-causal-pathway\.venv\data\vqa_v2\variants\vqav2-103692__translate_left_2pct.png,true,true,true,true,expert_human_reviewer,2026-10-05,heldout,translation,variants/masks/vqav2-103692__translate_left_2pct.png
vqav2-103692,Is it a cloudy day out?,translate_right_2pct,F:\Sadik\semantic-causal-pathway\.venv\data\vqa_v2\variants\vqav2-103692__translate_right_2pct.png,true,true,true,true,expert_human_reviewer,2026-10-05,heldout,translation,variants/masks/vqav2-103692__translate_right_2pct.png
vqav2-103692,Is it a cloudy day out?,translate_up_2pct,F:\Sadik\semantic-causal-pathway\.venv\data\vqa_v2\variants\vqav2-103692__translate_up_2pct.png,false,false,false,true,expert_human_reviewer,2026-10-05,,translation,variants/masks/vqav2-103692__translate_up_2pct.png
vqav2-103692,Is it a cloudy day out?,translate_down_2pct,F:\Sadik\semantic-causal-pathway\.venv\data\vqa_v2\variants\vqav2-103692__translate_down_2pct.png,false,false,false,true,expert_human_reviewer,2026-10-05,,translation,variants/masks/vqav2-103692__translate_down_2pct.png
vqav2-103692,Is it a cloudy day out?,background_blur,F:\Sadik\semantic-causal-pathway\.venv\data\vqa_v2\variants\vqav2-103692__background_blur.png,false,false,false,true,expert_human_reviewer,2026-10-05,,background_edit,(same as original)
vqav2-103692,Is it a cloudy day out?,background_neutral,F:\Sadik\semantic-causal-pathway\.venv\data\vqa_v2\variants\vqav2-103692__background_neutral.png,false,false,false,true,expert_human_reviewer,2026-10-05,,background_edit,(same as original)
vqav2-103692,Is it a cloudy day out?,jpeg_quality_10,F:\Sadik\semantic-causal-pathway\.venv\data\vqa_v2\variants\vqav2-103692__jpeg_quality_10.png,false,false,false,true,expert_human_reviewer,2026-10-05,,jpeg_compression,(rejected)
vqav2-103692,Is it a cloudy day out?,jpeg_quality_20,F:\Sadik\semantic-causal-pathway\.venv\data\vqa_v2\variants\vqav2-103692__jpeg_quality_20.png,false,false,false,true,expert_human_reviewer,2026-10-05,,jpeg_compression,(rejected)
vqav2-103692,Is it a cloudy day out?,translate_left_15pct,F:\Sadik\semantic-causal-pathway\.venv\data\vqa_v2\variants\vqav2-103692__translate_left_15pct.png,false,false,false,true,expert_human_reviewer,2026-10-05,,translation,(rejected)
vqav2-103692,Is it a cloudy day out?,contrast_2.0,F:\Sadik\semantic-causal-pathway\.venv\data\vqa_v2\variants\vqav2-103692__contrast_2.0.png,false,false,false,true,expert_human_reviewer,2026-10-05,,unclassified,(rejected)
vqav2-176211,What contains dairy on the plate?,brightness_0.97,F:\Sadik\semantic-causal-pathway\.venv\data\vqa_v2\variants\vqav2-176211__brightness_0.97.png,false,false,false,true,expert_human_reviewer,2026-10-05,,photometric,(same as original)
vqav2-176211,What contains dairy on the plate?,contrast_1.03,F:\Sadik\semantic-causal-pathway\.venv\data\vqa_v2\variants\vqav2-176211__contrast_1.03.png,false,false,false,true,expert_human_reviewer,2026-10-05,,photometric,(same as original)
vqav2-176211,What contains dairy on the plate?,jpeg_quality_92,F:\Sadik\semantic-causal-pathway\.venv\data\vqa_v2\variants\vqav2-176211__jpeg_quality_92.png,true,true,true,true,expert_human_reviewer,2026-10-05,probe,jpeg_compression,(same as original)
vqav2-176211,What contains dairy on the plate?,jpeg_quality_98,F:\Sadik\semantic-causal-pathway\.venv\data\vqa_v2\variants\vqav2-176211__jpeg_quality_98.png,true,true,true,true,expert_human_reviewer,2026-10-05,probe,jpeg_compression,(same as original)
vqav2-176211,What contains dairy on the plate?,translate_left_2pct,F:\Sadik\semantic-causal-pathway\.venv\data\vqa_v2\variants\vqav2-176211__translate_left_2pct.png,true,true,true,true,expert_human_reviewer,2026-10-05,heldout,translation,variants/masks/vqav2-176211__translate_left_2pct.png
vqav2-176211,What contains dairy on the plate?,translate_right_2pct,F:\Sadik\semantic-causal-pathway\.venv\data\vqa_v2\variants\vqav2-176211__translate_right_2pct.png,true,true,true,true,expert_human_reviewer,2026-10-05,heldout,translation,variants/masks/vqav2-176211__translate_right_2pct.png
vqav2-176211,What contains dairy on the plate?,translate_up_2pct,F:\Sadik\semantic-causal-pathway\.venv\data\vqa_v2\variants\vqav2-176211__translate_up_2pct.png,false,false,false,true,expert_human_reviewer,2026-10-05,,translation,variants/masks/vqav2-176211__translate_up_2pct.png
vqav2-176211,What contains dairy on the plate?,translate_down_2pct,F:\Sadik\semantic-causal-pathway\.venv\data\vqa_v2\variants\vqav2-176211__translate_down_2pct.png,false,false,false,true,expert_human_reviewer,2026-10-05,,translation,variants/masks/vqav2-176211__translate_down_2pct.png
vqav2-176211,What contains dairy on the plate?,background_blur,F:\Sadik\semantic-causal-pathway\.venv\data\vqa_v2\variants\vqav2-176211__background_blur.png,false,false,false,true,expert_human_reviewer,2026-10-05,,background_edit,(same as original)
vqav2-176211,What contains dairy on the plate?,background_neutral,F:\Sadik\semantic-causal-pathway\.venv\data\vqa_v2\variants\vqav2-176211__background_neutral.png,false,false,false,true,expert_human_reviewer,2026-10-05,,background_edit,(same as original)
vqav2-176211,What contains dairy on the plate?,jpeg_quality_10,F:\Sadik\semantic-causal-pathway\.venv\data\vqa_v2\variants\vqav2-176211__jpeg_quality_10.png,false,false,false,true,expert_human_reviewer,2026-10-05,,jpeg_compression,(rejected)
vqav2-176211,What contains dairy on the plate?,jpeg_quality_20,F:\Sadik\semantic-causal-pathway\.venv\data\vqa_v2\variants\vqav2-176211__jpeg_quality_20.png,false,false,false,true,expert_human_reviewer,2026-10-05,,jpeg_compression,(rejected)
vqav2-176211,What contains dairy on the plate?,translate_left_15pct,F:\Sadik\semantic-causal-pathway\.venv\data\vqa_v2\variants\vqav2-176211__translate_left_15pct.png,false,false,false,true,expert_human_reviewer,2026-10-05,,translation,(rejected)
vqav2-176211,What contains dairy on the plate?,contrast_2.0,F:\Sadik\semantic-causal-pathway\.venv\data\vqa_v2\variants\vqav2-176211__contrast_2.0.png,false,false,false,true,expert_human_reviewer,2026-10-05,,unclassified,(rejected)
vqav2-466774,Are these elephants living in the wild or a zoo?,brightness_0.97,F:\Sadik\semantic-causal-pathway\.venv\data\vqa_v2\variants\vqav2-466774__brightness_0.97.png,false,false,false,true,expert_human_reviewer,2026-10-05,,photometric,(same as original)
vqav2-466774,Are these elephants living in the wild or a zoo?,contrast_1.03,F:\Sadik\semantic-causal-pathway\.venv\data\vqa_v2\variants\vqav2-466774__contrast_1.03.png,false,false,false,true,expert_human_reviewer,2026-10-05,,photometric,(same as original)
vqav2-466774,Are these elephants living in the wild or a zoo?,jpeg_quality_92,F:\Sadik\semantic-causal-pathway\.venv\data\vqa_v2\variants\vqav2-466774__jpeg_quality_92.png,true,true,true,true,expert_human_reviewer,2026-10-05,probe,jpeg_compression,(same as original)
vqav2-466774,Are these elephants living in the wild or a zoo?,jpeg_quality_98,F:\Sadik\semantic-causal-pathway\.venv\data\vqa_v2\variants\vqav2-466774__jpeg_quality_98.png,true,true,true,true,expert_human_reviewer,2026-10-05,probe,jpeg_compression,(same as original)
vqav2-466774,Are these elephants living in the wild or a zoo?,translate_left_2pct,F:\Sadik\semantic-causal-pathway\.venv\data\vqa_v2\variants\vqav2-466774__translate_left_2pct.png,true,true,true,true,expert_human_reviewer,2026-10-05,heldout,translation,variants/masks/vqav2-466774__translate_left_2pct.png
vqav2-466774,Are these elephants living in the wild or a zoo?,translate_right_2pct,F:\Sadik\semantic-causal-pathway\.venv\data\vqa_v2\variants\vqav2-466774__translate_right_2pct.png,true,true,true,true,expert_human_reviewer,2026-10-05,heldout,translation,variants/masks/vqav2-466774__translate_right_2pct.png
vqav2-466774,Are these elephants living in the wild or a zoo?,translate_up_2pct,F:\Sadik\semantic-causal-pathway\.venv\data\vqa_v2\variants\vqav2-466774__translate_up_2pct.png,false,false,false,true,expert_human_reviewer,2026-10-05,,translation,variants/masks/vqav2-466774__translate_up_2pct.png
vqav2-466774,Are these elephants living in the wild or a zoo?,translate_down_2pct,F:\Sadik\semantic-causal-pathway\.venv\data\vqa_v2\variants\vqav2-466774__translate_down_2pct.png,false,false,false,true,expert_human_reviewer,2026-10-05,,translation,variants/masks/vqav2-466774__translate_down_2pct.png
vqav2-466774,Are these elephants living in the wild or a zoo?,background_blur,F:\Sadik\semantic-causal-pathway\.venv\data\vqa_v2\variants\vqav2-466774__background_blur.png,false,false,false,true,expert_human_reviewer,2026-10-05,,background_edit,(same as original)
vqav2-466774,Are these elephants living in the wild or a zoo?,background_neutral,F:\Sadik\semantic-causal-pathway\.venv\data\vqa_v2\variants\vqav2-466774__background_neutral.png,false,false,false,true,expert_human_reviewer,2026-10-05,,background_edit,(same as original)
vqav2-466774,Are these elephants living in the wild or a zoo?,jpeg_quality_10,F:\Sadik\semantic-causal-pathway\.venv\data\vqa_v2\variants\vqav2-466774__jpeg_quality_10.png,false,false,false,true,expert_human_reviewer,2026-10-05,,jpeg_compression,(rejected)
vqav2-466774,Are these elephants living in the wild or a zoo?,jpeg_quality_20,F:\Sadik\semantic-causal-pathway\.venv\data\vqa_v2\variants\vqav2-466774__jpeg_quality_20.png,false,false,false,true,expert_human_reviewer,2026-10-05,,jpeg_compression,(rejected)
vqav2-466774,Are these elephants living in the wild or a zoo?,translate_left_15pct,F:\Sadik\semantic-causal-pathway\.venv\data\vqa_v2\variants\vqav2-466774__translate_left_15pct.png,false,false,false,true,expert_human_reviewer,2026-10-05,,translation,(rejected)
vqav2-466774,Are these elephants living in the wild or a zoo?,contrast_2.0,F:\Sadik\semantic-causal-pathway\.venv\data\vqa_v2\variants\vqav2-466774__contrast_2.0.png,false,false,false,true,expert_human_reviewer,2026-10-05,,unclassified,(rejected)
vqav2-128812,How many muffins are in the pan?,brightness_0.97,F:\Sadik\semantic-causal-pathway\.venv\data\vqa_v2\variants\vqav2-128812__brightness_0.97.png,false,false,false,true,expert_human_reviewer,2026-10-05,,photometric,(same as original)
vqav2-128812,How many muffins are in the pan?,contrast_1.03,F:\Sadik\semantic-causal-pathway\.venv\data\vqa_v2\variants\vqav2-128812__contrast_1.03.png,false,false,false,true,expert_human_reviewer,2026-10-05,,photometric,(same as original)
vqav2-128812,How many muffins are in the pan?,jpeg_quality_92,F:\Sadik\semantic-causal-pathway\.venv\data\vqa_v2\variants\vqav2-128812__jpeg_quality_92.png,true,true,true,true,expert_human_reviewer,2026-10-05,probe,jpeg_compression,(same as original)
vqav2-128812,How many muffins are in the pan?,jpeg_quality_98,F:\Sadik\semantic-causal-pathway\.venv\data\vqa_v2\variants\vqav2-128812__jpeg_quality_98.png,true,true,true,true,expert_human_reviewer,2026-10-05,probe,jpeg_compression,(same as original)
vqav2-128812,How many muffins are in the pan?,translate_left_2pct,F:\Sadik\semantic-causal-pathway\.venv\data\vqa_v2\variants\vqav2-128812__translate_left_2pct.png,true,true,true,true,expert_human_reviewer,2026-10-05,heldout,translation,variants/masks/vqav2-128812__translate_left_2pct.png
vqav2-128812,How many muffins are in the pan?,translate_right_2pct,F:\Sadik\semantic-causal-pathway\.venv\data\vqa_v2\variants\vqav2-128812__translate_right_2pct.png,true,true,true,true,expert_human_reviewer,2026-10-05,heldout,translation,variants/masks/vqav2-128812__translate_right_2pct.png
vqav2-128812,How many muffins are in the pan?,translate_up_2pct,F:\Sadik\semantic-causal-pathway\.venv\data\vqa_v2\variants\vqav2-128812__translate_up_2pct.png,false,false,false,true,expert_human_reviewer,2026-10-05,,translation,variants/masks/vqav2-128812__translate_up_2pct.png
vqav2-128812,How many muffins are in the pan?,translate_down_2pct,F:\Sadik\semantic-causal-pathway\.venv\data\vqa_v2\variants\vqav2-128812__translate_down_2pct.png,false,false,false,true,expert_human_reviewer,2026-10-05,,translation,variants/masks/vqav2-128812__translate_down_2pct.png
vqav2-128812,How many muffins are in the pan?,background_blur,F:\Sadik\semantic-causal-pathway\.venv\data\vqa_v2\variants\vqav2-128812__background_blur.png,false,false,false,true,expert_human_reviewer,2026-10-05,,background_edit,(same as original)
vqav2-128812,How many muffins are in the pan?,background_neutral,F:\Sadik\semantic-causal-pathway\.venv\data\vqa_v2\variants\vqav2-128812__background_neutral.png,false,false,false,true,expert_human_reviewer,2026-10-05,,background_edit,(same as original)
vqav2-128812,How many muffins are in the pan?,jpeg_quality_10,F:\Sadik\semantic-causal-pathway\.venv\data\vqa_v2\variants\vqav2-128812__jpeg_quality_10.png,false,false,false,true,expert_human_reviewer,2026-10-05,,jpeg_compression,(rejected)
vqav2-128812,How many muffins are in the pan?,jpeg_quality_20,F:\Sadik\semantic-causal-pathway\.venv\data\vqa_v2\variants\vqav2-128812__jpeg_quality_20.png,false,false,false,true,expert_human_reviewer,2026-10-05,,jpeg_compression,(rejected)
vqav2-128812,How many muffins are in the pan?,translate_left_15pct,F:\Sadik\semantic-causal-pathway\.venv\data\vqa_v2\variants\vqav2-128812__translate_left_15pct.png,false,false,false,true,expert_human_reviewer,2026-10-05,,translation,(rejected)
vqav2-128812,How many muffins are in the pan?,contrast_2.0,F:\Sadik\semantic-causal-pathway\.venv\data\vqa_v2\variants\vqav2-128812__contrast_2.0.png,false,false,false,true,expert_human_reviewer,2026-10-05,,unclassified,(rejected)
vqav2-194407,What color is the lettering on the front of the train?,jpeg_quality_90,F:\Sadik\semantic-causal-pathway\.venv\data\vqa_v2\variants\vqav2-194407__jpeg_quality_90.png,false,false,false,true,expert_human_reviewer,2026-10-05,,jpeg_compression,(same as original)
vqav2-194407,What color is the lettering on the front of the train?,jpeg_quality_92,F:\Sadik\semantic-causal-pathway\.venv\data\vqa_v2\variants\vqav2-194407__jpeg_quality_92.png,true,true,true,true,expert_human_reviewer,2026-10-05,probe,jpeg_compression,(same as original)
vqav2-194407,What color is the lettering on the front of the train?,jpeg_quality_95,F:\Sadik\semantic-causal-pathway\.venv\data\vqa_v2\variants\vqav2-194407__jpeg_quality_95.png,false,false,false,true,expert_human_reviewer,2026-10-05,,jpeg_compression,(same as original)
vqav2-194407,What color is the lettering on the front of the train?,jpeg_quality_98,F:\Sadik\semantic-causal-pathway\.venv\data\vqa_v2\variants\vqav2-194407__jpeg_quality_98.png,true,true,true,true,expert_human_reviewer,2026-10-05,probe,jpeg_compression,(same as original)
vqav2-194407,What color is the lettering on the front of the train?,translate_left_2pct,F:\Sadik\semantic-causal-pathway\.venv\data\vqa_v2\variants\vqav2-194407__translate_left_2pct.png,true,true,true,true,expert_human_reviewer,2026-10-05,heldout,translation,variants/masks/vqav2-194407__translate_left_2pct.png
vqav2-194407,What color is the lettering on the front of the train?,translate_right_2pct,F:\Sadik\semantic-causal-pathway\.venv\data\vqa_v2\variants\vqav2-194407__translate_right_2pct.png,true,true,true,true,expert_human_reviewer,2026-10-05,heldout,translation,variants/masks/vqav2-194407__translate_right_2pct.png
vqav2-194407,What color is the lettering on the front of the train?,translate_up_2pct,F:\Sadik\semantic-causal-pathway\.venv\data\vqa_v2\variants\vqav2-194407__translate_up_2pct.png,false,false,false,true,expert_human_reviewer,2026-10-05,,translation,variants/masks/vqav2-194407__translate_up_2pct.png
vqav2-194407,What color is the lettering on the front of the train?,translate_down_2pct,F:\Sadik\semantic-causal-pathway\.venv\data\vqa_v2\variants\vqav2-194407__translate_down_2pct.png,false,false,false,true,expert_human_reviewer,2026-10-05,,translation,variants/masks/vqav2-194407__translate_down_2pct.png
vqav2-194407,What color is the lettering on the front of the train?,background_blur,F:\Sadik\semantic-causal-pathway\.venv\data\vqa_v2\variants\vqav2-194407__background_blur.png,false,false,false,true,expert_human_reviewer,2026-10-05,,background_edit,(same as original)
vqav2-194407,What color is the lettering on the front of the train?,background_neutral,F:\Sadik\semantic-causal-pathway\.venv\data\vqa_v2\variants\vqav2-194407__background_neutral.png,false,false,false,true,expert_human_reviewer,2026-10-05,,background_edit,(same as original)
vqav2-194407,What color is the lettering on the front of the train?,jpeg_quality_10,F:\Sadik\semantic-causal-pathway\.venv\data\vqa_v2\variants\vqav2-194407__jpeg_quality_10.png,false,false,false,true,expert_human_reviewer,2026-10-05,,jpeg_compression,(rejected)
vqav2-194407,What color is the lettering on the front of the train?,jpeg_quality_20,F:\Sadik\semantic-causal-pathway\.venv\data\vqa_v2\variants\vqav2-194407__jpeg_quality_20.png,false,false,false,true,expert_human_reviewer,2026-10-05,,jpeg_compression,(rejected)
vqav2-194407,What color is the lettering on the front of the train?,translate_left_15pct,F:\Sadik\semantic-causal-pathway\.venv\data\vqa_v2\variants\vqav2-194407__translate_left_15pct.png,false,false,false,true,expert_human_reviewer,2026-10-05,,translation,(rejected)
vqav2-194407,What color is the lettering on the front of the train?,contrast_2.0,F:\Sadik\semantic-causal-pathway\.venv\data\vqa_v2\variants\vqav2-194407__contrast_2.0.png,false,false,false,true,expert_human_reviewer,2026-10-05,,unclassified,(rejected)
vqav2-42387,What number of trees are in this forest?,brightness_0.97,F:\Sadik\semantic-causal-pathway\.venv\data\vqa_v2\variants\vqav2-42387__brightness_0.97.png,false,false,false,true,expert_human_reviewer,2026-10-05,,photometric,(same as original)
vqav2-42387,What number of trees are in this forest?,contrast_1.03,F:\Sadik\semantic-causal-pathway\.venv\data\vqa_v2\variants\vqav2-42387__contrast_1.03.png,false,false,false,true,expert_human_reviewer,2026-10-05,,photometric,(same as original)
vqav2-42387,What number of trees are in this forest?,jpeg_quality_92,F:\Sadik\semantic-causal-pathway\.venv\data\vqa_v2\variants\vqav2-42387__jpeg_quality_92.png,true,true,true,true,expert_human_reviewer,2026-10-05,probe,jpeg_compression,(same as original)
vqav2-42387,What number of trees are in this forest?,jpeg_quality_98,F:\Sadik\semantic-causal-pathway\.venv\data\vqa_v2\variants\vqav2-42387__jpeg_quality_98.png,true,true,true,true,expert_human_reviewer,2026-10-05,probe,jpeg_compression,(same as original)
vqav2-42387,What number of trees are in this forest?,translate_left_2pct,F:\Sadik\semantic-causal-pathway\.venv\data\vqa_v2\variants\vqav2-42387__translate_left_2pct.png,true,true,true,true,expert_human_reviewer,2026-10-05,heldout,translation,variants/masks/vqav2-42387__translate_left_2pct.png
vqav2-42387,What number of trees are in this forest?,translate_right_2pct,F:\Sadik\semantic-causal-pathway\.venv\data\vqa_v2\variants\vqav2-42387__translate_right_2pct.png,true,true,true,true,expert_human_reviewer,2026-10-05,heldout,translation,variants/masks/vqav2-42387__translate_right_2pct.png
vqav2-42387,What number of trees are in this forest?,translate_up_2pct,F:\Sadik\semantic-causal-pathway\.venv\data\vqa_v2\variants\vqav2-42387__translate_up_2pct.png,false,false,false,true,expert_human_reviewer,2026-10-05,,translation,variants/masks/vqav2-42387__translate_up_2pct.png
vqav2-42387,What number of trees are in this forest?,translate_down_2pct,F:\Sadik\semantic-causal-pathway\.venv\data\vqa_v2\variants\vqav2-42387__translate_down_2pct.png,false,false,false,true,expert_human_reviewer,2026-10-05,,translation,variants/masks/vqav2-42387__translate_down_2pct.png
vqav2-42387,What number of trees are in this forest?,background_blur,F:\Sadik\semantic-causal-pathway\.venv\data\vqa_v2\variants\vqav2-42387__background_blur.png,false,false,false,true,expert_human_reviewer,2026-10-05,,background_edit,(same as original)
vqav2-42387,What number of trees are in this forest?,background_neutral,F:\Sadik\semantic-causal-pathway\.venv\data\vqa_v2\variants\vqav2-42387__background_neutral.png,false,false,false,true,expert_human_reviewer,2026-10-05,,background_edit,(same as original)
vqav2-42387,What number of trees are in this forest?,jpeg_quality_10,F:\Sadik\semantic-causal-pathway\.venv\data\vqa_v2\variants\vqav2-42387__jpeg_quality_10.png,false,false,false,true,expert_human_reviewer,2026-10-05,,jpeg_compression,(rejected)
vqav2-42387,What number of trees are in this forest?,jpeg_quality_20,F:\Sadik\semantic-causal-pathway\.venv\data\vqa_v2\variants\vqav2-42387__jpeg_quality_20.png,false,false,false,true,expert_human_reviewer,2026-10-05,,jpeg_compression,(rejected)
vqav2-42387,What number of trees are in this forest?,translate_left_15pct,F:\Sadik\semantic-causal-pathway\.venv\data\vqa_v2\variants\vqav2-42387__translate_left_15pct.png,false,false,false,true,expert_human_reviewer,2026-10-05,,translation,(rejected)
vqav2-42387,What number of trees are in this forest?,contrast_2.0,F:\Sadik\semantic-causal-pathway\.venv\data\vqa_v2\variants\vqav2-42387__contrast_2.0.png,false,false,false,true,expert_human_reviewer,2026-10-05,,unclassified,(rejected)
vqav2-252213,Are the dogs inside?,brightness_0.97,F:\Sadik\semantic-causal-pathway\.venv\data\vqa_v2\variants\vqav2-252213__brightness_0.97.png,false,false,false,true,expert_human_reviewer,2026-10-05,,photometric,(same as original)
vqav2-252213,Are the dogs inside?,contrast_1.03,F:\Sadik\semantic-causal-pathway\.venv\data\vqa_v2\variants\vqav2-252213__contrast_1.03.png,false,false,false,true,expert_human_reviewer,2026-10-05,,photometric,(same as original)
vqav2-252213,Are the dogs inside?,jpeg_quality_92,F:\Sadik\semantic-causal-pathway\.venv\data\vqa_v2\variants\vqav2-252213__jpeg_quality_92.png,true,true,true,true,expert_human_reviewer,2026-10-05,probe,jpeg_compression,(same as original)
vqav2-252213,Are the dogs inside?,jpeg_quality_98,F:\Sadik\semantic-causal-pathway\.venv\data\vqa_v2\variants\vqav2-252213__jpeg_quality_98.png,true,true,true,true,expert_human_reviewer,2026-10-05,probe,jpeg_compression,(same as original)
vqav2-252213,Are the dogs inside?,translate_left_2pct,F:\Sadik\semantic-causal-pathway\.venv\data\vqa_v2\variants\vqav2-252213__translate_left_2pct.png,true,true,true,true,expert_human_reviewer,2026-10-05,heldout,translation,variants/masks/vqav2-252213__translate_left_2pct.png
vqav2-252213,Are the dogs inside?,translate_right_2pct,F:\Sadik\semantic-causal-pathway\.venv\data\vqa_v2\variants\vqav2-252213__translate_right_2pct.png,true,true,true,true,expert_human_reviewer,2026-10-05,heldout,translation,variants/masks/vqav2-252213__translate_right_2pct.png
vqav2-252213,Are the dogs inside?,translate_up_2pct,F:\Sadik\semantic-causal-pathway\.venv\data\vqa_v2\variants\vqav2-252213__translate_up_2pct.png,false,false,false,true,expert_human_reviewer,2026-10-05,,translation,variants/masks/vqav2-252213__translate_up_2pct.png
vqav2-252213,Are the dogs inside?,translate_down_2pct,F:\Sadik\semantic-causal-pathway\.venv\data\vqa_v2\variants\vqav2-252213__translate_down_2pct.png,false,false,false,true,expert_human_reviewer,2026-10-05,,translation,variants/masks/vqav2-252213__translate_down_2pct.png
vqav2-252213,Are the dogs inside?,background_blur,F:\Sadik\semantic-causal-pathway\.venv\data\vqa_v2\variants\vqav2-252213__background_blur.png,false,false,false,true,expert_human_reviewer,2026-10-05,,background_edit,(same as original)
vqav2-252213,Are the dogs inside?,background_neutral,F:\Sadik\semantic-causal-pathway\.venv\data\vqa_v2\variants\vqav2-252213__background_neutral.png,false,false,false,true,expert_human_reviewer,2026-10-05,,background_edit,(same as original)
vqav2-252213,Are the dogs inside?,jpeg_quality_10,F:\Sadik\semantic-causal-pathway\.venv\data\vqa_v2\variants\vqav2-252213__jpeg_quality_10.png,false,false,false,true,expert_human_reviewer,2026-10-05,,jpeg_compression,(rejected)
vqav2-252213,Are the dogs inside?,jpeg_quality_20,F:\Sadik\semantic-causal-pathway\.venv\data\vqa_v2\variants\vqav2-252213__jpeg_quality_20.png,false,false,false,true,expert_human_reviewer,2026-10-05,,jpeg_compression,(rejected)
vqav2-252213,Are the dogs inside?,translate_left_15pct,F:\Sadik\semantic-causal-pathway\.venv\data\vqa_v2\variants\vqav2-252213__translate_left_15pct.png,false,false,false,true,expert_human_reviewer,2026-10-05,,translation,(rejected)
vqav2-252213,Are the dogs inside?,contrast_2.0,F:\Sadik\semantic-causal-pathway\.venv\data\vqa_v2\variants\vqav2-252213__contrast_2.0.png,false,false,false,true,expert_human_reviewer,2026-10-05,,unclassified,(rejected)
gqa-2317919,Is there a racket in the picture that is not white?,brightness_0.97,F:\Sadik\semantic-causal-pathway\.venv\data\vqa_v2\variants\gqa-2317919__brightness_0.97.png,false,false,false,true,expert_human_reviewer,2026-10-05,,photometric,(same as original)
gqa-2317919,Is there a racket in the picture that is not white?,contrast_1.03,F:\Sadik\semantic-causal-pathway\.venv\data\vqa_v2\variants\gqa-2317919__contrast_1.03.png,false,false,false,true,expert_human_reviewer,2026-10-05,,photometric,(same as original)
gqa-2317919,Is there a racket in the picture that is not white?,jpeg_quality_92,F:\Sadik\semantic-causal-pathway\.venv\data\vqa_v2\variants\gqa-2317919__jpeg_quality_92.png,true,true,true,true,expert_human_reviewer,2026-10-05,probe,jpeg_compression,(same as original)
gqa-2317919,Is there a racket in the picture that is not white?,jpeg_quality_98,F:\Sadik\semantic-causal-pathway\.venv\data\vqa_v2\variants\gqa-2317919__jpeg_quality_98.png,true,true,true,true,expert_human_reviewer,2026-10-05,probe,jpeg_compression,(same as original)
gqa-2317919,Is there a racket in the picture that is not white?,translate_left_2pct,F:\Sadik\semantic-causal-pathway\.venv\data\vqa_v2\variants\gqa-2317919__translate_left_2pct.png,true,true,true,true,expert_human_reviewer,2026-10-05,heldout,translation,variants/masks/gqa-2317919__translate_left_2pct.png
gqa-2317919,Is there a racket in the picture that is not white?,translate_right_2pct,F:\Sadik\semantic-causal-pathway\.venv\data\vqa_v2\variants\gqa-2317919__translate_right_2pct.png,true,true,true,true,expert_human_reviewer,2026-10-05,heldout,translation,variants/masks/gqa-2317919__translate_right_2pct.png
gqa-2317919,Is there a racket in the picture that is not white?,translate_up_2pct,F:\Sadik\semantic-causal-pathway\.venv\data\vqa_v2\variants\gqa-2317919__translate_up_2pct.png,false,false,false,true,expert_human_reviewer,2026-10-05,,translation,variants/masks/gqa-2317919__translate_up_2pct.png
gqa-2317919,Is there a racket in the picture that is not white?,translate_down_2pct,F:\Sadik\semantic-causal-pathway\.venv\data\vqa_v2\variants\gqa-2317919__translate_down_2pct.png,false,false,false,true,expert_human_reviewer,2026-10-05,,translation,variants/masks/gqa-2317919__translate_down_2pct.png
gqa-2317919,Is there a racket in the picture that is not white?,background_blur,F:\Sadik\semantic-causal-pathway\.venv\data\vqa_v2\variants\gqa-2317919__background_blur.png,false,false,false,true,expert_human_reviewer,2026-10-05,,background_edit,(same as original)
gqa-2317919,Is there a racket in the picture that is not white?,background_neutral,F:\Sadik\semantic-causal-pathway\.venv\data\vqa_v2\variants\gqa-2317919__background_neutral.png,false,false,false,true,expert_human_reviewer,2026-10-05,,background_edit,(same as original)
gqa-2317919,Is there a racket in the picture that is not white?,jpeg_quality_10,F:\Sadik\semantic-causal-pathway\.venv\data\vqa_v2\variants\gqa-2317919__jpeg_quality_10.png,false,false,false,true,expert_human_reviewer,2026-10-05,,jpeg_compression,(rejected)
gqa-2317919,Is there a racket in the picture that is not white?,jpeg_quality_20,F:\Sadik\semantic-causal-pathway\.venv\data\vqa_v2\variants\gqa-2317919__jpeg_quality_20.png,false,false,false,true,expert_human_reviewer,2026-10-05,,jpeg_compression,(rejected)
gqa-2317919,Is there a racket in the picture that is not white?,translate_left_15pct,F:\Sadik\semantic-causal-pathway\.venv\data\vqa_v2\variants\gqa-2317919__translate_left_15pct.png,false,false,false,true,expert_human_reviewer,2026-10-05,,translation,(rejected)
gqa-2317919,Is there a racket in the picture that is not white?,contrast_2.0,F:\Sadik\semantic-causal-pathway\.venv\data\vqa_v2\variants\gqa-2317919__contrast_2.0.png,false,false,false,true,expert_human_reviewer,2026-10-05,,unclassified,(rejected)
gqa-2366564,Is he sitting on the bench on the right?,brightness_0.97,F:\Sadik\semantic-causal-pathway\.venv\data\vqa_v2\variants\gqa-2366564__brightness_0.97.png,false,false,false,true,expert_human_reviewer,2026-10-05,,photometric,(same as original)
gqa-2366564,Is he sitting on the bench on the right?,contrast_1.03,F:\Sadik\semantic-causal-pathway\.venv\data\vqa_v2\variants\gqa-2366564__contrast_1.03.png,false,false,false,true,expert_human_reviewer,2026-10-05,,photometric,(same as original)
gqa-2366564,Is he sitting on the bench on the right?,jpeg_quality_92,F:\Sadik\semantic-causal-pathway\.venv\data\vqa_v2\variants\gqa-2366564__jpeg_quality_92.png,true,true,true,true,expert_human_reviewer,2026-10-05,probe,jpeg_compression,(same as original)
gqa-2366564,Is he sitting on the bench on the right?,jpeg_quality_98,F:\Sadik\semantic-causal-pathway\.venv\data\vqa_v2\variants\gqa-2366564__jpeg_quality_98.png,true,true,true,true,expert_human_reviewer,2026-10-05,probe,jpeg_compression,(same as original)
gqa-2366564,Is he sitting on the bench on the right?,translate_left_2pct,F:\Sadik\semantic-causal-pathway\.venv\data\vqa_v2\variants\gqa-2366564__translate_left_2pct.png,true,true,true,true,expert_human_reviewer,2026-10-05,heldout,translation,variants/masks/gqa-2366564__translate_left_2pct.png
gqa-2366564,Is he sitting on the bench on the right?,translate_right_2pct,F:\Sadik\semantic-causal-pathway\.venv\data\vqa_v2\variants\gqa-2366564__translate_right_2pct.png,true,true,true,true,expert_human_reviewer,2026-10-05,heldout,translation,variants/masks/gqa-2366564__translate_right_2pct.png
gqa-2366564,Is he sitting on the bench on the right?,translate_up_2pct,F:\Sadik\semantic-causal-pathway\.venv\data\vqa_v2\variants\gqa-2366564__translate_up_2pct.png,false,false,false,true,expert_human_reviewer,2026-10-05,,translation,variants/masks/gqa-2366564__translate_up_2pct.png
gqa-2366564,Is he sitting on the bench on the right?,translate_down_2pct,F:\Sadik\semantic-causal-pathway\.venv\data\vqa_v2\variants\gqa-2366564__translate_down_2pct.png,false,false,false,true,expert_human_reviewer,2026-10-05,,translation,variants/masks/gqa-2366564__translate_down_2pct.png
gqa-2366564,Is he sitting on the bench on the right?,background_blur,F:\Sadik\semantic-causal-pathway\.venv\data\vqa_v2\variants\gqa-2366564__background_blur.png,false,false,false,true,expert_human_reviewer,2026-10-05,,background_edit,(same as original)
gqa-2366564,Is he sitting on the bench on the right?,background_neutral,F:\Sadik\semantic-causal-pathway\.venv\data\vqa_v2\variants\gqa-2366564__background_neutral.png,false,false,false,true,expert_human_reviewer,2026-10-05,,background_edit,(same as original)
gqa-2366564,Is he sitting on the bench on the right?,jpeg_quality_10,F:\Sadik\semantic-causal-pathway\.venv\data\vqa_v2\variants\gqa-2366564__jpeg_quality_10.png,false,false,false,true,expert_human_reviewer,2026-10-05,,jpeg_compression,(rejected)
gqa-2366564,Is he sitting on the bench on the right?,jpeg_quality_20,F:\Sadik\semantic-causal-pathway\.venv\data\vqa_v2\variants\gqa-2366564__jpeg_quality_20.png,false,false,false,true,expert_human_reviewer,2026-10-05,,jpeg_compression,(rejected)
gqa-2366564,Is he sitting on the bench on the right?,translate_left_15pct,F:\Sadik\semantic-causal-pathway\.venv\data\vqa_v2\variants\gqa-2366564__translate_left_15pct.png,false,false,false,true,expert_human_reviewer,2026-10-05,,translation,(rejected)
gqa-2366564,Is he sitting on the bench on the right?,contrast_2.0,F:\Sadik\semantic-causal-pathway\.venv\data\vqa_v2\variants\gqa-2366564__contrast_2.0.png,false,false,false,true,expert_human_reviewer,2026-10-05,,unclassified,(rejected)
gqa-2316943,Is it indoors or outdoors?,brightness_0.97,F:\Sadik\semantic-causal-pathway\.venv\data\vqa_v2\variants\gqa-2316943__brightness_0.97.png,false,false,false,true,expert_human_reviewer,2026-10-05,,photometric,(same as original)
gqa-2316943,Is it indoors or outdoors?,contrast_1.03,F:\Sadik\semantic-causal-pathway\.venv\data\vqa_v2\variants\gqa-2316943__contrast_1.03.png,false,false,false,true,expert_human_reviewer,2026-10-05,,photometric,(same as original)
gqa-2316943,Is it indoors or outdoors?,jpeg_quality_92,F:\Sadik\semantic-causal-pathway\.venv\data\vqa_v2\variants\gqa-2316943__jpeg_quality_92.png,true,true,true,true,expert_human_reviewer,2026-10-05,probe,jpeg_compression,(same as original)
gqa-2316943,Is it indoors or outdoors?,jpeg_quality_98,F:\Sadik\semantic-causal-pathway\.venv\data\vqa_v2\variants\gqa-2316943__jpeg_quality_98.png,true,true,true,true,expert_human_reviewer,2026-10-05,probe,jpeg_compression,(same as original)
gqa-2316943,Is it indoors or outdoors?,translate_left_2pct,F:\Sadik\semantic-causal-pathway\.venv\data\vqa_v2\variants\gqa-2316943__translate_left_2pct.png,true,true,true,true,expert_human_reviewer,2026-10-05,heldout,translation,variants/masks/gqa-2316943__translate_left_2pct.png
gqa-2316943,Is it indoors or outdoors?,translate_right_2pct,F:\Sadik\semantic-causal-pathway\.venv\data\vqa_v2\variants\gqa-2316943__translate_right_2pct.png,true,true,true,true,expert_human_reviewer,2026-10-05,heldout,translation,variants/masks/gqa-2316943__translate_right_2pct.png
gqa-2316943,Is it indoors or outdoors?,translate_up_2pct,F:\Sadik\semantic-causal-pathway\.venv\data\vqa_v2\variants\gqa-2316943__translate_up_2pct.png,false,false,false,true,expert_human_reviewer,2026-10-05,,translation,variants/masks/gqa-2316943__translate_up_2pct.png
gqa-2316943,Is it indoors or outdoors?,translate_down_2pct,F:\Sadik\semantic-causal-pathway\.venv\data\vqa_v2\variants\gqa-2316943__translate_down_2pct.png,false,false,false,true,expert_human_reviewer,2026-10-05,,translation,variants/masks/gqa-2316943__translate_down_2pct.png
gqa-2316943,Is it indoors or outdoors?,background_blur,F:\Sadik\semantic-causal-pathway\.venv\data\vqa_v2\variants\gqa-2316943__background_blur.png,false,false,false,true,expert_human_reviewer,2026-10-05,,background_edit,(same as original)
gqa-2316943,Is it indoors or outdoors?,background_neutral,F:\Sadik\semantic-causal-pathway\.venv\data\vqa_v2\variants\gqa-2316943__background_neutral.png,false,false,false,true,expert_human_reviewer,2026-10-05,,background_edit,(same as original)
gqa-2316943,Is it indoors or outdoors?,jpeg_quality_10,F:\Sadik\semantic-causal-pathway\.venv\data\vqa_v2\variants\gqa-2316943__jpeg_quality_10.png,false,false,false,true,expert_human_reviewer,2026-10-05,,jpeg_compression,(rejected)
gqa-2316943,Is it indoors or outdoors?,jpeg_quality_20,F:\Sadik\semantic-causal-pathway\.venv\data\vqa_v2\variants\gqa-2316943__jpeg_quality_20.png,false,false,false,true,expert_human_reviewer,2026-10-05,,jpeg_compression,(rejected)
gqa-2316943,Is it indoors or outdoors?,translate_left_15pct,F:\Sadik\semantic-causal-pathway\.venv\data\vqa_v2\variants\gqa-2316943__translate_left_15pct.png,false,false,false,true,expert_human_reviewer,2026-10-05,,translation,(rejected)
gqa-2316943,Is it indoors or outdoors?,contrast_2.0,F:\Sadik\semantic-causal-pathway\.venv\data\vqa_v2\variants\gqa-2316943__contrast_2.0.png,false,false,false,true,expert_human_reviewer,2026-10-05,,unclassified,(rejected)
gqa-2365778,Who is wearing trousers?,brightness_0.97,F:\Sadik\semantic-causal-pathway\.venv\data\vqa_v2\variants\gqa-2365778__brightness_0.97.png,false,false,false,true,expert_human_reviewer,2026-10-05,,photometric,(same as original)
gqa-2365778,Who is wearing trousers?,contrast_1.03,F:\Sadik\semantic-causal-pathway\.venv\data\vqa_v2\variants\gqa-2365778__contrast_1.03.png,false,false,false,true,expert_human_reviewer,2026-10-05,,photometric,(same as original)
gqa-2365778,Who is wearing trousers?,jpeg_quality_92,F:\Sadik\semantic-causal-pathway\.venv\data\vqa_v2\variants\gqa-2365778__jpeg_quality_92.png,true,true,true,true,expert_human_reviewer,2026-10-05,probe,jpeg_compression,(same as original)
gqa-2365778,Who is wearing trousers?,jpeg_quality_98,F:\Sadik\semantic-causal-pathway\.venv\data\vqa_v2\variants\gqa-2365778__jpeg_quality_98.png,true,true,true,true,expert_human_reviewer,2026-10-05,probe,jpeg_compression,(same as original)
gqa-2365778,Who is wearing trousers?,translate_left_2pct,F:\Sadik\semantic-causal-pathway\.venv\data\vqa_v2\variants\gqa-2365778__translate_left_2pct.png,true,true,true,true,expert_human_reviewer,2026-10-05,heldout,translation,variants/masks/gqa-2365778__translate_left_2pct.png
gqa-2365778,Who is wearing trousers?,translate_right_2pct,F:\Sadik\semantic-causal-pathway\.venv\data\vqa_v2\variants\gqa-2365778__translate_right_2pct.png,true,true,true,true,expert_human_reviewer,2026-10-05,heldout,translation,variants/masks/gqa-2365778__translate_right_2pct.png
gqa-2365778,Who is wearing trousers?,translate_up_2pct,F:\Sadik\semantic-causal-pathway\.venv\data\vqa_v2\variants\gqa-2365778__translate_up_2pct.png,false,false,false,true,expert_human_reviewer,2026-10-05,,translation,variants/masks/gqa-2365778__translate_up_2pct.png
gqa-2365778,Who is wearing trousers?,translate_down_2pct,F:\Sadik\semantic-causal-pathway\.venv\data\vqa_v2\variants\gqa-2365778__translate_down_2pct.png,false,false,false,true,expert_human_reviewer,2026-10-05,,translation,variants/masks/gqa-2365778__translate_down_2pct.png
gqa-2365778,Who is wearing trousers?,background_blur,F:\Sadik\semantic-causal-pathway\.venv\data\vqa_v2\variants\gqa-2365778__background_blur.png,false,false,false,true,expert_human_reviewer,2026-10-05,,background_edit,(same as original)
gqa-2365778,Who is wearing trousers?,background_neutral,F:\Sadik\semantic-causal-pathway\.venv\data\vqa_v2\variants\gqa-2365778__background_neutral.png,false,false,false,true,expert_human_reviewer,2026-10-05,,background_edit,(same as original)
gqa-2365778,Who is wearing trousers?,jpeg_quality_10,F:\Sadik\semantic-causal-pathway\.venv\data\vqa_v2\variants\gqa-2365778__jpeg_quality_10.png,false,false,false,true,expert_human_reviewer,2026-10-05,,jpeg_compression,(rejected)
gqa-2365778,Who is wearing trousers?,jpeg_quality_20,F:\Sadik\semantic-causal-pathway\.venv\data\vqa_v2\variants\gqa-2365778__jpeg_quality_20.png,false,false,false,true,expert_human_reviewer,2026-10-05,,jpeg_compression,(rejected)
gqa-2365778,Who is wearing trousers?,translate_left_15pct,F:\Sadik\semantic-causal-pathway\.venv\data\vqa_v2\variants\gqa-2365778__translate_left_15pct.png,false,false,false,true,expert_human_reviewer,2026-10-05,,translation,(rejected)
gqa-2365778,Who is wearing trousers?,contrast_2.0,F:\Sadik\semantic-causal-pathway\.venv\data\vqa_v2\variants\gqa-2365778__contrast_2.0.png,false,false,false,true,expert_human_reviewer,2026-10-05,,unclassified,(rejected)
vqav2-155774,Is this couple married?,brightness_0.97,F:\Sadik\semantic-causal-pathway\.venv\data\vqa_v2\variants\vqav2-155774__brightness_0.97.png,false,false,false,true,expert_human_reviewer,2026-10-05,,photometric,(same as original)
vqav2-155774,Is this couple married?,contrast_1.03,F:\Sadik\semantic-causal-pathway\.venv\data\vqa_v2\variants\vqav2-155774__contrast_1.03.png,false,false,false,true,expert_human_reviewer,2026-10-05,,photometric,(same as original)
vqav2-155774,Is this couple married?,jpeg_quality_92,F:\Sadik\semantic-causal-pathway\.venv\data\vqa_v2\variants\vqav2-155774__jpeg_quality_92.png,true,true,true,true,expert_human_reviewer,2026-10-05,probe,jpeg_compression,(same as original)
vqav2-155774,Is this couple married?,jpeg_quality_98,F:\Sadik\semantic-causal-pathway\.venv\data\vqa_v2\variants\vqav2-155774__jpeg_quality_98.png,true,true,true,true,expert_human_reviewer,2026-10-05,probe,jpeg_compression,(same as original)
vqav2-155774,Is this couple married?,translate_left_2pct,F:\Sadik\semantic-causal-pathway\.venv\data\vqa_v2\variants\vqav2-155774__translate_left_2pct.png,true,true,true,true,expert_human_reviewer,2026-10-05,heldout,translation,variants/masks/vqav2-155774__translate_left_2pct.png
vqav2-155774,Is this couple married?,translate_right_2pct,F:\Sadik\semantic-causal-pathway\.venv\data\vqa_v2\variants\vqav2-155774__translate_right_2pct.png,true,true,true,true,expert_human_reviewer,2026-10-05,heldout,translation,variants/masks/vqav2-155774__translate_right_2pct.png
vqav2-155774,Is this couple married?,translate_up_2pct,F:\Sadik\semantic-causal-pathway\.venv\data\vqa_v2\variants\vqav2-155774__translate_up_2pct.png,false,false,false,true,expert_human_reviewer,2026-10-05,,translation,variants/masks/vqav2-155774__translate_up_2pct.png
vqav2-155774,Is this couple married?,translate_down_2pct,F:\Sadik\semantic-causal-pathway\.venv\data\vqa_v2\variants\vqav2-155774__translate_down_2pct.png,false,false,false,true,expert_human_reviewer,2026-10-05,,translation,variants/masks/vqav2-155774__translate_down_2pct.png
vqav2-155774,Is this couple married?,background_blur,F:\Sadik\semantic-causal-pathway\.venv\data\vqa_v2\variants\vqav2-155774__background_blur.png,false,false,false,true,expert_human_reviewer,2026-10-05,,background_edit,(same as original)
vqav2-155774,Is this couple married?,background_neutral,F:\Sadik\semantic-causal-pathway\.venv\data\vqa_v2\variants\vqav2-155774__background_neutral.png,false,false,false,true,expert_human_reviewer,2026-10-05,,background_edit,(same as original)
vqav2-155774,Is this couple married?,jpeg_quality_10,F:\Sadik\semantic-causal-pathway\.venv\data\vqa_v2\variants\vqav2-155774__jpeg_quality_10.png,false,false,false,true,expert_human_reviewer,2026-10-05,,jpeg_compression,(rejected)
vqav2-155774,Is this couple married?,jpeg_quality_20,F:\Sadik\semantic-causal-pathway\.venv\data\vqa_v2\variants\vqav2-155774__jpeg_quality_20.png,false,false,false,true,expert_human_reviewer,2026-10-05,,jpeg_compression,(rejected)
vqav2-155774,Is this couple married?,translate_left_15pct,F:\Sadik\semantic-causal-pathway\.venv\data\vqa_v2\variants\vqav2-155774__translate_left_15pct.png,false,false,false,true,expert_human_reviewer,2026-10-05,,translation,(rejected)
vqav2-155774,Is this couple married?,contrast_2.0,F:\Sadik\semantic-causal-pathway\.venv\data\vqa_v2\variants\vqav2-155774__contrast_2.0.png,false,false,false,true,expert_human_reviewer,2026-10-05,,unclassified,(rejected)
gqa-2333723,Are there either orange fire hydrants or objects?,brightness_0.97,F:\Sadik\semantic-causal-pathway\.venv\data\vqa_v2\variants\gqa-2333723__brightness_0.97.png,false,false,false,true,expert_human_reviewer,2026-10-05,,photometric,(same as original)
gqa-2333723,Are there either orange fire hydrants or objects?,contrast_1.03,F:\Sadik\semantic-causal-pathway\.venv\data\vqa_v2\variants\gqa-2333723__contrast_1.03.png,false,false,false,true,expert_human_reviewer,2026-10-05,,photometric,(same as original)
gqa-2333723,Are there either orange fire hydrants or objects?,jpeg_quality_92,F:\Sadik\semantic-causal-pathway\.venv\data\vqa_v2\variants\gqa-2333723__jpeg_quality_92.png,true,true,true,true,expert_human_reviewer,2026-10-05,probe,jpeg_compression,(same as original)
gqa-2333723,Are there either orange fire hydrants or objects?,jpeg_quality_98,F:\Sadik\semantic-causal-pathway\.venv\data\vqa_v2\variants\gqa-2333723__jpeg_quality_98.png,true,true,true,true,expert_human_reviewer,2026-10-05,probe,jpeg_compression,(same as original)
gqa-2333723,Are there either orange fire hydrants or objects?,translate_left_2pct,F:\Sadik\semantic-causal-pathway\.venv\data\vqa_v2\variants\gqa-2333723__translate_left_2pct.png,true,true,true,true,expert_human_reviewer,2026-10-05,heldout,translation,variants/masks/gqa-2333723__translate_left_2pct.png
gqa-2333723,Are there either orange fire hydrants or objects?,translate_right_2pct,F:\Sadik\semantic-causal-pathway\.venv\data\vqa_v2\variants\gqa-2333723__translate_right_2pct.png,true,true,true,true,expert_human_reviewer,2026-10-05,heldout,translation,variants/masks/gqa-2333723__translate_right_2pct.png
gqa-2333723,Are there either orange fire hydrants or objects?,translate_up_2pct,F:\Sadik\semantic-causal-pathway\.venv\data\vqa_v2\variants\gqa-2333723__translate_up_2pct.png,false,false,false,true,expert_human_reviewer,2026-10-05,,translation,variants/masks/gqa-2333723__translate_up_2pct.png
gqa-2333723,Are there either orange fire hydrants or objects?,translate_down_2pct,F:\Sadik\semantic-causal-pathway\.venv\data\vqa_v2\variants\gqa-2333723__translate_down_2pct.png,false,false,false,true,expert_human_reviewer,2026-10-05,,translation,variants/masks/gqa-2333723__translate_down_2pct.png
gqa-2333723,Are there either orange fire hydrants or objects?,background_blur,F:\Sadik\semantic-causal-pathway\.venv\data\vqa_v2\variants\gqa-2333723__background_blur.png,false,false,false,true,expert_human_reviewer,2026-10-05,,background_edit,(same as original)
gqa-2333723,Are there either orange fire hydrants or objects?,background_neutral,F:\Sadik\semantic-causal-pathway\.venv\data\vqa_v2\variants\gqa-2333723__background_neutral.png,false,false,false,true,expert_human_reviewer,2026-10-05,,background_edit,(same as original)
gqa-2333723,Are there either orange fire hydrants or objects?,jpeg_quality_10,F:\Sadik\semantic-causal-pathway\.venv\data\vqa_v2\variants\gqa-2333723__jpeg_quality_10.png,false,false,false,true,expert_human_reviewer,2026-10-05,,jpeg_compression,(rejected)
gqa-2333723,Are there either orange fire hydrants or objects?,jpeg_quality_20,F:\Sadik\semantic-causal-pathway\.venv\data\vqa_v2\variants\gqa-2333723__jpeg_quality_20.png,false,false,false,true,expert_human_reviewer,2026-10-05,,jpeg_compression,(rejected)
gqa-2333723,Are there either orange fire hydrants or objects?,translate_left_15pct,F:\Sadik\semantic-causal-pathway\.venv\data\vqa_v2\variants\gqa-2333723__translate_left_15pct.png,false,false,false,true,expert_human_reviewer,2026-10-05,,translation,(rejected)
gqa-2333723,Are there either orange fire hydrants or objects?,contrast_2.0,F:\Sadik\semantic-causal-pathway\.venv\data\vqa_v2\variants\gqa-2333723__contrast_2.0.png,false,false,false,true,expert_human_reviewer,2026-10-05,,unclassified,(rejected)
gqa-1592951,What is on the ship?,brightness_0.97,F:\Sadik\semantic-causal-pathway\.venv\data\vqa_v2\variants\gqa-1592951__brightness_0.97.png,false,false,false,true,expert_human_reviewer,2026-10-05,,photometric,(same as original)
gqa-1592951,What is on the ship?,contrast_1.03,F:\Sadik\semantic-causal-pathway\.venv\data\vqa_v2\variants\gqa-1592951__contrast_1.03.png,false,false,false,true,expert_human_reviewer,2026-10-05,,photometric,(same as original)
gqa-1592951,What is on the ship?,jpeg_quality_92,F:\Sadik\semantic-causal-pathway\.venv\data\vqa_v2\variants\gqa-1592951__jpeg_quality_92.png,true,true,true,true,expert_human_reviewer,2026-10-05,probe,jpeg_compression,(same as original)
gqa-1592951,What is on the ship?,jpeg_quality_98,F:\Sadik\semantic-causal-pathway\.venv\data\vqa_v2\variants\gqa-1592951__jpeg_quality_98.png,true,true,true,true,expert_human_reviewer,2026-10-05,probe,jpeg_compression,(same as original)
gqa-1592951,What is on the ship?,translate_left_2pct,F:\Sadik\semantic-causal-pathway\.venv\data\vqa_v2\variants\gqa-1592951__translate_left_2pct.png,true,true,true,true,expert_human_reviewer,2026-10-05,heldout,translation,variants/masks/gqa-1592951__translate_left_2pct.png
gqa-1592951,What is on the ship?,translate_right_2pct,F:\Sadik\semantic-causal-pathway\.venv\data\vqa_v2\variants\gqa-1592951__translate_right_2pct.png,true,true,true,true,expert_human_reviewer,2026-10-05,heldout,translation,variants/masks/gqa-1592951__translate_right_2pct.png
gqa-1592951,What is on the ship?,translate_up_2pct,F:\Sadik\semantic-causal-pathway\.venv\data\vqa_v2\variants\gqa-1592951__translate_up_2pct.png,false,false,false,true,expert_human_reviewer,2026-10-05,,translation,variants/masks/gqa-1592951__translate_up_2pct.png
gqa-1592951,What is on the ship?,translate_down_2pct,F:\Sadik\semantic-causal-pathway\.venv\data\vqa_v2\variants\gqa-1592951__translate_down_2pct.png,false,false,false,true,expert_human_reviewer,2026-10-05,,translation,variants/masks/gqa-1592951__translate_down_2pct.png
gqa-1592951,What is on the ship?,background_blur,F:\Sadik\semantic-causal-pathway\.venv\data\vqa_v2\variants\gqa-1592951__background_blur.png,false,false,false,true,expert_human_reviewer,2026-10-05,,background_edit,(same as original)
gqa-1592951,What is on the ship?,background_neutral,F:\Sadik\semantic-causal-pathway\.venv\data\vqa_v2\variants\gqa-1592951__background_neutral.png,false,false,false,true,expert_human_reviewer,2026-10-05,,background_edit,(same as original)
gqa-1592951,What is on the ship?,jpeg_quality_10,F:\Sadik\semantic-causal-pathway\.venv\data\vqa_v2\variants\gqa-1592951__jpeg_quality_10.png,false,false,false,true,expert_human_reviewer,2026-10-05,,jpeg_compression,(rejected)
gqa-1592951,What is on the ship?,jpeg_quality_20,F:\Sadik\semantic-causal-pathway\.venv\data\vqa_v2\variants\gqa-1592951__jpeg_quality_20.png,false,false,false,true,expert_human_reviewer,2026-10-05,,jpeg_compression,(rejected)
gqa-1592951,What is on the ship?,translate_left_15pct,F:\Sadik\semantic-causal-pathway\.venv\data\vqa_v2\variants\gqa-1592951__translate_left_15pct.png,false,false,false,true,expert_human_reviewer,2026-10-05,,translation,(rejected)
gqa-1592951,What is on the ship?,contrast_2.0,F:\Sadik\semantic-causal-pathway\.venv\data\vqa_v2\variants\gqa-1592951__contrast_2.0.png,false,false,false,true,expert_human_reviewer,2026-10-05,,unclassified,(rejected)
gqa-2324933,Are there faucets to the left of the container which is of the towels?,brightness_0.97,F:\Sadik\semantic-causal-pathway\.venv\data\vqa_v2\variants\gqa-2324933__brightness_0.97.png,false,false,false,true,expert_human_reviewer,2026-10-05,,photometric,(same as original)
gqa-2324933,Are there faucets to the left of the container which is of the towels?,contrast_1.03,F:\Sadik\semantic-causal-pathway\.venv\data\vqa_v2\variants\gqa-2324933__contrast_1.03.png,false,false,false,true,expert_human_reviewer,2026-10-05,,photometric,(same as original)
gqa-2324933,Are there faucets to the left of the container which is of the towels?,jpeg_quality_92,F:\Sadik\semantic-causal-pathway\.venv\data\vqa_v2\variants\gqa-2324933__jpeg_quality_92.png,true,true,true,true,expert_human_reviewer,2026-10-05,probe,jpeg_compression,(same as original)
gqa-2324933,Are there faucets to the left of the container which is of the towels?,jpeg_quality_98,F:\Sadik\semantic-causal-pathway\.venv\data\vqa_v2\variants\gqa-2324933__jpeg_quality_98.png,true,true,true,true,expert_human_reviewer,2026-10-05,probe,jpeg_compression,(same as original)
gqa-2324933,Are there faucets to the left of the container which is of the towels?,translate_left_2pct,F:\Sadik\semantic-causal-pathway\.venv\data\vqa_v2\variants\gqa-2324933__translate_left_2pct.png,true,true,true,true,expert_human_reviewer,2026-10-05,heldout,translation,variants/masks/gqa-2324933__translate_left_2pct.png
gqa-2324933,Are there faucets to the left of the container which is of the towels?,translate_right_2pct,F:\Sadik\semantic-causal-pathway\.venv\data\vqa_v2\variants\gqa-2324933__translate_right_2pct.png,true,true,true,true,expert_human_reviewer,2026-10-05,heldout,translation,variants/masks/gqa-2324933__translate_right_2pct.png
gqa-2324933,Are there faucets to the left of the container which is of the towels?,translate_up_2pct,F:\Sadik\semantic-causal-pathway\.venv\data\vqa_v2\variants\gqa-2324933__translate_up_2pct.png,false,false,false,true,expert_human_reviewer,2026-10-05,,translation,variants/masks/gqa-2324933__translate_up_2pct.png
gqa-2324933,Are there faucets to the left of the container which is of the towels?,translate_down_2pct,F:\Sadik\semantic-causal-pathway\.venv\data\vqa_v2\variants\gqa-2324933__translate_down_2pct.png,false,false,false,true,expert_human_reviewer,2026-10-05,,translation,variants/masks/gqa-2324933__translate_down_2pct.png
gqa-2324933,Are there faucets to the left of the container which is of the towels?,background_blur,F:\Sadik\semantic-causal-pathway\.venv\data\vqa_v2\variants\gqa-2324933__background_blur.png,false,false,false,true,expert_human_reviewer,2026-10-05,,background_edit,(same as original)
gqa-2324933,Are there faucets to the left of the container which is of the towels?,background_neutral,F:\Sadik\semantic-causal-pathway\.venv\data\vqa_v2\variants\gqa-2324933__background_neutral.png,false,false,false,true,expert_human_reviewer,2026-10-05,,background_edit,(same as original)
gqa-2324933,Are there faucets to the left of the container which is of the towels?,jpeg_quality_10,F:\Sadik\semantic-causal-pathway\.venv\data\vqa_v2\variants\gqa-2324933__jpeg_quality_10.png,false,false,false,true,expert_human_reviewer,2026-10-05,,jpeg_compression,(rejected)
gqa-2324933,Are there faucets to the left of the container which is of the towels?,jpeg_quality_20,F:\Sadik\semantic-causal-pathway\.venv\data\vqa_v2\variants\gqa-2324933__jpeg_quality_20.png,false,false,false,true,expert_human_reviewer,2026-10-05,,jpeg_compression,(rejected)
gqa-2324933,Are there faucets to the left of the container which is of the towels?,translate_left_15pct,F:\Sadik\semantic-causal-pathway\.venv\data\vqa_v2\variants\gqa-2324933__translate_left_15pct.png,false,false,false,true,expert_human_reviewer,2026-10-05,,translation,(rejected)
gqa-2324933,Are there faucets to the left of the container which is of the towels?,contrast_2.0,F:\Sadik\semantic-causal-pathway\.venv\data\vqa_v2\variants\gqa-2324933__contrast_2.0.png,false,false,false,true,expert_human_reviewer,2026-10-05,,unclassified,(rejected)
gqa-1204,Is the floor blue or dark brown?,brightness_0.97,F:\Sadik\semantic-causal-pathway\.venv\data\vqa_v2\variants\gqa-1204__brightness_0.97.png,false,false,false,true,expert_human_reviewer,2026-10-05,,photometric,(same as original)
gqa-1204,Is the floor blue or dark brown?,contrast_1.03,F:\Sadik\semantic-causal-pathway\.venv\data\vqa_v2\variants\gqa-1204__contrast_1.03.png,false,false,false,true,expert_human_reviewer,2026-10-05,,photometric,(same as original)
gqa-1204,Is the floor blue or dark brown?,jpeg_quality_92,F:\Sadik\semantic-causal-pathway\.venv\data\vqa_v2\variants\gqa-1204__jpeg_quality_92.png,true,true,true,true,expert_human_reviewer,2026-10-05,probe,jpeg_compression,(same as original)
gqa-1204,Is the floor blue or dark brown?,jpeg_quality_98,F:\Sadik\semantic-causal-pathway\.venv\data\vqa_v2\variants\gqa-1204__jpeg_quality_98.png,true,true,true,true,expert_human_reviewer,2026-10-05,probe,jpeg_compression,(same as original)
gqa-1204,Is the floor blue or dark brown?,translate_left_2pct,F:\Sadik\semantic-causal-pathway\.venv\data\vqa_v2\variants\gqa-1204__translate_left_2pct.png,true,true,true,true,expert_human_reviewer,2026-10-05,heldout,translation,variants/masks/gqa-1204__translate_left_2pct.png
gqa-1204,Is the floor blue or dark brown?,translate_right_2pct,F:\Sadik\semantic-causal-pathway\.venv\data\vqa_v2\variants\gqa-1204__translate_right_2pct.png,true,true,true,true,expert_human_reviewer,2026-10-05,heldout,translation,variants/masks/gqa-1204__translate_right_2pct.png
gqa-1204,Is the floor blue or dark brown?,translate_up_2pct,F:\Sadik\semantic-causal-pathway\.venv\data\vqa_v2\variants\gqa-1204__translate_up_2pct.png,false,false,false,true,expert_human_reviewer,2026-10-05,,translation,variants/masks/gqa-1204__translate_up_2pct.png
gqa-1204,Is the floor blue or dark brown?,translate_down_2pct,F:\Sadik\semantic-causal-pathway\.venv\data\vqa_v2\variants\gqa-1204__translate_down_2pct.png,false,false,false,true,expert_human_reviewer,2026-10-05,,translation,variants/masks/gqa-1204__translate_down_2pct.png
gqa-1204,Is the floor blue or dark brown?,background_blur,F:\Sadik\semantic-causal-pathway\.venv\data\vqa_v2\variants\gqa-1204__background_blur.png,false,false,false,true,expert_human_reviewer,2026-10-05,,background_edit,(same as original)
gqa-1204,Is the floor blue or dark brown?,background_neutral,F:\Sadik\semantic-causal-pathway\.venv\data\vqa_v2\variants\gqa-1204__background_neutral.png,false,false,false,true,expert_human_reviewer,2026-10-05,,background_edit,(same as original)
gqa-1204,Is the floor blue or dark brown?,jpeg_quality_10,F:\Sadik\semantic-causal-pathway\.venv\data\vqa_v2\variants\gqa-1204__jpeg_quality_10.png,false,false,false,true,expert_human_reviewer,2026-10-05,,jpeg_compression,(rejected)
gqa-1204,Is the floor blue or dark brown?,jpeg_quality_20,F:\Sadik\semantic-causal-pathway\.venv\data\vqa_v2\variants\gqa-1204__jpeg_quality_20.png,false,false,false,true,expert_human_reviewer,2026-10-05,,jpeg_compression,(rejected)
gqa-1204,Is the floor blue or dark brown?,translate_left_15pct,F:\Sadik\semantic-causal-pathway\.venv\data\vqa_v2\variants\gqa-1204__translate_left_15pct.png,false,false,false,true,expert_human_reviewer,2026-10-05,,translation,(rejected)
gqa-1204,Is the floor blue or dark brown?,contrast_2.0,F:\Sadik\semantic-causal-pathway\.venv\data\vqa_v2\variants\gqa-1204__contrast_2.0.png,false,false,false,true,expert_human_reviewer,2026-10-05,,unclassified,(rejected)
gqa-2400631,Do you see any clocks or scooters?,brightness_0.97,F:\Sadik\semantic-causal-pathway\.venv\data\vqa_v2\variants\gqa-2400631__brightness_0.97.png,false,false,false,true,expert_human_reviewer,2026-10-05,,photometric,(same as original)
gqa-2400631,Do you see any clocks or scooters?,contrast_1.03,F:\Sadik\semantic-causal-pathway\.venv\data\vqa_v2\variants\gqa-2400631__contrast_1.03.png,false,false,false,true,expert_human_reviewer,2026-10-05,,photometric,(same as original)
gqa-2400631,Do you see any clocks or scooters?,jpeg_quality_92,F:\Sadik\semantic-causal-pathway\.venv\data\vqa_v2\variants\gqa-2400631__jpeg_quality_92.png,true,true,true,true,expert_human_reviewer,2026-10-05,probe,jpeg_compression,(same as original)
gqa-2400631,Do you see any clocks or scooters?,jpeg_quality_98,F:\Sadik\semantic-causal-pathway\.venv\data\vqa_v2\variants\gqa-2400631__jpeg_quality_98.png,true,true,true,true,expert_human_reviewer,2026-10-05,probe,jpeg_compression,(same as original)
gqa-2400631,Do you see any clocks or scooters?,translate_left_2pct,F:\Sadik\semantic-causal-pathway\.venv\data\vqa_v2\variants\gqa-2400631__translate_left_2pct.png,true,true,true,true,expert_human_reviewer,2026-10-05,heldout,translation,variants/masks/gqa-2400631__translate_left_2pct.png
gqa-2400631,Do you see any clocks or scooters?,translate_right_2pct,F:\Sadik\semantic-causal-pathway\.venv\data\vqa_v2\variants\gqa-2400631__translate_right_2pct.png,true,true,true,true,expert_human_reviewer,2026-10-05,heldout,translation,variants/masks/gqa-2400631__translate_right_2pct.png
gqa-2400631,Do you see any clocks or scooters?,translate_up_2pct,F:\Sadik\semantic-causal-pathway\.venv\data\vqa_v2\variants\gqa-2400631__translate_up_2pct.png,false,false,false,true,expert_human_reviewer,2026-10-05,,translation,variants/masks/gqa-2400631__translate_up_2pct.png
gqa-2400631,Do you see any clocks or scooters?,translate_down_2pct,F:\Sadik\semantic-causal-pathway\.venv\data\vqa_v2\variants\gqa-2400631__translate_down_2pct.png,false,false,false,true,expert_human_reviewer,2026-10-05,,translation,variants/masks/gqa-2400631__translate_down_2pct.png
gqa-2400631,Do you see any clocks or scooters?,background_blur,F:\Sadik\semantic-causal-pathway\.venv\data\vqa_v2\variants\gqa-2400631__background_blur.png,false,false,false,true,expert_human_reviewer,2026-10-05,,background_edit,(same as original)
gqa-2400631,Do you see any clocks or scooters?,background_neutral,F:\Sadik\semantic-causal-pathway\.venv\data\vqa_v2\variants\gqa-2400631__background_neutral.png,false,false,false,true,expert_human_reviewer,2026-10-05,,background_edit,(same as original)
gqa-2400631,Do you see any clocks or scooters?,jpeg_quality_10,F:\Sadik\semantic-causal-pathway\.venv\data\vqa_v2\variants\gqa-2400631__jpeg_quality_10.png,false,false,false,true,expert_human_reviewer,2026-10-05,,jpeg_compression,(rejected)
gqa-2400631,Do you see any clocks or scooters?,jpeg_quality_20,F:\Sadik\semantic-causal-pathway\.venv\data\vqa_v2\variants\gqa-2400631__jpeg_quality_20.png,false,false,false,true,expert_human_reviewer,2026-10-05,,jpeg_compression,(rejected)
gqa-2400631,Do you see any clocks or scooters?,translate_left_15pct,F:\Sadik\semantic-causal-pathway\.venv\data\vqa_v2\variants\gqa-2400631__translate_left_15pct.png,false,false,false,true,expert_human_reviewer,2026-10-05,,translation,(rejected)
gqa-2400631,Do you see any clocks or scooters?,contrast_2.0,F:\Sadik\semantic-causal-pathway\.venv\data\vqa_v2\variants\gqa-2400631__contrast_2.0.png,false,false,false,true,expert_human_reviewer,2026-10-05,,unclassified,(rejected)
gqa-2323902,What color is the sky?,jpeg_quality_90,F:\Sadik\semantic-causal-pathway\.venv\data\vqa_v2\variants\gqa-2323902__jpeg_quality_90.png,false,false,false,true,expert_human_reviewer,2026-10-05,,jpeg_compression,(same as original)
gqa-2323902,What color is the sky?,jpeg_quality_92,F:\Sadik\semantic-causal-pathway\.venv\data\vqa_v2\variants\gqa-2323902__jpeg_quality_92.png,true,true,true,true,expert_human_reviewer,2026-10-05,probe,jpeg_compression,(same as original)
gqa-2323902,What color is the sky?,jpeg_quality_95,F:\Sadik\semantic-causal-pathway\.venv\data\vqa_v2\variants\gqa-2323902__jpeg_quality_95.png,false,false,false,true,expert_human_reviewer,2026-10-05,,jpeg_compression,(same as original)
gqa-2323902,What color is the sky?,jpeg_quality_98,F:\Sadik\semantic-causal-pathway\.venv\data\vqa_v2\variants\gqa-2323902__jpeg_quality_98.png,true,true,true,true,expert_human_reviewer,2026-10-05,probe,jpeg_compression,(same as original)
gqa-2323902,What color is the sky?,translate_left_2pct,F:\Sadik\semantic-causal-pathway\.venv\data\vqa_v2\variants\gqa-2323902__translate_left_2pct.png,true,true,true,true,expert_human_reviewer,2026-10-05,heldout,translation,variants/masks/gqa-2323902__translate_left_2pct.png
gqa-2323902,What color is the sky?,translate_right_2pct,F:\Sadik\semantic-causal-pathway\.venv\data\vqa_v2\variants\gqa-2323902__translate_right_2pct.png,true,true,true,true,expert_human_reviewer,2026-10-05,heldout,translation,variants/masks/gqa-2323902__translate_right_2pct.png
gqa-2323902,What color is the sky?,translate_up_2pct,F:\Sadik\semantic-causal-pathway\.venv\data\vqa_v2\variants\gqa-2323902__translate_up_2pct.png,false,false,false,true,expert_human_reviewer,2026-10-05,,translation,variants/masks/gqa-2323902__translate_up_2pct.png
gqa-2323902,What color is the sky?,translate_down_2pct,F:\Sadik\semantic-causal-pathway\.venv\data\vqa_v2\variants\gqa-2323902__translate_down_2pct.png,false,false,false,true,expert_human_reviewer,2026-10-05,,translation,variants/masks/gqa-2323902__translate_down_2pct.png
gqa-2323902,What color is the sky?,background_blur,F:\Sadik\semantic-causal-pathway\.venv\data\vqa_v2\variants\gqa-2323902__background_blur.png,false,false,false,true,expert_human_reviewer,2026-10-05,,background_edit,(same as original)
gqa-2323902,What color is the sky?,background_neutral,F:\Sadik\semantic-causal-pathway\.venv\data\vqa_v2\variants\gqa-2323902__background_neutral.png,false,false,false,true,expert_human_reviewer,2026-10-05,,background_edit,(same as original)
gqa-2323902,What color is the sky?,jpeg_quality_10,F:\Sadik\semantic-causal-pathway\.venv\data\vqa_v2\variants\gqa-2323902__jpeg_quality_10.png,false,false,false,true,expert_human_reviewer,2026-10-05,,jpeg_compression,(rejected)
gqa-2323902,What color is the sky?,jpeg_quality_20,F:\Sadik\semantic-causal-pathway\.venv\data\vqa_v2\variants\gqa-2323902__jpeg_quality_20.png,false,false,false,true,expert_human_reviewer,2026-10-05,,jpeg_compression,(rejected)
gqa-2323902,What color is the sky?,translate_left_15pct,F:\Sadik\semantic-causal-pathway\.venv\data\vqa_v2\variants\gqa-2323902__translate_left_15pct.png,false,false,false,true,expert_human_reviewer,2026-10-05,,translation,(rejected)
gqa-2323902,What color is the sky?,contrast_2.0,F:\Sadik\semantic-causal-pathway\.venv\data\vqa_v2\variants\gqa-2323902__contrast_2.0.png,false,false,false,true,expert_human_reviewer,2026-10-05,,unclassified,(rejected)
gqa-2332799,Are there bananas or grapes?,brightness_0.97,F:\Sadik\semantic-causal-pathway\.venv\data\vqa_v2\variants\gqa-2332799__brightness_0.97.png,false,false,false,true,expert_human_reviewer,2026-10-05,,photometric,(same as original)
gqa-2332799,Are there bananas or grapes?,contrast_1.03,F:\Sadik\semantic-causal-pathway\.venv\data\vqa_v2\variants\gqa-2332799__contrast_1.03.png,false,false,false,true,expert_human_reviewer,2026-10-05,,photometric,(same as original)
gqa-2332799,Are there bananas or grapes?,jpeg_quality_92,F:\Sadik\semantic-causal-pathway\.venv\data\vqa_v2\variants\gqa-2332799__jpeg_quality_92.png,true,true,true,true,expert_human_reviewer,2026-10-05,probe,jpeg_compression,(same as original)
gqa-2332799,Are there bananas or grapes?,jpeg_quality_98,F:\Sadik\semantic-causal-pathway\.venv\data\vqa_v2\variants\gqa-2332799__jpeg_quality_98.png,true,true,true,true,expert_human_reviewer,2026-10-05,probe,jpeg_compression,(same as original)
gqa-2332799,Are there bananas or grapes?,translate_left_2pct,F:\Sadik\semantic-causal-pathway\.venv\data\vqa_v2\variants\gqa-2332799__translate_left_2pct.png,true,true,true,true,expert_human_reviewer,2026-10-05,heldout,translation,variants/masks/gqa-2332799__translate_left_2pct.png
gqa-2332799,Are there bananas or grapes?,translate_right_2pct,F:\Sadik\semantic-causal-pathway\.venv\data\vqa_v2\variants\gqa-2332799__translate_right_2pct.png,true,true,true,true,expert_human_reviewer,2026-10-05,heldout,translation,variants/masks/gqa-2332799__translate_right_2pct.png
gqa-2332799,Are there bananas or grapes?,translate_up_2pct,F:\Sadik\semantic-causal-pathway\.venv\data\vqa_v2\variants\gqa-2332799__translate_up_2pct.png,false,false,false,true,expert_human_reviewer,2026-10-05,,translation,variants/masks/gqa-2332799__translate_up_2pct.png
gqa-2332799,Are there bananas or grapes?,translate_down_2pct,F:\Sadik\semantic-causal-pathway\.venv\data\vqa_v2\variants\gqa-2332799__translate_down_2pct.png,false,false,false,true,expert_human_reviewer,2026-10-05,,translation,variants/masks/gqa-2332799__translate_down_2pct.png
gqa-2332799,Are there bananas or grapes?,background_blur,F:\Sadik\semantic-causal-pathway\.venv\data\vqa_v2\variants\gqa-2332799__background_blur.png,false,false,false,true,expert_human_reviewer,2026-10-05,,background_edit,(same as original)
gqa-2332799,Are there bananas or grapes?,background_neutral,F:\Sadik\semantic-causal-pathway\.venv\data\vqa_v2\variants\gqa-2332799__background_neutral.png,false,false,false,true,expert_human_reviewer,2026-10-05,,background_edit,(same as original)
gqa-2332799,Are there bananas or grapes?,jpeg_quality_10,F:\Sadik\semantic-causal-pathway\.venv\data\vqa_v2\variants\gqa-2332799__jpeg_quality_10.png,false,false,false,true,expert_human_reviewer,2026-10-05,,jpeg_compression,(rejected)
gqa-2332799,Are there bananas or grapes?,jpeg_quality_20,F:\Sadik\semantic-causal-pathway\.venv\data\vqa_v2\variants\gqa-2332799__jpeg_quality_20.png,false,false,false,true,expert_human_reviewer,2026-10-05,,jpeg_compression,(rejected)
gqa-2332799,Are there bananas or grapes?,translate_left_15pct,F:\Sadik\semantic-causal-pathway\.venv\data\vqa_v2\variants\gqa-2332799__translate_left_15pct.png,false,false,false,true,expert_human_reviewer,2026-10-05,,translation,(rejected)
gqa-2332799,Are there bananas or grapes?,contrast_2.0,F:\Sadik\semantic-causal-pathway\.venv\data\vqa_v2\variants\gqa-2332799__contrast_2.0.png,false,false,false,true,expert_human_reviewer,2026-10-05,,unclassified,(rejected)
gqa-2376957,What is the color of the basket?,jpeg_quality_90,F:\Sadik\semantic-causal-pathway\.venv\data\vqa_v2\variants\gqa-2376957__jpeg_quality_90.png,false,false,false,true,expert_human_reviewer,2026-10-05,,jpeg_compression,(same as original)
gqa-2376957,What is the color of the basket?,jpeg_quality_92,F:\Sadik\semantic-causal-pathway\.venv\data\vqa_v2\variants\gqa-2376957__jpeg_quality_92.png,true,true,true,true,expert_human_reviewer,2026-10-05,probe,jpeg_compression,(same as original)
gqa-2376957,What is the color of the basket?,jpeg_quality_95,F:\Sadik\semantic-causal-pathway\.venv\data\vqa_v2\variants\gqa-2376957__jpeg_quality_95.png,false,false,false,true,expert_human_reviewer,2026-10-05,,jpeg_compression,(same as original)
gqa-2376957,What is the color of the basket?,jpeg_quality_98,F:\Sadik\semantic-causal-pathway\.venv\data\vqa_v2\variants\gqa-2376957__jpeg_quality_98.png,true,true,true,true,expert_human_reviewer,2026-10-05,probe,jpeg_compression,(same as original)
gqa-2376957,What is the color of the basket?,translate_left_2pct,F:\Sadik\semantic-causal-pathway\.venv\data\vqa_v2\variants\gqa-2376957__translate_left_2pct.png,true,true,true,true,expert_human_reviewer,2026-10-05,heldout,translation,variants/masks/gqa-2376957__translate_left_2pct.png
gqa-2376957,What is the color of the basket?,translate_right_2pct,F:\Sadik\semantic-causal-pathway\.venv\data\vqa_v2\variants\gqa-2376957__translate_right_2pct.png,true,true,true,true,expert_human_reviewer,2026-10-05,heldout,translation,variants/masks/gqa-2376957__translate_right_2pct.png
gqa-2376957,What is the color of the basket?,translate_up_2pct,F:\Sadik\semantic-causal-pathway\.venv\data\vqa_v2\variants\gqa-2376957__translate_up_2pct.png,false,false,false,true,expert_human_reviewer,2026-10-05,,translation,variants/masks/gqa-2376957__translate_up_2pct.png
gqa-2376957,What is the color of the basket?,translate_down_2pct,F:\Sadik\semantic-causal-pathway\.venv\data\vqa_v2\variants\gqa-2376957__translate_down_2pct.png,false,false,false,true,expert_human_reviewer,2026-10-05,,translation,variants/masks/gqa-2376957__translate_down_2pct.png
gqa-2376957,What is the color of the basket?,background_blur,F:\Sadik\semantic-causal-pathway\.venv\data\vqa_v2\variants\gqa-2376957__background_blur.png,false,false,false,true,expert_human_reviewer,2026-10-05,,background_edit,(same as original)
gqa-2376957,What is the color of the basket?,background_neutral,F:\Sadik\semantic-causal-pathway\.venv\data\vqa_v2\variants\gqa-2376957__background_neutral.png,false,false,false,true,expert_human_reviewer,2026-10-05,,background_edit,(same as original)
gqa-2376957,What is the color of the basket?,jpeg_quality_10,F:\Sadik\semantic-causal-pathway\.venv\data\vqa_v2\variants\gqa-2376957__jpeg_quality_10.png,false,false,false,true,expert_human_reviewer,2026-10-05,,jpeg_compression,(rejected)
gqa-2376957,What is the color of the basket?,jpeg_quality_20,F:\Sadik\semantic-causal-pathway\.venv\data\vqa_v2\variants\gqa-2376957__jpeg_quality_20.png,false,false,false,true,expert_human_reviewer,2026-10-05,,jpeg_compression,(rejected)
gqa-2376957,What is the color of the basket?,translate_left_15pct,F:\Sadik\semantic-causal-pathway\.venv\data\vqa_v2\variants\gqa-2376957__translate_left_15pct.png,false,false,false,true,expert_human_reviewer,2026-10-05,,translation,(rejected)
gqa-2376957,What is the color of the basket?,contrast_2.0,F:\Sadik\semantic-causal-pathway\.venv\data\vqa_v2\variants\gqa-2376957__contrast_2.0.png,false,false,false,true,expert_human_reviewer,2026-10-05,,unclassified,(rejected)
vqav2-439522,Is she listening to music?,brightness_0.97,F:\Sadik\semantic-causal-pathway\.venv\data\vqa_v2\variants\vqav2-439522__brightness_0.97.png,false,false,false,true,expert_human_reviewer,2026-10-05,,photometric,(same as original)
vqav2-439522,Is she listening to music?,contrast_1.03,F:\Sadik\semantic-causal-pathway\.venv\data\vqa_v2\variants\vqav2-439522__contrast_1.03.png,false,false,false,true,expert_human_reviewer,2026-10-05,,photometric,(same as original)
vqav2-439522,Is she listening to music?,jpeg_quality_92,F:\Sadik\semantic-causal-pathway\.venv\data\vqa_v2\variants\vqav2-439522__jpeg_quality_92.png,true,true,true,true,expert_human_reviewer,2026-10-05,probe,jpeg_compression,(same as original)
vqav2-439522,Is she listening to music?,jpeg_quality_98,F:\Sadik\semantic-causal-pathway\.venv\data\vqa_v2\variants\vqav2-439522__jpeg_quality_98.png,true,true,true,true,expert_human_reviewer,2026-10-05,probe,jpeg_compression,(same as original)
vqav2-439522,Is she listening to music?,translate_left_2pct,F:\Sadik\semantic-causal-pathway\.venv\data\vqa_v2\variants\vqav2-439522__translate_left_2pct.png,true,true,true,true,expert_human_reviewer,2026-10-05,heldout,translation,variants/masks/vqav2-439522__translate_left_2pct.png
vqav2-439522,Is she listening to music?,translate_right_2pct,F:\Sadik\semantic-causal-pathway\.venv\data\vqa_v2\variants\vqav2-439522__translate_right_2pct.png,true,true,true,true,expert_human_reviewer,2026-10-05,heldout,translation,variants/masks/vqav2-439522__translate_right_2pct.png
vqav2-439522,Is she listening to music?,translate_up_2pct,F:\Sadik\semantic-causal-pathway\.venv\data\vqa_v2\variants\vqav2-439522__translate_up_2pct.png,false,false,false,true,expert_human_reviewer,2026-10-05,,translation,variants/masks/vqav2-439522__translate_up_2pct.png
vqav2-439522,Is she listening to music?,translate_down_2pct,F:\Sadik\semantic-causal-pathway\.venv\data\vqa_v2\variants\vqav2-439522__translate_down_2pct.png,false,false,false,true,expert_human_reviewer,2026-10-05,,translation,variants/masks/vqav2-439522__translate_down_2pct.png
vqav2-439522,Is she listening to music?,background_blur,F:\Sadik\semantic-causal-pathway\.venv\data\vqa_v2\variants\vqav2-439522__background_blur.png,false,false,false,true,expert_human_reviewer,2026-10-05,,background_edit,(same as original)
vqav2-439522,Is she listening to music?,background_neutral,F:\Sadik\semantic-causal-pathway\.venv\data\vqa_v2\variants\vqav2-439522__background_neutral.png,false,false,false,true,expert_human_reviewer,2026-10-05,,background_edit,(same as original)
vqav2-439522,Is she listening to music?,jpeg_quality_10,F:\Sadik\semantic-causal-pathway\.venv\data\vqa_v2\variants\vqav2-439522__jpeg_quality_10.png,false,false,false,true,expert_human_reviewer,2026-10-05,,jpeg_compression,(rejected)
vqav2-439522,Is she listening to music?,jpeg_quality_20,F:\Sadik\semantic-causal-pathway\.venv\data\vqa_v2\variants\vqav2-439522__jpeg_quality_20.png,false,false,false,true,expert_human_reviewer,2026-10-05,,jpeg_compression,(rejected)
vqav2-439522,Is she listening to music?,translate_left_15pct,F:\Sadik\semantic-causal-pathway\.venv\data\vqa_v2\variants\vqav2-439522__translate_left_15pct.png,false,false,false,true,expert_human_reviewer,2026-10-05,,translation,(rejected)
vqav2-439522,Is she listening to music?,contrast_2.0,F:\Sadik\semantic-causal-pathway\.venv\data\vqa_v2\variants\vqav2-439522__contrast_2.0.png,false,false,false,true,expert_human_reviewer,2026-10-05,,unclassified,(rejected)
gqa-2360831,Are the shelves to the left or to the right of the white shelf?,brightness_0.97,F:\Sadik\semantic-causal-pathway\.venv\data\vqa_v2\variants\gqa-2360831__brightness_0.97.png,false,false,false,true,expert_human_reviewer,2026-10-05,,photometric,(same as original)
gqa-2360831,Are the shelves to the left or to the right of the white shelf?,contrast_1.03,F:\Sadik\semantic-causal-pathway\.venv\data\vqa_v2\variants\gqa-2360831__contrast_1.03.png,false,false,false,true,expert_human_reviewer,2026-10-05,,photometric,(same as original)
gqa-2360831,Are the shelves to the left or to the right of the white shelf?,jpeg_quality_92,F:\Sadik\semantic-causal-pathway\.venv\data\vqa_v2\variants\gqa-2360831__jpeg_quality_92.png,true,true,true,true,expert_human_reviewer,2026-10-05,probe,jpeg_compression,(same as original)
gqa-2360831,Are the shelves to the left or to the right of the white shelf?,jpeg_quality_98,F:\Sadik\semantic-causal-pathway\.venv\data\vqa_v2\variants\gqa-2360831__jpeg_quality_98.png,true,true,true,true,expert_human_reviewer,2026-10-05,probe,jpeg_compression,(same as original)
gqa-2360831,Are the shelves to the left or to the right of the white shelf?,translate_left_2pct,F:\Sadik\semantic-causal-pathway\.venv\data\vqa_v2\variants\gqa-2360831__translate_left_2pct.png,true,true,true,true,expert_human_reviewer,2026-10-05,heldout,translation,variants/masks/gqa-2360831__translate_left_2pct.png
gqa-2360831,Are the shelves to the left or to the right of the white shelf?,translate_right_2pct,F:\Sadik\semantic-causal-pathway\.venv\data\vqa_v2\variants\gqa-2360831__translate_right_2pct.png,true,true,true,true,expert_human_reviewer,2026-10-05,heldout,translation,variants/masks/gqa-2360831__translate_right_2pct.png
gqa-2360831,Are the shelves to the left or to the right of the white shelf?,translate_up_2pct,F:\Sadik\semantic-causal-pathway\.venv\data\vqa_v2\variants\gqa-2360831__translate_up_2pct.png,false,false,false,true,expert_human_reviewer,2026-10-05,,translation,variants/masks/gqa-2360831__translate_up_2pct.png
gqa-2360831,Are the shelves to the left or to the right of the white shelf?,translate_down_2pct,F:\Sadik\semantic-causal-pathway\.venv\data\vqa_v2\variants\gqa-2360831__translate_down_2pct.png,false,false,false,true,expert_human_reviewer,2026-10-05,,translation,variants/masks/gqa-2360831__translate_down_2pct.png
gqa-2360831,Are the shelves to the left or to the right of the white shelf?,background_blur,F:\Sadik\semantic-causal-pathway\.venv\data\vqa_v2\variants\gqa-2360831__background_blur.png,false,false,false,true,expert_human_reviewer,2026-10-05,,background_edit,(same as original)
gqa-2360831,Are the shelves to the left or to the right of the white shelf?,background_neutral,F:\Sadik\semantic-causal-pathway\.venv\data\vqa_v2\variants\gqa-2360831__background_neutral.png,false,false,false,true,expert_human_reviewer,2026-10-05,,background_edit,(same as original)
gqa-2360831,Are the shelves to the left or to the right of the white shelf?,jpeg_quality_10,F:\Sadik\semantic-causal-pathway\.venv\data\vqa_v2\variants\gqa-2360831__jpeg_quality_10.png,false,false,false,true,expert_human_reviewer,2026-10-05,,jpeg_compression,(rejected)
gqa-2360831,Are the shelves to the left or to the right of the white shelf?,jpeg_quality_20,F:\Sadik\semantic-causal-pathway\.venv\data\vqa_v2\variants\gqa-2360831__jpeg_quality_20.png,false,false,false,true,expert_human_reviewer,2026-10-05,,jpeg_compression,(rejected)
gqa-2360831,Are the shelves to the left or to the right of the white shelf?,translate_left_15pct,F:\Sadik\semantic-causal-pathway\.venv\data\vqa_v2\variants\gqa-2360831__translate_left_15pct.png,false,false,false,true,expert_human_reviewer,2026-10-05,,translation,(rejected)
gqa-2360831,Are the shelves to the left or to the right of the white shelf?,contrast_2.0,F:\Sadik\semantic-causal-pathway\.venv\data\vqa_v2\variants\gqa-2360831__contrast_2.0.png,false,false,false,true,expert_human_reviewer,2026-10-05,,unclassified,(rejected)
vqav2-393942,Are there any humans in this photo?,brightness_0.97,F:\Sadik\semantic-causal-pathway\.venv\data\vqa_v2\variants\vqav2-393942__brightness_0.97.png,false,false,false,true,expert_human_reviewer,2026-10-05,,photometric,(same as original)
vqav2-393942,Are there any humans in this photo?,contrast_1.03,F:\Sadik\semantic-causal-pathway\.venv\data\vqa_v2\variants\vqav2-393942__contrast_1.03.png,false,false,false,true,expert_human_reviewer,2026-10-05,,photometric,(same as original)
vqav2-393942,Are there any humans in this photo?,jpeg_quality_92,F:\Sadik\semantic-causal-pathway\.venv\data\vqa_v2\variants\vqav2-393942__jpeg_quality_92.png,true,true,true,true,expert_human_reviewer,2026-10-05,probe,jpeg_compression,(same as original)
vqav2-393942,Are there any humans in this photo?,jpeg_quality_98,F:\Sadik\semantic-causal-pathway\.venv\data\vqa_v2\variants\vqav2-393942__jpeg_quality_98.png,true,true,true,true,expert_human_reviewer,2026-10-05,probe,jpeg_compression,(same as original)
vqav2-393942,Are there any humans in this photo?,translate_left_2pct,F:\Sadik\semantic-causal-pathway\.venv\data\vqa_v2\variants\vqav2-393942__translate_left_2pct.png,true,true,true,true,expert_human_reviewer,2026-10-05,heldout,translation,variants/masks/vqav2-393942__translate_left_2pct.png
vqav2-393942,Are there any humans in this photo?,translate_right_2pct,F:\Sadik\semantic-causal-pathway\.venv\data\vqa_v2\variants\vqav2-393942__translate_right_2pct.png,true,true,true,true,expert_human_reviewer,2026-10-05,heldout,translation,variants/masks/vqav2-393942__translate_right_2pct.png
vqav2-393942,Are there any humans in this photo?,translate_up_2pct,F:\Sadik\semantic-causal-pathway\.venv\data\vqa_v2\variants\vqav2-393942__translate_up_2pct.png,false,false,false,true,expert_human_reviewer,2026-10-05,,translation,variants/masks/vqav2-393942__translate_up_2pct.png
vqav2-393942,Are there any humans in this photo?,translate_down_2pct,F:\Sadik\semantic-causal-pathway\.venv\data\vqa_v2\variants\vqav2-393942__translate_down_2pct.png,false,false,false,true,expert_human_reviewer,2026-10-05,,translation,variants/masks/vqav2-393942__translate_down_2pct.png
vqav2-393942,Are there any humans in this photo?,background_blur,F:\Sadik\semantic-causal-pathway\.venv\data\vqa_v2\variants\vqav2-393942__background_blur.png,false,false,false,true,expert_human_reviewer,2026-10-05,,background_edit,(same as original)
vqav2-393942,Are there any humans in this photo?,background_neutral,F:\Sadik\semantic-causal-pathway\.venv\data\vqa_v2\variants\vqav2-393942__background_neutral.png,false,false,false,true,expert_human_reviewer,2026-10-05,,background_edit,(same as original)
vqav2-393942,Are there any humans in this photo?,jpeg_quality_10,F:\Sadik\semantic-causal-pathway\.venv\data\vqa_v2\variants\vqav2-393942__jpeg_quality_10.png,false,false,false,true,expert_human_reviewer,2026-10-05,,jpeg_compression,(rejected)
vqav2-393942,Are there any humans in this photo?,jpeg_quality_20,F:\Sadik\semantic-causal-pathway\.venv\data\vqa_v2\variants\vqav2-393942__jpeg_quality_20.png,false,false,false,true,expert_human_reviewer,2026-10-05,,jpeg_compression,(rejected)
vqav2-393942,Are there any humans in this photo?,translate_left_15pct,F:\Sadik\semantic-causal-pathway\.venv\data\vqa_v2\variants\vqav2-393942__translate_left_15pct.png,false,false,false,true,expert_human_reviewer,2026-10-05,,translation,(rejected)
vqav2-393942,Are there any humans in this photo?,contrast_2.0,F:\Sadik\semantic-causal-pathway\.venv\data\vqa_v2\variants\vqav2-393942__contrast_2.0.png,false,false,false,true,expert_human_reviewer,2026-10-05,,unclassified,(rejected)
vqav2-380388,What is the engine's number?,brightness_0.97,F:\Sadik\semantic-causal-pathway\.venv\data\vqa_v2\variants\vqav2-380388__brightness_0.97.png,false,false,false,true,expert_human_reviewer,2026-10-05,,photometric,(same as original)
vqav2-380388,What is the engine's number?,contrast_1.03,F:\Sadik\semantic-causal-pathway\.venv\data\vqa_v2\variants\vqav2-380388__contrast_1.03.png,false,false,false,true,expert_human_reviewer,2026-10-05,,photometric,(same as original)
vqav2-380388,What is the engine's number?,jpeg_quality_92,F:\Sadik\semantic-causal-pathway\.venv\data\vqa_v2\variants\vqav2-380388__jpeg_quality_92.png,true,true,true,true,expert_human_reviewer,2026-10-05,probe,jpeg_compression,(same as original)
vqav2-380388,What is the engine's number?,jpeg_quality_98,F:\Sadik\semantic-causal-pathway\.venv\data\vqa_v2\variants\vqav2-380388__jpeg_quality_98.png,true,true,true,true,expert_human_reviewer,2026-10-05,probe,jpeg_compression,(same as original)
vqav2-380388,What is the engine's number?,translate_left_2pct,F:\Sadik\semantic-causal-pathway\.venv\data\vqa_v2\variants\vqav2-380388__translate_left_2pct.png,true,true,true,true,expert_human_reviewer,2026-10-05,heldout,translation,variants/masks/vqav2-380388__translate_left_2pct.png
vqav2-380388,What is the engine's number?,translate_right_2pct,F:\Sadik\semantic-causal-pathway\.venv\data\vqa_v2\variants\vqav2-380388__translate_right_2pct.png,true,true,true,true,expert_human_reviewer,2026-10-05,heldout,translation,variants/masks/vqav2-380388__translate_right_2pct.png
vqav2-380388,What is the engine's number?,translate_up_2pct,F:\Sadik\semantic-causal-pathway\.venv\data\vqa_v2\variants\vqav2-380388__translate_up_2pct.png,false,false,false,true,expert_human_reviewer,2026-10-05,,translation,variants/masks/vqav2-380388__translate_up_2pct.png
vqav2-380388,What is the engine's number?,translate_down_2pct,F:\Sadik\semantic-causal-pathway\.venv\data\vqa_v2\variants\vqav2-380388__translate_down_2pct.png,false,false,false,true,expert_human_reviewer,2026-10-05,,translation,variants/masks/vqav2-380388__translate_down_2pct.png
vqav2-380388,What is the engine's number?,background_blur,F:\Sadik\semantic-causal-pathway\.venv\data\vqa_v2\variants\vqav2-380388__background_blur.png,false,false,false,true,expert_human_reviewer,2026-10-05,,background_edit,(same as original)
vqav2-380388,What is the engine's number?,background_neutral,F:\Sadik\semantic-causal-pathway\.venv\data\vqa_v2\variants\vqav2-380388__background_neutral.png,false,false,false,true,expert_human_reviewer,2026-10-05,,background_edit,(same as original)
vqav2-380388,What is the engine's number?,jpeg_quality_10,F:\Sadik\semantic-causal-pathway\.venv\data\vqa_v2\variants\vqav2-380388__jpeg_quality_10.png,false,false,false,true,expert_human_reviewer,2026-10-05,,jpeg_compression,(rejected)
vqav2-380388,What is the engine's number?,jpeg_quality_20,F:\Sadik\semantic-causal-pathway\.venv\data\vqa_v2\variants\vqav2-380388__jpeg_quality_20.png,false,false,false,true,expert_human_reviewer,2026-10-05,,jpeg_compression,(rejected)
vqav2-380388,What is the engine's number?,translate_left_15pct,F:\Sadik\semantic-causal-pathway\.venv\data\vqa_v2\variants\vqav2-380388__translate_left_15pct.png,false,false,false,true,expert_human_reviewer,2026-10-05,,translation,(rejected)
vqav2-380388,What is the engine's number?,contrast_2.0,F:\Sadik\semantic-causal-pathway\.venv\data\vqa_v2\variants\vqav2-380388__contrast_2.0.png,false,false,false,true,expert_human_reviewer,2026-10-05,,unclassified,(rejected)
vqav2-574297,What color is the horse?,jpeg_quality_90,F:\Sadik\semantic-causal-pathway\.venv\data\vqa_v2\variants\vqav2-574297__jpeg_quality_90.png,false,false,false,true,expert_human_reviewer,2026-10-05,,jpeg_compression,(same as original)
vqav2-574297,What color is the horse?,jpeg_quality_92,F:\Sadik\semantic-causal-pathway\.venv\data\vqa_v2\variants\vqav2-574297__jpeg_quality_92.png,true,true,true,true,expert_human_reviewer,2026-10-05,probe,jpeg_compression,(same as original)
vqav2-574297,What color is the horse?,jpeg_quality_95,F:\Sadik\semantic-causal-pathway\.venv\data\vqa_v2\variants\vqav2-574297__jpeg_quality_95.png,false,false,false,true,expert_human_reviewer,2026-10-05,,jpeg_compression,(same as original)
vqav2-574297,What color is the horse?,jpeg_quality_98,F:\Sadik\semantic-causal-pathway\.venv\data\vqa_v2\variants\vqav2-574297__jpeg_quality_98.png,true,true,true,true,expert_human_reviewer,2026-10-05,probe,jpeg_compression,(same as original)
vqav2-574297,What color is the horse?,translate_left_2pct,F:\Sadik\semantic-causal-pathway\.venv\data\vqa_v2\variants\vqav2-574297__translate_left_2pct.png,true,true,true,true,expert_human_reviewer,2026-10-05,heldout,translation,variants/masks/vqav2-574297__translate_left_2pct.png
vqav2-574297,What color is the horse?,translate_right_2pct,F:\Sadik\semantic-causal-pathway\.venv\data\vqa_v2\variants\vqav2-574297__translate_right_2pct.png,true,true,true,true,expert_human_reviewer,2026-10-05,heldout,translation,variants/masks/vqav2-574297__translate_right_2pct.png
vqav2-574297,What color is the horse?,translate_up_2pct,F:\Sadik\semantic-causal-pathway\.venv\data\vqa_v2\variants\vqav2-574297__translate_up_2pct.png,false,false,false,true,expert_human_reviewer,2026-10-05,,translation,variants/masks/vqav2-574297__translate_up_2pct.png
vqav2-574297,What color is the horse?,translate_down_2pct,F:\Sadik\semantic-causal-pathway\.venv\data\vqa_v2\variants\vqav2-574297__translate_down_2pct.png,false,false,false,true,expert_human_reviewer,2026-10-05,,translation,variants/masks/vqav2-574297__translate_down_2pct.png
vqav2-574297,What color is the horse?,background_blur,F:\Sadik\semantic-causal-pathway\.venv\data\vqa_v2\variants\vqav2-574297__background_blur.png,false,false,false,true,expert_human_reviewer,2026-10-05,,background_edit,(same as original)
vqav2-574297,What color is the horse?,background_neutral,F:\Sadik\semantic-causal-pathway\.venv\data\vqa_v2\variants\vqav2-574297__background_neutral.png,false,false,false,true,expert_human_reviewer,2026-10-05,,background_edit,(same as original)
vqav2-574297,What color is the horse?,jpeg_quality_10,F:\Sadik\semantic-causal-pathway\.venv\data\vqa_v2\variants\vqav2-574297__jpeg_quality_10.png,false,false,false,true,expert_human_reviewer,2026-10-05,,jpeg_compression,(rejected)
vqav2-574297,What color is the horse?,jpeg_quality_20,F:\Sadik\semantic-causal-pathway\.venv\data\vqa_v2\variants\vqav2-574297__jpeg_quality_20.png,false,false,false,true,expert_human_reviewer,2026-10-05,,jpeg_compression,(rejected)
vqav2-574297,What color is the horse?,translate_left_15pct,F:\Sadik\semantic-causal-pathway\.venv\data\vqa_v2\variants\vqav2-574297__translate_left_15pct.png,false,false,false,true,expert_human_reviewer,2026-10-05,,translation,(rejected)
vqav2-574297,What color is the horse?,contrast_2.0,F:\Sadik\semantic-causal-pathway\.venv\data\vqa_v2\variants\vqav2-574297__contrast_2.0.png,false,false,false,true,expert_human_reviewer,2026-10-05,,unclassified,(rejected)
vqav2-372265,Which of the player's arms cannot be seen?,brightness_0.97,F:\Sadik\semantic-causal-pathway\.venv\data\vqa_v2\variants\vqav2-372265__brightness_0.97.png,false,false,false,true,expert_human_reviewer,2026-10-05,,photometric,(same as original)
vqav2-372265,Which of the player's arms cannot be seen?,contrast_1.03,F:\Sadik\semantic-causal-pathway\.venv\data\vqa_v2\variants\vqav2-372265__contrast_1.03.png,false,false,false,true,expert_human_reviewer,2026-10-05,,photometric,(same as original)
vqav2-372265,Which of the player's arms cannot be seen?,jpeg_quality_92,F:\Sadik\semantic-causal-pathway\.venv\data\vqa_v2\variants\vqav2-372265__jpeg_quality_92.png,true,true,true,true,expert_human_reviewer,2026-10-05,probe,jpeg_compression,(same as original)
vqav2-372265,Which of the player's arms cannot be seen?,jpeg_quality_98,F:\Sadik\semantic-causal-pathway\.venv\data\vqa_v2\variants\vqav2-372265__jpeg_quality_98.png,true,true,true,true,expert_human_reviewer,2026-10-05,probe,jpeg_compression,(same as original)
vqav2-372265,Which of the player's arms cannot be seen?,translate_left_2pct,F:\Sadik\semantic-causal-pathway\.venv\data\vqa_v2\variants\vqav2-372265__translate_left_2pct.png,true,true,true,true,expert_human_reviewer,2026-10-05,heldout,translation,variants/masks/vqav2-372265__translate_left_2pct.png
vqav2-372265,Which of the player's arms cannot be seen?,translate_right_2pct,F:\Sadik\semantic-causal-pathway\.venv\data\vqa_v2\variants\vqav2-372265__translate_right_2pct.png,true,true,true,true,expert_human_reviewer,2026-10-05,heldout,translation,variants/masks/vqav2-372265__translate_right_2pct.png
vqav2-372265,Which of the player's arms cannot be seen?,translate_up_2pct,F:\Sadik\semantic-causal-pathway\.venv\data\vqa_v2\variants\vqav2-372265__translate_up_2pct.png,false,false,false,true,expert_human_reviewer,2026-10-05,,translation,variants/masks/vqav2-372265__translate_up_2pct.png
vqav2-372265,Which of the player's arms cannot be seen?,translate_down_2pct,F:\Sadik\semantic-causal-pathway\.venv\data\vqa_v2\variants\vqav2-372265__translate_down_2pct.png,false,false,false,true,expert_human_reviewer,2026-10-05,,translation,variants/masks/vqav2-372265__translate_down_2pct.png
vqav2-372265,Which of the player's arms cannot be seen?,background_blur,F:\Sadik\semantic-causal-pathway\.venv\data\vqa_v2\variants\vqav2-372265__background_blur.png,false,false,false,true,expert_human_reviewer,2026-10-05,,background_edit,(same as original)
vqav2-372265,Which of the player's arms cannot be seen?,background_neutral,F:\Sadik\semantic-causal-pathway\.venv\data\vqa_v2\variants\vqav2-372265__background_neutral.png,false,false,false,true,expert_human_reviewer,2026-10-05,,background_edit,(same as original)
vqav2-372265,Which of the player's arms cannot be seen?,jpeg_quality_10,F:\Sadik\semantic-causal-pathway\.venv\data\vqa_v2\variants\vqav2-372265__jpeg_quality_10.png,false,false,false,true,expert_human_reviewer,2026-10-05,,jpeg_compression,(rejected)
vqav2-372265,Which of the player's arms cannot be seen?,jpeg_quality_20,F:\Sadik\semantic-causal-pathway\.venv\data\vqa_v2\variants\vqav2-372265__jpeg_quality_20.png,false,false,false,true,expert_human_reviewer,2026-10-05,,jpeg_compression,(rejected)
vqav2-372265,Which of the player's arms cannot be seen?,translate_left_15pct,F:\Sadik\semantic-causal-pathway\.venv\data\vqa_v2\variants\vqav2-372265__translate_left_15pct.png,false,false,false,true,expert_human_reviewer,2026-10-05,,translation,(rejected)
vqav2-372265,Which of the player's arms cannot be seen?,contrast_2.0,F:\Sadik\semantic-causal-pathway\.venv\data\vqa_v2\variants\vqav2-372265__contrast_2.0.png,false,false,false,true,expert_human_reviewer,2026-10-05,,unclassified,(rejected)
vqav2-405635,Does this hotel room have any art in it?,brightness_0.97,F:\Sadik\semantic-causal-pathway\.venv\data\vqa_v2\variants\vqav2-405635__brightness_0.97.png,false,false,false,true,expert_human_reviewer,2026-10-05,,photometric,(same as original)
vqav2-405635,Does this hotel room have any art in it?,contrast_1.03,F:\Sadik\semantic-causal-pathway\.venv\data\vqa_v2\variants\vqav2-405635__contrast_1.03.png,false,false,false,true,expert_human_reviewer,2026-10-05,,photometric,(same as original)
vqav2-405635,Does this hotel room have any art in it?,jpeg_quality_92,F:\Sadik\semantic-causal-pathway\.venv\data\vqa_v2\variants\vqav2-405635__jpeg_quality_92.png,true,true,true,true,expert_human_reviewer,2026-10-05,probe,jpeg_compression,(same as original)
vqav2-405635,Does this hotel room have any art in it?,jpeg_quality_98,F:\Sadik\semantic-causal-pathway\.venv\data\vqa_v2\variants\vqav2-405635__jpeg_quality_98.png,true,true,true,true,expert_human_reviewer,2026-10-05,probe,jpeg_compression,(same as original)
vqav2-405635,Does this hotel room have any art in it?,translate_left_2pct,F:\Sadik\semantic-causal-pathway\.venv\data\vqa_v2\variants\vqav2-405635__translate_left_2pct.png,true,true,true,true,expert_human_reviewer,2026-10-05,heldout,translation,variants/masks/vqav2-405635__translate_left_2pct.png
vqav2-405635,Does this hotel room have any art in it?,translate_right_2pct,F:\Sadik\semantic-causal-pathway\.venv\data\vqa_v2\variants\vqav2-405635__translate_right_2pct.png,true,true,true,true,expert_human_reviewer,2026-10-05,heldout,translation,variants/masks/vqav2-405635__translate_right_2pct.png
vqav2-405635,Does this hotel room have any art in it?,translate_up_2pct,F:\Sadik\semantic-causal-pathway\.venv\data\vqa_v2\variants\vqav2-405635__translate_up_2pct.png,false,false,false,true,expert_human_reviewer,2026-10-05,,translation,variants/masks/vqav2-405635__translate_up_2pct.png
vqav2-405635,Does this hotel room have any art in it?,translate_down_2pct,F:\Sadik\semantic-causal-pathway\.venv\data\vqa_v2\variants\vqav2-405635__translate_down_2pct.png,false,false,false,true,expert_human_reviewer,2026-10-05,,translation,variants/masks/vqav2-405635__translate_down_2pct.png
vqav2-405635,Does this hotel room have any art in it?,background_blur,F:\Sadik\semantic-causal-pathway\.venv\data\vqa_v2\variants\vqav2-405635__background_blur.png,false,false,false,true,expert_human_reviewer,2026-10-05,,background_edit,(same as original)
vqav2-405635,Does this hotel room have any art in it?,background_neutral,F:\Sadik\semantic-causal-pathway\.venv\data\vqa_v2\variants\vqav2-405635__background_neutral.png,false,false,false,true,expert_human_reviewer,2026-10-05,,background_edit,(same as original)
vqav2-405635,Does this hotel room have any art in it?,jpeg_quality_10,F:\Sadik\semantic-causal-pathway\.venv\data\vqa_v2\variants\vqav2-405635__jpeg_quality_10.png,false,false,false,true,expert_human_reviewer,2026-10-05,,jpeg_compression,(rejected)
vqav2-405635,Does this hotel room have any art in it?,jpeg_quality_20,F:\Sadik\semantic-causal-pathway\.venv\data\vqa_v2\variants\vqav2-405635__jpeg_quality_20.png,false,false,false,true,expert_human_reviewer,2026-10-05,,jpeg_compression,(rejected)
vqav2-405635,Does this hotel room have any art in it?,translate_left_15pct,F:\Sadik\semantic-causal-pathway\.venv\data\vqa_v2\variants\vqav2-405635__translate_left_15pct.png,false,false,false,true,expert_human_reviewer,2026-10-05,,translation,(rejected)
vqav2-405635,Does this hotel room have any art in it?,contrast_2.0,F:\Sadik\semantic-causal-pathway\.venv\data\vqa_v2\variants\vqav2-405635__contrast_2.0.png,false,false,false,true,expert_human_reviewer,2026-10-05,,unclassified,(rejected)
gqa-2333044,Are there either any umbrellas or bags in the image?,brightness_0.97,F:\Sadik\semantic-causal-pathway\.venv\data\vqa_v2\variants\gqa-2333044__brightness_0.97.png,false,false,false,true,expert_human_reviewer,2026-10-05,,photometric,(same as original)
gqa-2333044,Are there either any umbrellas or bags in the image?,contrast_1.03,F:\Sadik\semantic-causal-pathway\.venv\data\vqa_v2\variants\gqa-2333044__contrast_1.03.png,false,false,false,true,expert_human_reviewer,2026-10-05,,photometric,(same as original)
gqa-2333044,Are there either any umbrellas or bags in the image?,jpeg_quality_92,F:\Sadik\semantic-causal-pathway\.venv\data\vqa_v2\variants\gqa-2333044__jpeg_quality_92.png,true,true,true,true,expert_human_reviewer,2026-10-05,probe,jpeg_compression,(same as original)
gqa-2333044,Are there either any umbrellas or bags in the image?,jpeg_quality_98,F:\Sadik\semantic-causal-pathway\.venv\data\vqa_v2\variants\gqa-2333044__jpeg_quality_98.png,true,true,true,true,expert_human_reviewer,2026-10-05,probe,jpeg_compression,(same as original)
gqa-2333044,Are there either any umbrellas or bags in the image?,translate_left_2pct,F:\Sadik\semantic-causal-pathway\.venv\data\vqa_v2\variants\gqa-2333044__translate_left_2pct.png,true,true,true,true,expert_human_reviewer,2026-10-05,heldout,translation,variants/masks/gqa-2333044__translate_left_2pct.png
gqa-2333044,Are there either any umbrellas or bags in the image?,translate_right_2pct,F:\Sadik\semantic-causal-pathway\.venv\data\vqa_v2\variants\gqa-2333044__translate_right_2pct.png,true,true,true,true,expert_human_reviewer,2026-10-05,heldout,translation,variants/masks/gqa-2333044__translate_right_2pct.png
gqa-2333044,Are there either any umbrellas or bags in the image?,translate_up_2pct,F:\Sadik\semantic-causal-pathway\.venv\data\vqa_v2\variants\gqa-2333044__translate_up_2pct.png,false,false,false,true,expert_human_reviewer,2026-10-05,,translation,variants/masks/gqa-2333044__translate_up_2pct.png
gqa-2333044,Are there either any umbrellas or bags in the image?,translate_down_2pct,F:\Sadik\semantic-causal-pathway\.venv\data\vqa_v2\variants\gqa-2333044__translate_down_2pct.png,false,false,false,true,expert_human_reviewer,2026-10-05,,translation,variants/masks/gqa-2333044__translate_down_2pct.png
gqa-2333044,Are there either any umbrellas or bags in the image?,background_blur,F:\Sadik\semantic-causal-pathway\.venv\data\vqa_v2\variants\gqa-2333044__background_blur.png,false,false,false,true,expert_human_reviewer,2026-10-05,,background_edit,(same as original)
gqa-2333044,Are there either any umbrellas or bags in the image?,background_neutral,F:\Sadik\semantic-causal-pathway\.venv\data\vqa_v2\variants\gqa-2333044__background_neutral.png,false,false,false,true,expert_human_reviewer,2026-10-05,,background_edit,(same as original)
gqa-2333044,Are there either any umbrellas or bags in the image?,jpeg_quality_10,F:\Sadik\semantic-causal-pathway\.venv\data\vqa_v2\variants\gqa-2333044__jpeg_quality_10.png,false,false,false,true,expert_human_reviewer,2026-10-05,,jpeg_compression,(rejected)
gqa-2333044,Are there either any umbrellas or bags in the image?,jpeg_quality_20,F:\Sadik\semantic-causal-pathway\.venv\data\vqa_v2\variants\gqa-2333044__jpeg_quality_20.png,false,false,false,true,expert_human_reviewer,2026-10-05,,jpeg_compression,(rejected)
gqa-2333044,Are there either any umbrellas or bags in the image?,translate_left_15pct,F:\Sadik\semantic-causal-pathway\.venv\data\vqa_v2\variants\gqa-2333044__translate_left_15pct.png,false,false,false,true,expert_human_reviewer,2026-10-05,,translation,(rejected)
gqa-2333044,Are there either any umbrellas or bags in the image?,contrast_2.0,F:\Sadik\semantic-causal-pathway\.venv\data\vqa_v2\variants\gqa-2333044__contrast_2.0.png,false,false,false,true,expert_human_reviewer,2026-10-05,,unclassified,(rejected)
gqa-2348712,What is in front of the tree?,brightness_0.97,F:\Sadik\semantic-causal-pathway\.venv\data\vqa_v2\variants\gqa-2348712__brightness_0.97.png,false,false,false,true,expert_human_reviewer,2026-10-05,,photometric,(same as original)
gqa-2348712,What is in front of the tree?,contrast_1.03,F:\Sadik\semantic-causal-pathway\.venv\data\vqa_v2\variants\gqa-2348712__contrast_1.03.png,false,false,false,true,expert_human_reviewer,2026-10-05,,photometric,(same as original)
gqa-2348712,What is in front of the tree?,jpeg_quality_92,F:\Sadik\semantic-causal-pathway\.venv\data\vqa_v2\variants\gqa-2348712__jpeg_quality_92.png,true,true,true,true,expert_human_reviewer,2026-10-05,probe,jpeg_compression,(same as original)
gqa-2348712,What is in front of the tree?,jpeg_quality_98,F:\Sadik\semantic-causal-pathway\.venv\data\vqa_v2\variants\gqa-2348712__jpeg_quality_98.png,true,true,true,true,expert_human_reviewer,2026-10-05,probe,jpeg_compression,(same as original)
gqa-2348712,What is in front of the tree?,translate_left_2pct,F:\Sadik\semantic-causal-pathway\.venv\data\vqa_v2\variants\gqa-2348712__translate_left_2pct.png,true,true,true,true,expert_human_reviewer,2026-10-05,heldout,translation,variants/masks/gqa-2348712__translate_left_2pct.png
gqa-2348712,What is in front of the tree?,translate_right_2pct,F:\Sadik\semantic-causal-pathway\.venv\data\vqa_v2\variants\gqa-2348712__translate_right_2pct.png,true,true,true,true,expert_human_reviewer,2026-10-05,heldout,translation,variants/masks/gqa-2348712__translate_right_2pct.png
gqa-2348712,What is in front of the tree?,translate_up_2pct,F:\Sadik\semantic-causal-pathway\.venv\data\vqa_v2\variants\gqa-2348712__translate_up_2pct.png,false,false,false,true,expert_human_reviewer,2026-10-05,,translation,variants/masks/gqa-2348712__translate_up_2pct.png
gqa-2348712,What is in front of the tree?,translate_down_2pct,F:\Sadik\semantic-causal-pathway\.venv\data\vqa_v2\variants\gqa-2348712__translate_down_2pct.png,false,false,false,true,expert_human_reviewer,2026-10-05,,translation,variants/masks/gqa-2348712__translate_down_2pct.png
gqa-2348712,What is in front of the tree?,background_blur,F:\Sadik\semantic-causal-pathway\.venv\data\vqa_v2\variants\gqa-2348712__background_blur.png,false,false,false,true,expert_human_reviewer,2026-10-05,,background_edit,(same as original)
gqa-2348712,What is in front of the tree?,background_neutral,F:\Sadik\semantic-causal-pathway\.venv\data\vqa_v2\variants\gqa-2348712__background_neutral.png,false,false,false,true,expert_human_reviewer,2026-10-05,,background_edit,(same as original)
gqa-2348712,What is in front of the tree?,jpeg_quality_10,F:\Sadik\semantic-causal-pathway\.venv\data\vqa_v2\variants\gqa-2348712__jpeg_quality_10.png,false,false,false,true,expert_human_reviewer,2026-10-05,,jpeg_compression,(rejected)
gqa-2348712,What is in front of the tree?,jpeg_quality_20,F:\Sadik\semantic-causal-pathway\.venv\data\vqa_v2\variants\gqa-2348712__jpeg_quality_20.png,false,false,false,true,expert_human_reviewer,2026-10-05,,jpeg_compression,(rejected)
gqa-2348712,What is in front of the tree?,translate_left_15pct,F:\Sadik\semantic-causal-pathway\.venv\data\vqa_v2\variants\gqa-2348712__translate_left_15pct.png,false,false,false,true,expert_human_reviewer,2026-10-05,,translation,(rejected)
gqa-2348712,What is in front of the tree?,contrast_2.0,F:\Sadik\semantic-causal-pathway\.venv\data\vqa_v2\variants\gqa-2348712__contrast_2.0.png,false,false,false,true,expert_human_reviewer,2026-10-05,,unclassified,(rejected)
vqav2-527887,Is that a baby the woman is holding?,brightness_0.97,F:\Sadik\semantic-causal-pathway\.venv\data\vqa_v2\variants\vqav2-527887__brightness_0.97.png,false,false,false,true,expert_human_reviewer,2026-10-05,,photometric,(same as original)
vqav2-527887,Is that a baby the woman is holding?,contrast_1.03,F:\Sadik\semantic-causal-pathway\.venv\data\vqa_v2\variants\vqav2-527887__contrast_1.03.png,false,false,false,true,expert_human_reviewer,2026-10-05,,photometric,(same as original)
vqav2-527887,Is that a baby the woman is holding?,jpeg_quality_92,F:\Sadik\semantic-causal-pathway\.venv\data\vqa_v2\variants\vqav2-527887__jpeg_quality_92.png,true,true,true,true,expert_human_reviewer,2026-10-05,probe,jpeg_compression,(same as original)
vqav2-527887,Is that a baby the woman is holding?,jpeg_quality_98,F:\Sadik\semantic-causal-pathway\.venv\data\vqa_v2\variants\vqav2-527887__jpeg_quality_98.png,true,true,true,true,expert_human_reviewer,2026-10-05,probe,jpeg_compression,(same as original)
vqav2-527887,Is that a baby the woman is holding?,translate_left_2pct,F:\Sadik\semantic-causal-pathway\.venv\data\vqa_v2\variants\vqav2-527887__translate_left_2pct.png,true,true,true,true,expert_human_reviewer,2026-10-05,heldout,translation,variants/masks/vqav2-527887__translate_left_2pct.png
vqav2-527887,Is that a baby the woman is holding?,translate_right_2pct,F:\Sadik\semantic-causal-pathway\.venv\data\vqa_v2\variants\vqav2-527887__translate_right_2pct.png,true,true,true,true,expert_human_reviewer,2026-10-05,heldout,translation,variants/masks/vqav2-527887__translate_right_2pct.png
vqav2-527887,Is that a baby the woman is holding?,translate_up_2pct,F:\Sadik\semantic-causal-pathway\.venv\data\vqa_v2\variants\vqav2-527887__translate_up_2pct.png,false,false,false,true,expert_human_reviewer,2026-10-05,,translation,variants/masks/vqav2-527887__translate_up_2pct.png
vqav2-527887,Is that a baby the woman is holding?,translate_down_2pct,F:\Sadik\semantic-causal-pathway\.venv\data\vqa_v2\variants\vqav2-527887__translate_down_2pct.png,false,false,false,true,expert_human_reviewer,2026-10-05,,translation,variants/masks/vqav2-527887__translate_down_2pct.png
vqav2-527887,Is that a baby the woman is holding?,background_blur,F:\Sadik\semantic-causal-pathway\.venv\data\vqa_v2\variants\vqav2-527887__background_blur.png,false,false,false,true,expert_human_reviewer,2026-10-05,,background_edit,(same as original)
vqav2-527887,Is that a baby the woman is holding?,background_neutral,F:\Sadik\semantic-causal-pathway\.venv\data\vqa_v2\variants\vqav2-527887__background_neutral.png,false,false,false,true,expert_human_reviewer,2026-10-05,,background_edit,(same as original)
vqav2-527887,Is that a baby the woman is holding?,jpeg_quality_10,F:\Sadik\semantic-causal-pathway\.venv\data\vqa_v2\variants\vqav2-527887__jpeg_quality_10.png,false,false,false,true,expert_human_reviewer,2026-10-05,,jpeg_compression,(rejected)
vqav2-527887,Is that a baby the woman is holding?,jpeg_quality_20,F:\Sadik\semantic-causal-pathway\.venv\data\vqa_v2\variants\vqav2-527887__jpeg_quality_20.png,false,false,false,true,expert_human_reviewer,2026-10-05,,jpeg_compression,(rejected)
vqav2-527887,Is that a baby the woman is holding?,translate_left_15pct,F:\Sadik\semantic-causal-pathway\.venv\data\vqa_v2\variants\vqav2-527887__translate_left_15pct.png,false,false,false,true,expert_human_reviewer,2026-10-05,,translation,(rejected)
vqav2-527887,Is that a baby the woman is holding?,contrast_2.0,F:\Sadik\semantic-causal-pathway\.venv\data\vqa_v2\variants\vqav2-527887__contrast_2.0.png,false,false,false,true,expert_human_reviewer,2026-10-05,,unclassified,(rejected)
gqa-2345900,What is the blue vehicle called?,brightness_0.97,F:\Sadik\semantic-causal-pathway\.venv\data\vqa_v2\variants\gqa-2345900__brightness_0.97.png,false,false,false,true,expert_human_reviewer,2026-10-05,,photometric,(same as original)
gqa-2345900,What is the blue vehicle called?,contrast_1.03,F:\Sadik\semantic-causal-pathway\.venv\data\vqa_v2\variants\gqa-2345900__contrast_1.03.png,false,false,false,true,expert_human_reviewer,2026-10-05,,photometric,(same as original)
gqa-2345900,What is the blue vehicle called?,jpeg_quality_92,F:\Sadik\semantic-causal-pathway\.venv\data\vqa_v2\variants\gqa-2345900__jpeg_quality_92.png,true,true,true,true,expert_human_reviewer,2026-10-05,probe,jpeg_compression,(same as original)
gqa-2345900,What is the blue vehicle called?,jpeg_quality_98,F:\Sadik\semantic-causal-pathway\.venv\data\vqa_v2\variants\gqa-2345900__jpeg_quality_98.png,true,true,true,true,expert_human_reviewer,2026-10-05,probe,jpeg_compression,(same as original)
gqa-2345900,What is the blue vehicle called?,translate_left_2pct,F:\Sadik\semantic-causal-pathway\.venv\data\vqa_v2\variants\gqa-2345900__translate_left_2pct.png,true,true,true,true,expert_human_reviewer,2026-10-05,heldout,translation,variants/masks/gqa-2345900__translate_left_2pct.png
gqa-2345900,What is the blue vehicle called?,translate_right_2pct,F:\Sadik\semantic-causal-pathway\.venv\data\vqa_v2\variants\gqa-2345900__translate_right_2pct.png,true,true,true,true,expert_human_reviewer,2026-10-05,heldout,translation,variants/masks/gqa-2345900__translate_right_2pct.png
gqa-2345900,What is the blue vehicle called?,translate_up_2pct,F:\Sadik\semantic-causal-pathway\.venv\data\vqa_v2\variants\gqa-2345900__translate_up_2pct.png,false,false,false,true,expert_human_reviewer,2026-10-05,,translation,variants/masks/gqa-2345900__translate_up_2pct.png
gqa-2345900,What is the blue vehicle called?,translate_down_2pct,F:\Sadik\semantic-causal-pathway\.venv\data\vqa_v2\variants\gqa-2345900__translate_down_2pct.png,false,false,false,true,expert_human_reviewer,2026-10-05,,translation,variants/masks/gqa-2345900__translate_down_2pct.png
gqa-2345900,What is the blue vehicle called?,background_blur,F:\Sadik\semantic-causal-pathway\.venv\data\vqa_v2\variants\gqa-2345900__background_blur.png,false,false,false,true,expert_human_reviewer,2026-10-05,,background_edit,(same as original)
gqa-2345900,What is the blue vehicle called?,background_neutral,F:\Sadik\semantic-causal-pathway\.venv\data\vqa_v2\variants\gqa-2345900__background_neutral.png,false,false,false,true,expert_human_reviewer,2026-10-05,,background_edit,(same as original)
gqa-2345900,What is the blue vehicle called?,jpeg_quality_10,F:\Sadik\semantic-causal-pathway\.venv\data\vqa_v2\variants\gqa-2345900__jpeg_quality_10.png,false,false,false,true,expert_human_reviewer,2026-10-05,,jpeg_compression,(rejected)
gqa-2345900,What is the blue vehicle called?,jpeg_quality_20,F:\Sadik\semantic-causal-pathway\.venv\data\vqa_v2\variants\gqa-2345900__jpeg_quality_20.png,false,false,false,true,expert_human_reviewer,2026-10-05,,jpeg_compression,(rejected)
gqa-2345900,What is the blue vehicle called?,translate_left_15pct,F:\Sadik\semantic-causal-pathway\.venv\data\vqa_v2\variants\gqa-2345900__translate_left_15pct.png,false,false,false,true,expert_human_reviewer,2026-10-05,,translation,(rejected)
gqa-2345900,What is the blue vehicle called?,contrast_2.0,F:\Sadik\semantic-causal-pathway\.venv\data\vqa_v2\variants\gqa-2345900__contrast_2.0.png,false,false,false,true,expert_human_reviewer,2026-10-05,,unclassified,(rejected)
vqav2-70657,Is someone preparing a dessert?,brightness_0.97,F:\Sadik\semantic-causal-pathway\.venv\data\vqa_v2\variants\vqav2-70657__brightness_0.97.png,false,false,false,true,expert_human_reviewer,2026-10-05,,photometric,(same as original)
vqav2-70657,Is someone preparing a dessert?,contrast_1.03,F:\Sadik\semantic-causal-pathway\.venv\data\vqa_v2\variants\vqav2-70657__contrast_1.03.png,false,false,false,true,expert_human_reviewer,2026-10-05,,photometric,(same as original)
vqav2-70657,Is someone preparing a dessert?,jpeg_quality_92,F:\Sadik\semantic-causal-pathway\.venv\data\vqa_v2\variants\vqav2-70657__jpeg_quality_92.png,true,true,true,true,expert_human_reviewer,2026-10-05,probe,jpeg_compression,(same as original)
vqav2-70657,Is someone preparing a dessert?,jpeg_quality_98,F:\Sadik\semantic-causal-pathway\.venv\data\vqa_v2\variants\vqav2-70657__jpeg_quality_98.png,true,true,true,true,expert_human_reviewer,2026-10-05,probe,jpeg_compression,(same as original)
vqav2-70657,Is someone preparing a dessert?,translate_left_2pct,F:\Sadik\semantic-causal-pathway\.venv\data\vqa_v2\variants\vqav2-70657__translate_left_2pct.png,true,true,true,true,expert_human_reviewer,2026-10-05,heldout,translation,variants/masks/vqav2-70657__translate_left_2pct.png
vqav2-70657,Is someone preparing a dessert?,translate_right_2pct,F:\Sadik\semantic-causal-pathway\.venv\data\vqa_v2\variants\vqav2-70657__translate_right_2pct.png,true,true,true,true,expert_human_reviewer,2026-10-05,heldout,translation,variants/masks/vqav2-70657__translate_right_2pct.png
vqav2-70657,Is someone preparing a dessert?,translate_up_2pct,F:\Sadik\semantic-causal-pathway\.venv\data\vqa_v2\variants\vqav2-70657__translate_up_2pct.png,false,false,false,true,expert_human_reviewer,2026-10-05,,translation,variants/masks/vqav2-70657__translate_up_2pct.png
vqav2-70657,Is someone preparing a dessert?,translate_down_2pct,F:\Sadik\semantic-causal-pathway\.venv\data\vqa_v2\variants\vqav2-70657__translate_down_2pct.png,false,false,false,true,expert_human_reviewer,2026-10-05,,translation,variants/masks/vqav2-70657__translate_down_2pct.png
vqav2-70657,Is someone preparing a dessert?,background_blur,F:\Sadik\semantic-causal-pathway\.venv\data\vqa_v2\variants\vqav2-70657__background_blur.png,false,false,false,true,expert_human_reviewer,2026-10-05,,background_edit,(same as original)
vqav2-70657,Is someone preparing a dessert?,background_neutral,F:\Sadik\semantic-causal-pathway\.venv\data\vqa_v2\variants\vqav2-70657__background_neutral.png,false,false,false,true,expert_human_reviewer,2026-10-05,,background_edit,(same as original)
vqav2-70657,Is someone preparing a dessert?,jpeg_quality_10,F:\Sadik\semantic-causal-pathway\.venv\data\vqa_v2\variants\vqav2-70657__jpeg_quality_10.png,false,false,false,true,expert_human_reviewer,2026-10-05,,jpeg_compression,(rejected)
vqav2-70657,Is someone preparing a dessert?,jpeg_quality_20,F:\Sadik\semantic-causal-pathway\.venv\data\vqa_v2\variants\vqav2-70657__jpeg_quality_20.png,false,false,false,true,expert_human_reviewer,2026-10-05,,jpeg_compression,(rejected)
vqav2-70657,Is someone preparing a dessert?,translate_left_15pct,F:\Sadik\semantic-causal-pathway\.venv\data\vqa_v2\variants\vqav2-70657__translate_left_15pct.png,false,false,false,true,expert_human_reviewer,2026-10-05,,translation,(rejected)
vqav2-70657,Is someone preparing a dessert?,contrast_2.0,F:\Sadik\semantic-causal-pathway\.venv\data\vqa_v2\variants\vqav2-70657__contrast_2.0.png,false,false,false,true,expert_human_reviewer,2026-10-05,,unclassified,(rejected)
gqa-2375356,Is the chimney on the left?,brightness_0.97,F:\Sadik\semantic-causal-pathway\.venv\data\vqa_v2\variants\gqa-2375356__brightness_0.97.png,false,false,false,true,expert_human_reviewer,2026-10-05,,photometric,(same as original)
gqa-2375356,Is the chimney on the left?,contrast_1.03,F:\Sadik\semantic-causal-pathway\.venv\data\vqa_v2\variants\gqa-2375356__contrast_1.03.png,false,false,false,true,expert_human_reviewer,2026-10-05,,photometric,(same as original)
gqa-2375356,Is the chimney on the left?,jpeg_quality_92,F:\Sadik\semantic-causal-pathway\.venv\data\vqa_v2\variants\gqa-2375356__jpeg_quality_92.png,true,true,true,true,expert_human_reviewer,2026-10-05,probe,jpeg_compression,(same as original)
gqa-2375356,Is the chimney on the left?,jpeg_quality_98,F:\Sadik\semantic-causal-pathway\.venv\data\vqa_v2\variants\gqa-2375356__jpeg_quality_98.png,true,true,true,true,expert_human_reviewer,2026-10-05,probe,jpeg_compression,(same as original)
gqa-2375356,Is the chimney on the left?,translate_left_2pct,F:\Sadik\semantic-causal-pathway\.venv\data\vqa_v2\variants\gqa-2375356__translate_left_2pct.png,true,true,true,true,expert_human_reviewer,2026-10-05,heldout,translation,variants/masks/gqa-2375356__translate_left_2pct.png
gqa-2375356,Is the chimney on the left?,translate_right_2pct,F:\Sadik\semantic-causal-pathway\.venv\data\vqa_v2\variants\gqa-2375356__translate_right_2pct.png,true,true,true,true,expert_human_reviewer,2026-10-05,heldout,translation,variants/masks/gqa-2375356__translate_right_2pct.png
gqa-2375356,Is the chimney on the left?,translate_up_2pct,F:\Sadik\semantic-causal-pathway\.venv\data\vqa_v2\variants\gqa-2375356__translate_up_2pct.png,false,false,false,true,expert_human_reviewer,2026-10-05,,translation,variants/masks/gqa-2375356__translate_up_2pct.png
gqa-2375356,Is the chimney on the left?,translate_down_2pct,F:\Sadik\semantic-causal-pathway\.venv\data\vqa_v2\variants\gqa-2375356__translate_down_2pct.png,false,false,false,true,expert_human_reviewer,2026-10-05,,translation,variants/masks/gqa-2375356__translate_down_2pct.png
gqa-2375356,Is the chimney on the left?,background_blur,F:\Sadik\semantic-causal-pathway\.venv\data\vqa_v2\variants\gqa-2375356__background_blur.png,false,false,false,true,expert_human_reviewer,2026-10-05,,background_edit,(same as original)
gqa-2375356,Is the chimney on the left?,background_neutral,F:\Sadik\semantic-causal-pathway\.venv\data\vqa_v2\variants\gqa-2375356__background_neutral.png,false,false,false,true,expert_human_reviewer,2026-10-05,,background_edit,(same as original)
gqa-2375356,Is the chimney on the left?,jpeg_quality_10,F:\Sadik\semantic-causal-pathway\.venv\data\vqa_v2\variants\gqa-2375356__jpeg_quality_10.png,false,false,false,true,expert_human_reviewer,2026-10-05,,jpeg_compression,(rejected)
gqa-2375356,Is the chimney on the left?,jpeg_quality_20,F:\Sadik\semantic-causal-pathway\.venv\data\vqa_v2\variants\gqa-2375356__jpeg_quality_20.png,false,false,false,true,expert_human_reviewer,2026-10-05,,jpeg_compression,(rejected)
gqa-2375356,Is the chimney on the left?,translate_left_15pct,F:\Sadik\semantic-causal-pathway\.venv\data\vqa_v2\variants\gqa-2375356__translate_left_15pct.png,false,false,false,true,expert_human_reviewer,2026-10-05,,translation,(rejected)
gqa-2375356,Is the chimney on the left?,contrast_2.0,F:\Sadik\semantic-causal-pathway\.venv\data\vqa_v2\variants\gqa-2375356__contrast_2.0.png,false,false,false,true,expert_human_reviewer,2026-10-05,,unclassified,(rejected)
gqa-2316597,Are there either any birds or dogs that are not white?,brightness_0.97,F:\Sadik\semantic-causal-pathway\.venv\data\vqa_v2\variants\gqa-2316597__brightness_0.97.png,false,false,false,true,expert_human_reviewer,2026-10-05,,photometric,(same as original)
gqa-2316597,Are there either any birds or dogs that are not white?,contrast_1.03,F:\Sadik\semantic-causal-pathway\.venv\data\vqa_v2\variants\gqa-2316597__contrast_1.03.png,false,false,false,true,expert_human_reviewer,2026-10-05,,photometric,(same as original)
gqa-2316597,Are there either any birds or dogs that are not white?,jpeg_quality_92,F:\Sadik\semantic-causal-pathway\.venv\data\vqa_v2\variants\gqa-2316597__jpeg_quality_92.png,true,true,true,true,expert_human_reviewer,2026-10-05,probe,jpeg_compression,(same as original)
gqa-2316597,Are there either any birds or dogs that are not white?,jpeg_quality_98,F:\Sadik\semantic-causal-pathway\.venv\data\vqa_v2\variants\gqa-2316597__jpeg_quality_98.png,true,true,true,true,expert_human_reviewer,2026-10-05,probe,jpeg_compression,(same as original)
gqa-2316597,Are there either any birds or dogs that are not white?,translate_left_2pct,F:\Sadik\semantic-causal-pathway\.venv\data\vqa_v2\variants\gqa-2316597__translate_left_2pct.png,true,true,true,true,expert_human_reviewer,2026-10-05,heldout,translation,variants/masks/gqa-2316597__translate_left_2pct.png
gqa-2316597,Are there either any birds or dogs that are not white?,translate_right_2pct,F:\Sadik\semantic-causal-pathway\.venv\data\vqa_v2\variants\gqa-2316597__translate_right_2pct.png,true,true,true,true,expert_human_reviewer,2026-10-05,heldout,translation,variants/masks/gqa-2316597__translate_right_2pct.png
gqa-2316597,Are there either any birds or dogs that are not white?,translate_up_2pct,F:\Sadik\semantic-causal-pathway\.venv\data\vqa_v2\variants\gqa-2316597__translate_up_2pct.png,false,false,false,true,expert_human_reviewer,2026-10-05,,translation,variants/masks/gqa-2316597__translate_up_2pct.png
gqa-2316597,Are there either any birds or dogs that are not white?,translate_down_2pct,F:\Sadik\semantic-causal-pathway\.venv\data\vqa_v2\variants\gqa-2316597__translate_down_2pct.png,false,false,false,true,expert_human_reviewer,2026-10-05,,translation,variants/masks/gqa-2316597__translate_down_2pct.png
gqa-2316597,Are there either any birds or dogs that are not white?,background_blur,F:\Sadik\semantic-causal-pathway\.venv\data\vqa_v2\variants\gqa-2316597__background_blur.png,false,false,false,true,expert_human_reviewer,2026-10-05,,background_edit,(same as original)
gqa-2316597,Are there either any birds or dogs that are not white?,background_neutral,F:\Sadik\semantic-causal-pathway\.venv\data\vqa_v2\variants\gqa-2316597__background_neutral.png,false,false,false,true,expert_human_reviewer,2026-10-05,,background_edit,(same as original)
gqa-2316597,Are there either any birds or dogs that are not white?,jpeg_quality_10,F:\Sadik\semantic-causal-pathway\.venv\data\vqa_v2\variants\gqa-2316597__jpeg_quality_10.png,false,false,false,true,expert_human_reviewer,2026-10-05,,jpeg_compression,(rejected)
gqa-2316597,Are there either any birds or dogs that are not white?,jpeg_quality_20,F:\Sadik\semantic-causal-pathway\.venv\data\vqa_v2\variants\gqa-2316597__jpeg_quality_20.png,false,false,false,true,expert_human_reviewer,2026-10-05,,jpeg_compression,(rejected)
gqa-2316597,Are there either any birds or dogs that are not white?,translate_left_15pct,F:\Sadik\semantic-causal-pathway\.venv\data\vqa_v2\variants\gqa-2316597__translate_left_15pct.png,false,false,false,true,expert_human_reviewer,2026-10-05,,translation,(rejected)
gqa-2316597,Are there either any birds or dogs that are not white?,contrast_2.0,F:\Sadik\semantic-causal-pathway\.venv\data\vqa_v2\variants\gqa-2316597__contrast_2.0.png,false,false,false,true,expert_human_reviewer,2026-10-05,,unclassified,(rejected)
vqav2-380459,Is this person wearing a t shirt?,brightness_0.97,F:\Sadik\semantic-causal-pathway\.venv\data\vqa_v2\variants\vqav2-380459__brightness_0.97.png,false,false,false,true,expert_human_reviewer,2026-10-05,,photometric,(same as original)
vqav2-380459,Is this person wearing a t shirt?,contrast_1.03,F:\Sadik\semantic-causal-pathway\.venv\data\vqa_v2\variants\vqav2-380459__contrast_1.03.png,false,false,false,true,expert_human_reviewer,2026-10-05,,photometric,(same as original)
vqav2-380459,Is this person wearing a t shirt?,jpeg_quality_92,F:\Sadik\semantic-causal-pathway\.venv\data\vqa_v2\variants\vqav2-380459__jpeg_quality_92.png,true,true,true,true,expert_human_reviewer,2026-10-05,probe,jpeg_compression,(same as original)
vqav2-380459,Is this person wearing a t shirt?,jpeg_quality_98,F:\Sadik\semantic-causal-pathway\.venv\data\vqa_v2\variants\vqav2-380459__jpeg_quality_98.png,true,true,true,true,expert_human_reviewer,2026-10-05,probe,jpeg_compression,(same as original)
vqav2-380459,Is this person wearing a t shirt?,translate_left_2pct,F:\Sadik\semantic-causal-pathway\.venv\data\vqa_v2\variants\vqav2-380459__translate_left_2pct.png,true,true,true,true,expert_human_reviewer,2026-10-05,heldout,translation,variants/masks/vqav2-380459__translate_left_2pct.png
vqav2-380459,Is this person wearing a t shirt?,translate_right_2pct,F:\Sadik\semantic-causal-pathway\.venv\data\vqa_v2\variants\vqav2-380459__translate_right_2pct.png,true,true,true,true,expert_human_reviewer,2026-10-05,heldout,translation,variants/masks/vqav2-380459__translate_right_2pct.png
vqav2-380459,Is this person wearing a t shirt?,translate_up_2pct,F:\Sadik\semantic-causal-pathway\.venv\data\vqa_v2\variants\vqav2-380459__translate_up_2pct.png,false,false,false,true,expert_human_reviewer,2026-10-05,,translation,variants/masks/vqav2-380459__translate_up_2pct.png
vqav2-380459,Is this person wearing a t shirt?,translate_down_2pct,F:\Sadik\semantic-causal-pathway\.venv\data\vqa_v2\variants\vqav2-380459__translate_down_2pct.png,false,false,false,true,expert_human_reviewer,2026-10-05,,translation,variants/masks/vqav2-380459__translate_down_2pct.png
vqav2-380459,Is this person wearing a t shirt?,background_blur,F:\Sadik\semantic-causal-pathway\.venv\data\vqa_v2\variants\vqav2-380459__background_blur.png,false,false,false,true,expert_human_reviewer,2026-10-05,,background_edit,(same as original)
vqav2-380459,Is this person wearing a t shirt?,background_neutral,F:\Sadik\semantic-causal-pathway\.venv\data\vqa_v2\variants\vqav2-380459__background_neutral.png,false,false,false,true,expert_human_reviewer,2026-10-05,,background_edit,(same as original)
vqav2-380459,Is this person wearing a t shirt?,jpeg_quality_10,F:\Sadik\semantic-causal-pathway\.venv\data\vqa_v2\variants\vqav2-380459__jpeg_quality_10.png,false,false,false,true,expert_human_reviewer,2026-10-05,,jpeg_compression,(rejected)
vqav2-380459,Is this person wearing a t shirt?,jpeg_quality_20,F:\Sadik\semantic-causal-pathway\.venv\data\vqa_v2\variants\vqav2-380459__jpeg_quality_20.png,false,false,false,true,expert_human_reviewer,2026-10-05,,jpeg_compression,(rejected)
vqav2-380459,Is this person wearing a t shirt?,translate_left_15pct,F:\Sadik\semantic-causal-pathway\.venv\data\vqa_v2\variants\vqav2-380459__translate_left_15pct.png,false,false,false,true,expert_human_reviewer,2026-10-05,,translation,(rejected)
vqav2-380459,Is this person wearing a t shirt?,contrast_2.0,F:\Sadik\semantic-causal-pathway\.venv\data\vqa_v2\variants\vqav2-380459__contrast_2.0.png,false,false,false,true,expert_human_reviewer,2026-10-05,,unclassified,(rejected)
gqa-2409738,What is the vegetable in the water called?,brightness_0.97,F:\Sadik\semantic-causal-pathway\.venv\data\vqa_v2\variants\gqa-2409738__brightness_0.97.png,false,false,false,true,expert_human_reviewer,2026-10-05,,photometric,(same as original)
gqa-2409738,What is the vegetable in the water called?,contrast_1.03,F:\Sadik\semantic-causal-pathway\.venv\data\vqa_v2\variants\gqa-2409738__contrast_1.03.png,false,false,false,true,expert_human_reviewer,2026-10-05,,photometric,(same as original)
gqa-2409738,What is the vegetable in the water called?,jpeg_quality_92,F:\Sadik\semantic-causal-pathway\.venv\data\vqa_v2\variants\gqa-2409738__jpeg_quality_92.png,true,true,true,true,expert_human_reviewer,2026-10-05,probe,jpeg_compression,(same as original)
gqa-2409738,What is the vegetable in the water called?,jpeg_quality_98,F:\Sadik\semantic-causal-pathway\.venv\data\vqa_v2\variants\gqa-2409738__jpeg_quality_98.png,true,true,true,true,expert_human_reviewer,2026-10-05,probe,jpeg_compression,(same as original)
gqa-2409738,What is the vegetable in the water called?,translate_left_2pct,F:\Sadik\semantic-causal-pathway\.venv\data\vqa_v2\variants\gqa-2409738__translate_left_2pct.png,true,true,true,true,expert_human_reviewer,2026-10-05,heldout,translation,variants/masks/gqa-2409738__translate_left_2pct.png
gqa-2409738,What is the vegetable in the water called?,translate_right_2pct,F:\Sadik\semantic-causal-pathway\.venv\data\vqa_v2\variants\gqa-2409738__translate_right_2pct.png,true,true,true,true,expert_human_reviewer,2026-10-05,heldout,translation,variants/masks/gqa-2409738__translate_right_2pct.png
gqa-2409738,What is the vegetable in the water called?,translate_up_2pct,F:\Sadik\semantic-causal-pathway\.venv\data\vqa_v2\variants\gqa-2409738__translate_up_2pct.png,false,false,false,true,expert_human_reviewer,2026-10-05,,translation,variants/masks/gqa-2409738__translate_up_2pct.png
gqa-2409738,What is the vegetable in the water called?,translate_down_2pct,F:\Sadik\semantic-causal-pathway\.venv\data\vqa_v2\variants\gqa-2409738__translate_down_2pct.png,false,false,false,true,expert_human_reviewer,2026-10-05,,translation,variants/masks/gqa-2409738__translate_down_2pct.png
gqa-2409738,What is the vegetable in the water called?,background_blur,F:\Sadik\semantic-causal-pathway\.venv\data\vqa_v2\variants\gqa-2409738__background_blur.png,false,false,false,true,expert_human_reviewer,2026-10-05,,background_edit,(same as original)
gqa-2409738,What is the vegetable in the water called?,background_neutral,F:\Sadik\semantic-causal-pathway\.venv\data\vqa_v2\variants\gqa-2409738__background_neutral.png,false,false,false,true,expert_human_reviewer,2026-10-05,,background_edit,(same as original)
gqa-2409738,What is the vegetable in the water called?,jpeg_quality_10,F:\Sadik\semantic-causal-pathway\.venv\data\vqa_v2\variants\gqa-2409738__jpeg_quality_10.png,false,false,false,true,expert_human_reviewer,2026-10-05,,jpeg_compression,(rejected)
gqa-2409738,What is the vegetable in the water called?,jpeg_quality_20,F:\Sadik\semantic-causal-pathway\.venv\data\vqa_v2\variants\gqa-2409738__jpeg_quality_20.png,false,false,false,true,expert_human_reviewer,2026-10-05,,jpeg_compression,(rejected)
gqa-2409738,What is the vegetable in the water called?,translate_left_15pct,F:\Sadik\semantic-causal-pathway\.venv\data\vqa_v2\variants\gqa-2409738__translate_left_15pct.png,false,false,false,true,expert_human_reviewer,2026-10-05,,translation,(rejected)
gqa-2409738,What is the vegetable in the water called?,contrast_2.0,F:\Sadik\semantic-causal-pathway\.venv\data\vqa_v2\variants\gqa-2409738__contrast_2.0.png,false,false,false,true,expert_human_reviewer,2026-10-05,,unclassified,(rejected)
gqa-2395512,Does the vase that looks hard have white color?,jpeg_quality_90,F:\Sadik\semantic-causal-pathway\.venv\data\vqa_v2\variants\gqa-2395512__jpeg_quality_90.png,false,false,false,true,expert_human_reviewer,2026-10-05,,jpeg_compression,(same as original)
gqa-2395512,Does the vase that looks hard have white color?,jpeg_quality_92,F:\Sadik\semantic-causal-pathway\.venv\data\vqa_v2\variants\gqa-2395512__jpeg_quality_92.png,true,true,true,true,expert_human_reviewer,2026-10-05,probe,jpeg_compression,(same as original)
gqa-2395512,Does the vase that looks hard have white color?,jpeg_quality_95,F:\Sadik\semantic-causal-pathway\.venv\data\vqa_v2\variants\gqa-2395512__jpeg_quality_95.png,false,false,false,true,expert_human_reviewer,2026-10-05,,jpeg_compression,(same as original)
gqa-2395512,Does the vase that looks hard have white color?,jpeg_quality_98,F:\Sadik\semantic-causal-pathway\.venv\data\vqa_v2\variants\gqa-2395512__jpeg_quality_98.png,true,true,true,true,expert_human_reviewer,2026-10-05,probe,jpeg_compression,(same as original)
gqa-2395512,Does the vase that looks hard have white color?,translate_left_2pct,F:\Sadik\semantic-causal-pathway\.venv\data\vqa_v2\variants\gqa-2395512__translate_left_2pct.png,true,true,true,true,expert_human_reviewer,2026-10-05,heldout,translation,variants/masks/gqa-2395512__translate_left_2pct.png
gqa-2395512,Does the vase that looks hard have white color?,translate_right_2pct,F:\Sadik\semantic-causal-pathway\.venv\data\vqa_v2\variants\gqa-2395512__translate_right_2pct.png,true,true,true,true,expert_human_reviewer,2026-10-05,heldout,translation,variants/masks/gqa-2395512__translate_right_2pct.png
gqa-2395512,Does the vase that looks hard have white color?,translate_up_2pct,F:\Sadik\semantic-causal-pathway\.venv\data\vqa_v2\variants\gqa-2395512__translate_up_2pct.png,false,false,false,true,expert_human_reviewer,2026-10-05,,translation,variants/masks/gqa-2395512__translate_up_2pct.png
gqa-2395512,Does the vase that looks hard have white color?,translate_down_2pct,F:\Sadik\semantic-causal-pathway\.venv\data\vqa_v2\variants\gqa-2395512__translate_down_2pct.png,false,false,false,true,expert_human_reviewer,2026-10-05,,translation,variants/masks/gqa-2395512__translate_down_2pct.png
gqa-2395512,Does the vase that looks hard have white color?,background_blur,F:\Sadik\semantic-causal-pathway\.venv\data\vqa_v2\variants\gqa-2395512__background_blur.png,false,false,false,true,expert_human_reviewer,2026-10-05,,background_edit,(same as original)
gqa-2395512,Does the vase that looks hard have white color?,background_neutral,F:\Sadik\semantic-causal-pathway\.venv\data\vqa_v2\variants\gqa-2395512__background_neutral.png,false,false,false,true,expert_human_reviewer,2026-10-05,,background_edit,(same as original)
gqa-2395512,Does the vase that looks hard have white color?,jpeg_quality_10,F:\Sadik\semantic-causal-pathway\.venv\data\vqa_v2\variants\gqa-2395512__jpeg_quality_10.png,false,false,false,true,expert_human_reviewer,2026-10-05,,jpeg_compression,(rejected)
gqa-2395512,Does the vase that looks hard have white color?,jpeg_quality_20,F:\Sadik\semantic-causal-pathway\.venv\data\vqa_v2\variants\gqa-2395512__jpeg_quality_20.png,false,false,false,true,expert_human_reviewer,2026-10-05,,jpeg_compression,(rejected)
gqa-2395512,Does the vase that looks hard have white color?,translate_left_15pct,F:\Sadik\semantic-causal-pathway\.venv\data\vqa_v2\variants\gqa-2395512__translate_left_15pct.png,false,false,false,true,expert_human_reviewer,2026-10-05,,translation,(rejected)
gqa-2395512,Does the vase that looks hard have white color?,contrast_2.0,F:\Sadik\semantic-causal-pathway\.venv\data\vqa_v2\variants\gqa-2395512__contrast_2.0.png,false,false,false,true,expert_human_reviewer,2026-10-05,,unclassified,(rejected)
vqav2-142940,What is this person holding?,brightness_0.97,F:\Sadik\semantic-causal-pathway\.venv\data\vqa_v2\variants\vqav2-142940__brightness_0.97.png,false,false,false,true,expert_human_reviewer,2026-10-05,,photometric,(same as original)
vqav2-142940,What is this person holding?,contrast_1.03,F:\Sadik\semantic-causal-pathway\.venv\data\vqa_v2\variants\vqav2-142940__contrast_1.03.png,false,false,false,true,expert_human_reviewer,2026-10-05,,photometric,(same as original)
vqav2-142940,What is this person holding?,jpeg_quality_92,F:\Sadik\semantic-causal-pathway\.venv\data\vqa_v2\variants\vqav2-142940__jpeg_quality_92.png,true,true,true,true,expert_human_reviewer,2026-10-05,probe,jpeg_compression,(same as original)
vqav2-142940,What is this person holding?,jpeg_quality_98,F:\Sadik\semantic-causal-pathway\.venv\data\vqa_v2\variants\vqav2-142940__jpeg_quality_98.png,true,true,true,true,expert_human_reviewer,2026-10-05,probe,jpeg_compression,(same as original)
vqav2-142940,What is this person holding?,translate_left_2pct,F:\Sadik\semantic-causal-pathway\.venv\data\vqa_v2\variants\vqav2-142940__translate_left_2pct.png,true,true,true,true,expert_human_reviewer,2026-10-05,heldout,translation,variants/masks/vqav2-142940__translate_left_2pct.png
vqav2-142940,What is this person holding?,translate_right_2pct,F:\Sadik\semantic-causal-pathway\.venv\data\vqa_v2\variants\vqav2-142940__translate_right_2pct.png,true,true,true,true,expert_human_reviewer,2026-10-05,heldout,translation,variants/masks/vqav2-142940__translate_right_2pct.png
vqav2-142940,What is this person holding?,translate_up_2pct,F:\Sadik\semantic-causal-pathway\.venv\data\vqa_v2\variants\vqav2-142940__translate_up_2pct.png,false,false,false,true,expert_human_reviewer,2026-10-05,,translation,variants/masks/vqav2-142940__translate_up_2pct.png
vqav2-142940,What is this person holding?,translate_down_2pct,F:\Sadik\semantic-causal-pathway\.venv\data\vqa_v2\variants\vqav2-142940__translate_down_2pct.png,false,false,false,true,expert_human_reviewer,2026-10-05,,translation,variants/masks/vqav2-142940__translate_down_2pct.png
vqav2-142940,What is this person holding?,background_blur,F:\Sadik\semantic-causal-pathway\.venv\data\vqa_v2\variants\vqav2-142940__background_blur.png,false,false,false,true,expert_human_reviewer,2026-10-05,,background_edit,(same as original)
vqav2-142940,What is this person holding?,background_neutral,F:\Sadik\semantic-causal-pathway\.venv\data\vqa_v2\variants\vqav2-142940__background_neutral.png,false,false,false,true,expert_human_reviewer,2026-10-05,,background_edit,(same as original)
vqav2-142940,What is this person holding?,jpeg_quality_10,F:\Sadik\semantic-causal-pathway\.venv\data\vqa_v2\variants\vqav2-142940__jpeg_quality_10.png,false,false,false,true,expert_human_reviewer,2026-10-05,,jpeg_compression,(rejected)
vqav2-142940,What is this person holding?,jpeg_quality_20,F:\Sadik\semantic-causal-pathway\.venv\data\vqa_v2\variants\vqav2-142940__jpeg_quality_20.png,false,false,false,true,expert_human_reviewer,2026-10-05,,jpeg_compression,(rejected)
vqav2-142940,What is this person holding?,translate_left_15pct,F:\Sadik\semantic-causal-pathway\.venv\data\vqa_v2\variants\vqav2-142940__translate_left_15pct.png,false,false,false,true,expert_human_reviewer,2026-10-05,,translation,(rejected)
vqav2-142940,What is this person holding?,contrast_2.0,F:\Sadik\semantic-causal-pathway\.venv\data\vqa_v2\variants\vqav2-142940__contrast_2.0.png,false,false,false,true,expert_human_reviewer,2026-10-05,,unclassified,(rejected)
vqav2-240589,Is there anything wrong with this fire hydrant?,brightness_0.97,F:\Sadik\semantic-causal-pathway\.venv\data\vqa_v2\variants\vqav2-240589__brightness_0.97.png,false,false,false,true,expert_human_reviewer,2026-10-05,,photometric,(same as original)
vqav2-240589,Is there anything wrong with this fire hydrant?,contrast_1.03,F:\Sadik\semantic-causal-pathway\.venv\data\vqa_v2\variants\vqav2-240589__contrast_1.03.png,false,false,false,true,expert_human_reviewer,2026-10-05,,photometric,(same as original)
vqav2-240589,Is there anything wrong with this fire hydrant?,jpeg_quality_92,F:\Sadik\semantic-causal-pathway\.venv\data\vqa_v2\variants\vqav2-240589__jpeg_quality_92.png,true,true,true,true,expert_human_reviewer,2026-10-05,probe,jpeg_compression,(same as original)
vqav2-240589,Is there anything wrong with this fire hydrant?,jpeg_quality_98,F:\Sadik\semantic-causal-pathway\.venv\data\vqa_v2\variants\vqav2-240589__jpeg_quality_98.png,true,true,true,true,expert_human_reviewer,2026-10-05,probe,jpeg_compression,(same as original)
vqav2-240589,Is there anything wrong with this fire hydrant?,translate_left_2pct,F:\Sadik\semantic-causal-pathway\.venv\data\vqa_v2\variants\vqav2-240589__translate_left_2pct.png,true,true,true,true,expert_human_reviewer,2026-10-05,heldout,translation,variants/masks/vqav2-240589__translate_left_2pct.png
vqav2-240589,Is there anything wrong with this fire hydrant?,translate_right_2pct,F:\Sadik\semantic-causal-pathway\.venv\data\vqa_v2\variants\vqav2-240589__translate_right_2pct.png,true,true,true,true,expert_human_reviewer,2026-10-05,heldout,translation,variants/masks/vqav2-240589__translate_right_2pct.png
vqav2-240589,Is there anything wrong with this fire hydrant?,translate_up_2pct,F:\Sadik\semantic-causal-pathway\.venv\data\vqa_v2\variants\vqav2-240589__translate_up_2pct.png,false,false,false,true,expert_human_reviewer,2026-10-05,,translation,variants/masks/vqav2-240589__translate_up_2pct.png
vqav2-240589,Is there anything wrong with this fire hydrant?,translate_down_2pct,F:\Sadik\semantic-causal-pathway\.venv\data\vqa_v2\variants\vqav2-240589__translate_down_2pct.png,false,false,false,true,expert_human_reviewer,2026-10-05,,translation,variants/masks/vqav2-240589__translate_down_2pct.png
vqav2-240589,Is there anything wrong with this fire hydrant?,background_blur,F:\Sadik\semantic-causal-pathway\.venv\data\vqa_v2\variants\vqav2-240589__background_blur.png,false,false,false,true,expert_human_reviewer,2026-10-05,,background_edit,(same as original)
vqav2-240589,Is there anything wrong with this fire hydrant?,background_neutral,F:\Sadik\semantic-causal-pathway\.venv\data\vqa_v2\variants\vqav2-240589__background_neutral.png,false,false,false,true,expert_human_reviewer,2026-10-05,,background_edit,(same as original)
vqav2-240589,Is there anything wrong with this fire hydrant?,jpeg_quality_10,F:\Sadik\semantic-causal-pathway\.venv\data\vqa_v2\variants\vqav2-240589__jpeg_quality_10.png,false,false,false,true,expert_human_reviewer,2026-10-05,,jpeg_compression,(rejected)
vqav2-240589,Is there anything wrong with this fire hydrant?,jpeg_quality_20,F:\Sadik\semantic-causal-pathway\.venv\data\vqa_v2\variants\vqav2-240589__jpeg_quality_20.png,false,false,false,true,expert_human_reviewer,2026-10-05,,jpeg_compression,(rejected)
vqav2-240589,Is there anything wrong with this fire hydrant?,translate_left_15pct,F:\Sadik\semantic-causal-pathway\.venv\data\vqa_v2\variants\vqav2-240589__translate_left_15pct.png,false,false,false,true,expert_human_reviewer,2026-10-05,,translation,(rejected)
vqav2-240589,Is there anything wrong with this fire hydrant?,contrast_2.0,F:\Sadik\semantic-causal-pathway\.venv\data\vqa_v2\variants\vqav2-240589__contrast_2.0.png,false,false,false,true,expert_human_reviewer,2026-10-05,,unclassified,(rejected)
gqa-2403946,Does the water look white and bright?,brightness_0.97,F:\Sadik\semantic-causal-pathway\.venv\data\vqa_v2\variants\gqa-2403946__brightness_0.97.png,false,false,false,true,expert_human_reviewer,2026-10-05,,photometric,(same as original)
gqa-2403946,Does the water look white and bright?,contrast_1.03,F:\Sadik\semantic-causal-pathway\.venv\data\vqa_v2\variants\gqa-2403946__contrast_1.03.png,false,false,false,true,expert_human_reviewer,2026-10-05,,photometric,(same as original)
gqa-2403946,Does the water look white and bright?,jpeg_quality_92,F:\Sadik\semantic-causal-pathway\.venv\data\vqa_v2\variants\gqa-2403946__jpeg_quality_92.png,true,true,true,true,expert_human_reviewer,2026-10-05,probe,jpeg_compression,(same as original)
gqa-2403946,Does the water look white and bright?,jpeg_quality_98,F:\Sadik\semantic-causal-pathway\.venv\data\vqa_v2\variants\gqa-2403946__jpeg_quality_98.png,true,true,true,true,expert_human_reviewer,2026-10-05,probe,jpeg_compression,(same as original)
gqa-2403946,Does the water look white and bright?,translate_left_2pct,F:\Sadik\semantic-causal-pathway\.venv\data\vqa_v2\variants\gqa-2403946__translate_left_2pct.png,true,true,true,true,expert_human_reviewer,2026-10-05,heldout,translation,variants/masks/gqa-2403946__translate_left_2pct.png
gqa-2403946,Does the water look white and bright?,translate_right_2pct,F:\Sadik\semantic-causal-pathway\.venv\data\vqa_v2\variants\gqa-2403946__translate_right_2pct.png,true,true,true,true,expert_human_reviewer,2026-10-05,heldout,translation,variants/masks/gqa-2403946__translate_right_2pct.png
gqa-2403946,Does the water look white and bright?,translate_up_2pct,F:\Sadik\semantic-causal-pathway\.venv\data\vqa_v2\variants\gqa-2403946__translate_up_2pct.png,false,false,false,true,expert_human_reviewer,2026-10-05,,translation,variants/masks/gqa-2403946__translate_up_2pct.png
gqa-2403946,Does the water look white and bright?,translate_down_2pct,F:\Sadik\semantic-causal-pathway\.venv\data\vqa_v2\variants\gqa-2403946__translate_down_2pct.png,false,false,false,true,expert_human_reviewer,2026-10-05,,translation,variants/masks/gqa-2403946__translate_down_2pct.png
gqa-2403946,Does the water look white and bright?,background_blur,F:\Sadik\semantic-causal-pathway\.venv\data\vqa_v2\variants\gqa-2403946__background_blur.png,false,false,false,true,expert_human_reviewer,2026-10-05,,background_edit,(same as original)
gqa-2403946,Does the water look white and bright?,background_neutral,F:\Sadik\semantic-causal-pathway\.venv\data\vqa_v2\variants\gqa-2403946__background_neutral.png,false,false,false,true,expert_human_reviewer,2026-10-05,,background_edit,(same as original)
gqa-2403946,Does the water look white and bright?,jpeg_quality_10,F:\Sadik\semantic-causal-pathway\.venv\data\vqa_v2\variants\gqa-2403946__jpeg_quality_10.png,false,false,false,true,expert_human_reviewer,2026-10-05,,jpeg_compression,(rejected)
gqa-2403946,Does the water look white and bright?,jpeg_quality_20,F:\Sadik\semantic-causal-pathway\.venv\data\vqa_v2\variants\gqa-2403946__jpeg_quality_20.png,false,false,false,true,expert_human_reviewer,2026-10-05,,jpeg_compression,(rejected)
gqa-2403946,Does the water look white and bright?,translate_left_15pct,F:\Sadik\semantic-causal-pathway\.venv\data\vqa_v2\variants\gqa-2403946__translate_left_15pct.png,false,false,false,true,expert_human_reviewer,2026-10-05,,translation,(rejected)
gqa-2403946,Does the water look white and bright?,contrast_2.0,F:\Sadik\semantic-causal-pathway\.venv\data\vqa_v2\variants\gqa-2403946__contrast_2.0.png,false,false,false,true,expert_human_reviewer,2026-10-05,,unclassified,(rejected)
gqa-1159297,Is there a plate to the right of the chair in the bottom?,brightness_0.97,F:\Sadik\semantic-causal-pathway\.venv\data\vqa_v2\variants\gqa-1159297__brightness_0.97.png,false,false,false,true,expert_human_reviewer,2026-10-05,,photometric,(same as original)
gqa-1159297,Is there a plate to the right of the chair in the bottom?,contrast_1.03,F:\Sadik\semantic-causal-pathway\.venv\data\vqa_v2\variants\gqa-1159297__contrast_1.03.png,false,false,false,true,expert_human_reviewer,2026-10-05,,photometric,(same as original)
gqa-1159297,Is there a plate to the right of the chair in the bottom?,jpeg_quality_92,F:\Sadik\semantic-causal-pathway\.venv\data\vqa_v2\variants\gqa-1159297__jpeg_quality_92.png,true,true,true,true,expert_human_reviewer,2026-10-05,probe,jpeg_compression,(same as original)
gqa-1159297,Is there a plate to the right of the chair in the bottom?,jpeg_quality_98,F:\Sadik\semantic-causal-pathway\.venv\data\vqa_v2\variants\gqa-1159297__jpeg_quality_98.png,true,true,true,true,expert_human_reviewer,2026-10-05,probe,jpeg_compression,(same as original)
gqa-1159297,Is there a plate to the right of the chair in the bottom?,translate_left_2pct,F:\Sadik\semantic-causal-pathway\.venv\data\vqa_v2\variants\gqa-1159297__translate_left_2pct.png,true,true,true,true,expert_human_reviewer,2026-10-05,heldout,translation,variants/masks/gqa-1159297__translate_left_2pct.png
gqa-1159297,Is there a plate to the right of the chair in the bottom?,translate_right_2pct,F:\Sadik\semantic-causal-pathway\.venv\data\vqa_v2\variants\gqa-1159297__translate_right_2pct.png,true,true,true,true,expert_human_reviewer,2026-10-05,heldout,translation,variants/masks/gqa-1159297__translate_right_2pct.png
gqa-1159297,Is there a plate to the right of the chair in the bottom?,translate_up_2pct,F:\Sadik\semantic-causal-pathway\.venv\data\vqa_v2\variants\gqa-1159297__translate_up_2pct.png,false,false,false,true,expert_human_reviewer,2026-10-05,,translation,variants/masks/gqa-1159297__translate_up_2pct.png
gqa-1159297,Is there a plate to the right of the chair in the bottom?,translate_down_2pct,F:\Sadik\semantic-causal-pathway\.venv\data\vqa_v2\variants\gqa-1159297__translate_down_2pct.png,false,false,false,true,expert_human_reviewer,2026-10-05,,translation,variants/masks/gqa-1159297__translate_down_2pct.png
gqa-1159297,Is there a plate to the right of the chair in the bottom?,background_blur,F:\Sadik\semantic-causal-pathway\.venv\data\vqa_v2\variants\gqa-1159297__background_blur.png,false,false,false,true,expert_human_reviewer,2026-10-05,,background_edit,(same as original)
gqa-1159297,Is there a plate to the right of the chair in the bottom?,background_neutral,F:\Sadik\semantic-causal-pathway\.venv\data\vqa_v2\variants\gqa-1159297__background_neutral.png,false,false,false,true,expert_human_reviewer,2026-10-05,,background_edit,(same as original)
gqa-1159297,Is there a plate to the right of the chair in the bottom?,jpeg_quality_10,F:\Sadik\semantic-causal-pathway\.venv\data\vqa_v2\variants\gqa-1159297__jpeg_quality_10.png,false,false,false,true,expert_human_reviewer,2026-10-05,,jpeg_compression,(rejected)
gqa-1159297,Is there a plate to the right of the chair in the bottom?,jpeg_quality_20,F:\Sadik\semantic-causal-pathway\.venv\data\vqa_v2\variants\gqa-1159297__jpeg_quality_20.png,false,false,false,true,expert_human_reviewer,2026-10-05,,jpeg_compression,(rejected)
gqa-1159297,Is there a plate to the right of the chair in the bottom?,translate_left_15pct,F:\Sadik\semantic-causal-pathway\.venv\data\vqa_v2\variants\gqa-1159297__translate_left_15pct.png,false,false,false,true,expert_human_reviewer,2026-10-05,,translation,(rejected)
gqa-1159297,Is there a plate to the right of the chair in the bottom?,contrast_2.0,F:\Sadik\semantic-causal-pathway\.venv\data\vqa_v2\variants\gqa-1159297__contrast_2.0.png,false,false,false,true,expert_human_reviewer,2026-10-05,,unclassified,(rejected)
gqa-2406216,Do the plane and the door have a different colors?,jpeg_quality_90,F:\Sadik\semantic-causal-pathway\.venv\data\vqa_v2\variants\gqa-2406216__jpeg_quality_90.png,false,false,false,true,expert_human_reviewer,2026-10-05,,jpeg_compression,(same as original)
gqa-2406216,Do the plane and the door have a different colors?,jpeg_quality_92,F:\Sadik\semantic-causal-pathway\.venv\data\vqa_v2\variants\gqa-2406216__jpeg_quality_92.png,true,true,true,true,expert_human_reviewer,2026-10-05,probe,jpeg_compression,(same as original)
gqa-2406216,Do the plane and the door have a different colors?,jpeg_quality_95,F:\Sadik\semantic-causal-pathway\.venv\data\vqa_v2\variants\gqa-2406216__jpeg_quality_95.png,false,false,false,true,expert_human_reviewer,2026-10-05,,jpeg_compression,(same as original)
gqa-2406216,Do the plane and the door have a different colors?,jpeg_quality_98,F:\Sadik\semantic-causal-pathway\.venv\data\vqa_v2\variants\gqa-2406216__jpeg_quality_98.png,true,true,true,true,expert_human_reviewer,2026-10-05,probe,jpeg_compression,(same as original)
gqa-2406216,Do the plane and the door have a different colors?,translate_left_2pct,F:\Sadik\semantic-causal-pathway\.venv\data\vqa_v2\variants\gqa-2406216__translate_left_2pct.png,true,true,true,true,expert_human_reviewer,2026-10-05,heldout,translation,variants/masks/gqa-2406216__translate_left_2pct.png
gqa-2406216,Do the plane and the door have a different colors?,translate_right_2pct,F:\Sadik\semantic-causal-pathway\.venv\data\vqa_v2\variants\gqa-2406216__translate_right_2pct.png,true,true,true,true,expert_human_reviewer,2026-10-05,heldout,translation,variants/masks/gqa-2406216__translate_right_2pct.png
gqa-2406216,Do the plane and the door have a different colors?,translate_up_2pct,F:\Sadik\semantic-causal-pathway\.venv\data\vqa_v2\variants\gqa-2406216__translate_up_2pct.png,false,false,false,true,expert_human_reviewer,2026-10-05,,translation,variants/masks/gqa-2406216__translate_up_2pct.png
gqa-2406216,Do the plane and the door have a different colors?,translate_down_2pct,F:\Sadik\semantic-causal-pathway\.venv\data\vqa_v2\variants\gqa-2406216__translate_down_2pct.png,false,false,false,true,expert_human_reviewer,2026-10-05,,translation,variants/masks/gqa-2406216__translate_down_2pct.png
gqa-2406216,Do the plane and the door have a different colors?,background_blur,F:\Sadik\semantic-causal-pathway\.venv\data\vqa_v2\variants\gqa-2406216__background_blur.png,false,false,false,true,expert_human_reviewer,2026-10-05,,background_edit,(same as original)
gqa-2406216,Do the plane and the door have a different colors?,background_neutral,F:\Sadik\semantic-causal-pathway\.venv\data\vqa_v2\variants\gqa-2406216__background_neutral.png,false,false,false,true,expert_human_reviewer,2026-10-05,,background_edit,(same as original)
gqa-2406216,Do the plane and the door have a different colors?,jpeg_quality_10,F:\Sadik\semantic-causal-pathway\.venv\data\vqa_v2\variants\gqa-2406216__jpeg_quality_10.png,false,false,false,true,expert_human_reviewer,2026-10-05,,jpeg_compression,(rejected)
gqa-2406216,Do the plane and the door have a different colors?,jpeg_quality_20,F:\Sadik\semantic-causal-pathway\.venv\data\vqa_v2\variants\gqa-2406216__jpeg_quality_20.png,false,false,false,true,expert_human_reviewer,2026-10-05,,jpeg_compression,(rejected)
gqa-2406216,Do the plane and the door have a different colors?,translate_left_15pct,F:\Sadik\semantic-causal-pathway\.venv\data\vqa_v2\variants\gqa-2406216__translate_left_15pct.png,false,false,false,true,expert_human_reviewer,2026-10-05,,translation,(rejected)
gqa-2406216,Do the plane and the door have a different colors?,contrast_2.0,F:\Sadik\semantic-causal-pathway\.venv\data\vqa_v2\variants\gqa-2406216__contrast_2.0.png,false,false,false,true,expert_human_reviewer,2026-10-05,,unclassified,(rejected)
gqa-2341440,What is the color of the umbrella?,jpeg_quality_90,F:\Sadik\semantic-causal-pathway\.venv\data\vqa_v2\variants\gqa-2341440__jpeg_quality_90.png,false,false,false,true,expert_human_reviewer,2026-10-05,,jpeg_compression,(same as original)
gqa-2341440,What is the color of the umbrella?,jpeg_quality_92,F:\Sadik\semantic-causal-pathway\.venv\data\vqa_v2\variants\gqa-2341440__jpeg_quality_92.png,true,true,true,true,expert_human_reviewer,2026-10-05,probe,jpeg_compression,(same as original)
gqa-2341440,What is the color of the umbrella?,jpeg_quality_95,F:\Sadik\semantic-causal-pathway\.venv\data\vqa_v2\variants\gqa-2341440__jpeg_quality_95.png,false,false,false,true,expert_human_reviewer,2026-10-05,,jpeg_compression,(same as original)
gqa-2341440,What is the color of the umbrella?,jpeg_quality_98,F:\Sadik\semantic-causal-pathway\.venv\data\vqa_v2\variants\gqa-2341440__jpeg_quality_98.png,true,true,true,true,expert_human_reviewer,2026-10-05,probe,jpeg_compression,(same as original)
gqa-2341440,What is the color of the umbrella?,translate_left_2pct,F:\Sadik\semantic-causal-pathway\.venv\data\vqa_v2\variants\gqa-2341440__translate_left_2pct.png,true,true,true,true,expert_human_reviewer,2026-10-05,heldout,translation,variants/masks/gqa-2341440__translate_left_2pct.png
gqa-2341440,What is the color of the umbrella?,translate_right_2pct,F:\Sadik\semantic-causal-pathway\.venv\data\vqa_v2\variants\gqa-2341440__translate_right_2pct.png,true,true,true,true,expert_human_reviewer,2026-10-05,heldout,translation,variants/masks/gqa-2341440__translate_right_2pct.png
gqa-2341440,What is the color of the umbrella?,translate_up_2pct,F:\Sadik\semantic-causal-pathway\.venv\data\vqa_v2\variants\gqa-2341440__translate_up_2pct.png,false,false,false,true,expert_human_reviewer,2026-10-05,,translation,variants/masks/gqa-2341440__translate_up_2pct.png
gqa-2341440,What is the color of the umbrella?,translate_down_2pct,F:\Sadik\semantic-causal-pathway\.venv\data\vqa_v2\variants\gqa-2341440__translate_down_2pct.png,false,false,false,true,expert_human_reviewer,2026-10-05,,translation,variants/masks/gqa-2341440__translate_down_2pct.png
gqa-2341440,What is the color of the umbrella?,background_blur,F:\Sadik\semantic-causal-pathway\.venv\data\vqa_v2\variants\gqa-2341440__background_blur.png,false,false,false,true,expert_human_reviewer,2026-10-05,,background_edit,(same as original)
gqa-2341440,What is the color of the umbrella?,background_neutral,F:\Sadik\semantic-causal-pathway\.venv\data\vqa_v2\variants\gqa-2341440__background_neutral.png,false,false,false,true,expert_human_reviewer,2026-10-05,,background_edit,(same as original)
gqa-2341440,What is the color of the umbrella?,jpeg_quality_10,F:\Sadik\semantic-causal-pathway\.venv\data\vqa_v2\variants\gqa-2341440__jpeg_quality_10.png,false,false,false,true,expert_human_reviewer,2026-10-05,,jpeg_compression,(rejected)
gqa-2341440,What is the color of the umbrella?,jpeg_quality_20,F:\Sadik\semantic-causal-pathway\.venv\data\vqa_v2\variants\gqa-2341440__jpeg_quality_20.png,false,false,false,true,expert_human_reviewer,2026-10-05,,jpeg_compression,(rejected)
gqa-2341440,What is the color of the umbrella?,translate_left_15pct,F:\Sadik\semantic-causal-pathway\.venv\data\vqa_v2\variants\gqa-2341440__translate_left_15pct.png,false,false,false,true,expert_human_reviewer,2026-10-05,,translation,(rejected)
gqa-2341440,What is the color of the umbrella?,contrast_2.0,F:\Sadik\semantic-causal-pathway\.venv\data\vqa_v2\variants\gqa-2341440__contrast_2.0.png,false,false,false,true,expert_human_reviewer,2026-10-05,,unclassified,(rejected)
gqa-2318332,The fire hydrant is in front of what?,brightness_0.97,F:\Sadik\semantic-causal-pathway\.venv\data\vqa_v2\variants\gqa-2318332__brightness_0.97.png,false,false,false,true,expert_human_reviewer,2026-10-05,,photometric,(same as original)
gqa-2318332,The fire hydrant is in front of what?,contrast_1.03,F:\Sadik\semantic-causal-pathway\.venv\data\vqa_v2\variants\gqa-2318332__contrast_1.03.png,false,false,false,true,expert_human_reviewer,2026-10-05,,photometric,(same as original)
gqa-2318332,The fire hydrant is in front of what?,jpeg_quality_92,F:\Sadik\semantic-causal-pathway\.venv\data\vqa_v2\variants\gqa-2318332__jpeg_quality_92.png,true,true,true,true,expert_human_reviewer,2026-10-05,probe,jpeg_compression,(same as original)
gqa-2318332,The fire hydrant is in front of what?,jpeg_quality_98,F:\Sadik\semantic-causal-pathway\.venv\data\vqa_v2\variants\gqa-2318332__jpeg_quality_98.png,true,true,true,true,expert_human_reviewer,2026-10-05,probe,jpeg_compression,(same as original)
gqa-2318332,The fire hydrant is in front of what?,translate_left_2pct,F:\Sadik\semantic-causal-pathway\.venv\data\vqa_v2\variants\gqa-2318332__translate_left_2pct.png,true,true,true,true,expert_human_reviewer,2026-10-05,heldout,translation,variants/masks/gqa-2318332__translate_left_2pct.png
gqa-2318332,The fire hydrant is in front of what?,translate_right_2pct,F:\Sadik\semantic-causal-pathway\.venv\data\vqa_v2\variants\gqa-2318332__translate_right_2pct.png,true,true,true,true,expert_human_reviewer,2026-10-05,heldout,translation,variants/masks/gqa-2318332__translate_right_2pct.png
gqa-2318332,The fire hydrant is in front of what?,translate_up_2pct,F:\Sadik\semantic-causal-pathway\.venv\data\vqa_v2\variants\gqa-2318332__translate_up_2pct.png,false,false,false,true,expert_human_reviewer,2026-10-05,,translation,variants/masks/gqa-2318332__translate_up_2pct.png
gqa-2318332,The fire hydrant is in front of what?,translate_down_2pct,F:\Sadik\semantic-causal-pathway\.venv\data\vqa_v2\variants\gqa-2318332__translate_down_2pct.png,false,false,false,true,expert_human_reviewer,2026-10-05,,translation,variants/masks/gqa-2318332__translate_down_2pct.png
gqa-2318332,The fire hydrant is in front of what?,background_blur,F:\Sadik\semantic-causal-pathway\.venv\data\vqa_v2\variants\gqa-2318332__background_blur.png,false,false,false,true,expert_human_reviewer,2026-10-05,,background_edit,(same as original)
gqa-2318332,The fire hydrant is in front of what?,background_neutral,F:\Sadik\semantic-causal-pathway\.venv\data\vqa_v2\variants\gqa-2318332__background_neutral.png,false,false,false,true,expert_human_reviewer,2026-10-05,,background_edit,(same as original)
gqa-2318332,The fire hydrant is in front of what?,jpeg_quality_10,F:\Sadik\semantic-causal-pathway\.venv\data\vqa_v2\variants\gqa-2318332__jpeg_quality_10.png,false,false,false,true,expert_human_reviewer,2026-10-05,,jpeg_compression,(rejected)
gqa-2318332,The fire hydrant is in front of what?,jpeg_quality_20,F:\Sadik\semantic-causal-pathway\.venv\data\vqa_v2\variants\gqa-2318332__jpeg_quality_20.png,false,false,false,true,expert_human_reviewer,2026-10-05,,jpeg_compression,(rejected)
gqa-2318332,The fire hydrant is in front of what?,translate_left_15pct,F:\Sadik\semantic-causal-pathway\.venv\data\vqa_v2\variants\gqa-2318332__translate_left_15pct.png,false,false,false,true,expert_human_reviewer,2026-10-05,,translation,(rejected)
gqa-2318332,The fire hydrant is in front of what?,contrast_2.0,F:\Sadik\semantic-causal-pathway\.venv\data\vqa_v2\variants\gqa-2318332__contrast_2.0.png,false,false,false,true,expert_human_reviewer,2026-10-05,,unclassified,(rejected)
vqav2-261679,What color is the cabinet top?,jpeg_quality_90,F:\Sadik\semantic-causal-pathway\.venv\data\vqa_v2\variants\vqav2-261679__jpeg_quality_90.png,false,false,false,true,expert_human_reviewer,2026-10-05,,jpeg_compression,(same as original)
vqav2-261679,What color is the cabinet top?,jpeg_quality_92,F:\Sadik\semantic-causal-pathway\.venv\data\vqa_v2\variants\vqav2-261679__jpeg_quality_92.png,true,true,true,true,expert_human_reviewer,2026-10-05,probe,jpeg_compression,(same as original)
vqav2-261679,What color is the cabinet top?,jpeg_quality_95,F:\Sadik\semantic-causal-pathway\.venv\data\vqa_v2\variants\vqav2-261679__jpeg_quality_95.png,false,false,false,true,expert_human_reviewer,2026-10-05,,jpeg_compression,(same as original)
vqav2-261679,What color is the cabinet top?,jpeg_quality_98,F:\Sadik\semantic-causal-pathway\.venv\data\vqa_v2\variants\vqav2-261679__jpeg_quality_98.png,true,true,true,true,expert_human_reviewer,2026-10-05,probe,jpeg_compression,(same as original)
vqav2-261679,What color is the cabinet top?,translate_left_2pct,F:\Sadik\semantic-causal-pathway\.venv\data\vqa_v2\variants\vqav2-261679__translate_left_2pct.png,true,true,true,true,expert_human_reviewer,2026-10-05,heldout,translation,variants/masks/vqav2-261679__translate_left_2pct.png
vqav2-261679,What color is the cabinet top?,translate_right_2pct,F:\Sadik\semantic-causal-pathway\.venv\data\vqa_v2\variants\vqav2-261679__translate_right_2pct.png,true,true,true,true,expert_human_reviewer,2026-10-05,heldout,translation,variants/masks/vqav2-261679__translate_right_2pct.png
vqav2-261679,What color is the cabinet top?,translate_up_2pct,F:\Sadik\semantic-causal-pathway\.venv\data\vqa_v2\variants\vqav2-261679__translate_up_2pct.png,false,false,false,true,expert_human_reviewer,2026-10-05,,translation,variants/masks/vqav2-261679__translate_up_2pct.png
vqav2-261679,What color is the cabinet top?,translate_down_2pct,F:\Sadik\semantic-causal-pathway\.venv\data\vqa_v2\variants\vqav2-261679__translate_down_2pct.png,false,false,false,true,expert_human_reviewer,2026-10-05,,translation,variants/masks/vqav2-261679__translate_down_2pct.png
vqav2-261679,What color is the cabinet top?,background_blur,F:\Sadik\semantic-causal-pathway\.venv\data\vqa_v2\variants\vqav2-261679__background_blur.png,false,false,false,true,expert_human_reviewer,2026-10-05,,background_edit,(same as original)
vqav2-261679,What color is the cabinet top?,background_neutral,F:\Sadik\semantic-causal-pathway\.venv\data\vqa_v2\variants\vqav2-261679__background_neutral.png,false,false,false,true,expert_human_reviewer,2026-10-05,,background_edit,(same as original)
vqav2-261679,What color is the cabinet top?,jpeg_quality_10,F:\Sadik\semantic-causal-pathway\.venv\data\vqa_v2\variants\vqav2-261679__jpeg_quality_10.png,false,false,false,true,expert_human_reviewer,2026-10-05,,jpeg_compression,(rejected)
vqav2-261679,What color is the cabinet top?,jpeg_quality_20,F:\Sadik\semantic-causal-pathway\.venv\data\vqa_v2\variants\vqav2-261679__jpeg_quality_20.png,false,false,false,true,expert_human_reviewer,2026-10-05,,jpeg_compression,(rejected)
vqav2-261679,What color is the cabinet top?,translate_left_15pct,F:\Sadik\semantic-causal-pathway\.venv\data\vqa_v2\variants\vqav2-261679__translate_left_15pct.png,false,false,false,true,expert_human_reviewer,2026-10-05,,translation,(rejected)
vqav2-261679,What color is the cabinet top?,contrast_2.0,F:\Sadik\semantic-causal-pathway\.venv\data\vqa_v2\variants\vqav2-261679__contrast_2.0.png,false,false,false,true,expert_human_reviewer,2026-10-05,,unclassified,(rejected)
vqav2-397863,How many giraffes are looking at the camera?,brightness_0.97,F:\Sadik\semantic-causal-pathway\.venv\data\vqa_v2\variants\vqav2-397863__brightness_0.97.png,false,false,false,true,expert_human_reviewer,2026-10-05,,photometric,(same as original)
vqav2-397863,How many giraffes are looking at the camera?,contrast_1.03,F:\Sadik\semantic-causal-pathway\.venv\data\vqa_v2\variants\vqav2-397863__contrast_1.03.png,false,false,false,true,expert_human_reviewer,2026-10-05,,photometric,(same as original)
vqav2-397863,How many giraffes are looking at the camera?,jpeg_quality_92,F:\Sadik\semantic-causal-pathway\.venv\data\vqa_v2\variants\vqav2-397863__jpeg_quality_92.png,true,true,true,true,expert_human_reviewer,2026-10-05,probe,jpeg_compression,(same as original)
vqav2-397863,How many giraffes are looking at the camera?,jpeg_quality_98,F:\Sadik\semantic-causal-pathway\.venv\data\vqa_v2\variants\vqav2-397863__jpeg_quality_98.png,true,true,true,true,expert_human_reviewer,2026-10-05,probe,jpeg_compression,(same as original)
vqav2-397863,How many giraffes are looking at the camera?,translate_left_2pct,F:\Sadik\semantic-causal-pathway\.venv\data\vqa_v2\variants\vqav2-397863__translate_left_2pct.png,true,true,true,true,expert_human_reviewer,2026-10-05,heldout,translation,variants/masks/vqav2-397863__translate_left_2pct.png
vqav2-397863,How many giraffes are looking at the camera?,translate_right_2pct,F:\Sadik\semantic-causal-pathway\.venv\data\vqa_v2\variants\vqav2-397863__translate_right_2pct.png,true,true,true,true,expert_human_reviewer,2026-10-05,heldout,translation,variants/masks/vqav2-397863__translate_right_2pct.png
vqav2-397863,How many giraffes are looking at the camera?,translate_up_2pct,F:\Sadik\semantic-causal-pathway\.venv\data\vqa_v2\variants\vqav2-397863__translate_up_2pct.png,false,false,false,true,expert_human_reviewer,2026-10-05,,translation,variants/masks/vqav2-397863__translate_up_2pct.png
vqav2-397863,How many giraffes are looking at the camera?,translate_down_2pct,F:\Sadik\semantic-causal-pathway\.venv\data\vqa_v2\variants\vqav2-397863__translate_down_2pct.png,false,false,false,true,expert_human_reviewer,2026-10-05,,translation,variants/masks/vqav2-397863__translate_down_2pct.png
vqav2-397863,How many giraffes are looking at the camera?,background_blur,F:\Sadik\semantic-causal-pathway\.venv\data\vqa_v2\variants\vqav2-397863__background_blur.png,false,false,false,true,expert_human_reviewer,2026-10-05,,background_edit,(same as original)
vqav2-397863,How many giraffes are looking at the camera?,background_neutral,F:\Sadik\semantic-causal-pathway\.venv\data\vqa_v2\variants\vqav2-397863__background_neutral.png,false,false,false,true,expert_human_reviewer,2026-10-05,,background_edit,(same as original)
vqav2-397863,How many giraffes are looking at the camera?,jpeg_quality_10,F:\Sadik\semantic-causal-pathway\.venv\data\vqa_v2\variants\vqav2-397863__jpeg_quality_10.png,false,false,false,true,expert_human_reviewer,2026-10-05,,jpeg_compression,(rejected)
vqav2-397863,How many giraffes are looking at the camera?,jpeg_quality_20,F:\Sadik\semantic-causal-pathway\.venv\data\vqa_v2\variants\vqav2-397863__jpeg_quality_20.png,false,false,false,true,expert_human_reviewer,2026-10-05,,jpeg_compression,(rejected)
vqav2-397863,How many giraffes are looking at the camera?,translate_left_15pct,F:\Sadik\semantic-causal-pathway\.venv\data\vqa_v2\variants\vqav2-397863__translate_left_15pct.png,false,false,false,true,expert_human_reviewer,2026-10-05,,translation,(rejected)
vqav2-397863,How many giraffes are looking at the camera?,contrast_2.0,F:\Sadik\semantic-causal-pathway\.venv\data\vqa_v2\variants\vqav2-397863__contrast_2.0.png,false,false,false,true,expert_human_reviewer,2026-10-05,,unclassified,(rejected)
vqav2-302185,What color is the seat and top of toilet?,jpeg_quality_90,F:\Sadik\semantic-causal-pathway\.venv\data\vqa_v2\variants\vqav2-302185__jpeg_quality_90.png,false,false,false,true,expert_human_reviewer,2026-10-05,,jpeg_compression,(same as original)
vqav2-302185,What color is the seat and top of toilet?,jpeg_quality_92,F:\Sadik\semantic-causal-pathway\.venv\data\vqa_v2\variants\vqav2-302185__jpeg_quality_92.png,true,true,true,true,expert_human_reviewer,2026-10-05,probe,jpeg_compression,(same as original)
vqav2-302185,What color is the seat and top of toilet?,jpeg_quality_95,F:\Sadik\semantic-causal-pathway\.venv\data\vqa_v2\variants\vqav2-302185__jpeg_quality_95.png,false,false,false,true,expert_human_reviewer,2026-10-05,,jpeg_compression,(same as original)
vqav2-302185,What color is the seat and top of toilet?,jpeg_quality_98,F:\Sadik\semantic-causal-pathway\.venv\data\vqa_v2\variants\vqav2-302185__jpeg_quality_98.png,true,true,true,true,expert_human_reviewer,2026-10-05,probe,jpeg_compression,(same as original)
vqav2-302185,What color is the seat and top of toilet?,translate_left_2pct,F:\Sadik\semantic-causal-pathway\.venv\data\vqa_v2\variants\vqav2-302185__translate_left_2pct.png,true,true,true,true,expert_human_reviewer,2026-10-05,heldout,translation,variants/masks/vqav2-302185__translate_left_2pct.png
vqav2-302185,What color is the seat and top of toilet?,translate_right_2pct,F:\Sadik\semantic-causal-pathway\.venv\data\vqa_v2\variants\vqav2-302185__translate_right_2pct.png,true,true,true,true,expert_human_reviewer,2026-10-05,heldout,translation,variants/masks/vqav2-302185__translate_right_2pct.png
vqav2-302185,What color is the seat and top of toilet?,translate_up_2pct,F:\Sadik\semantic-causal-pathway\.venv\data\vqa_v2\variants\vqav2-302185__translate_up_2pct.png,false,false,false,true,expert_human_reviewer,2026-10-05,,translation,variants/masks/vqav2-302185__translate_up_2pct.png
vqav2-302185,What color is the seat and top of toilet?,translate_down_2pct,F:\Sadik\semantic-causal-pathway\.venv\data\vqa_v2\variants\vqav2-302185__translate_down_2pct.png,false,false,false,true,expert_human_reviewer,2026-10-05,,translation,variants/masks/vqav2-302185__translate_down_2pct.png
vqav2-302185,What color is the seat and top of toilet?,background_blur,F:\Sadik\semantic-causal-pathway\.venv\data\vqa_v2\variants\vqav2-302185__background_blur.png,false,false,false,true,expert_human_reviewer,2026-10-05,,background_edit,(same as original)
vqav2-302185,What color is the seat and top of toilet?,background_neutral,F:\Sadik\semantic-causal-pathway\.venv\data\vqa_v2\variants\vqav2-302185__background_neutral.png,false,false,false,true,expert_human_reviewer,2026-10-05,,background_edit,(same as original)
vqav2-302185,What color is the seat and top of toilet?,jpeg_quality_10,F:\Sadik\semantic-causal-pathway\.venv\data\vqa_v2\variants\vqav2-302185__jpeg_quality_10.png,false,false,false,true,expert_human_reviewer,2026-10-05,,jpeg_compression,(rejected)
vqav2-302185,What color is the seat and top of toilet?,jpeg_quality_20,F:\Sadik\semantic-causal-pathway\.venv\data\vqa_v2\variants\vqav2-302185__jpeg_quality_20.png,false,false,false,true,expert_human_reviewer,2026-10-05,,jpeg_compression,(rejected)
vqav2-302185,What color is the seat and top of toilet?,translate_left_15pct,F:\Sadik\semantic-causal-pathway\.venv\data\vqa_v2\variants\vqav2-302185__translate_left_15pct.png,false,false,false,true,expert_human_reviewer,2026-10-05,,translation,(rejected)
vqav2-302185,What color is the seat and top of toilet?,contrast_2.0,F:\Sadik\semantic-causal-pathway\.venv\data\vqa_v2\variants\vqav2-302185__contrast_2.0.png,false,false,false,true,expert_human_reviewer,2026-10-05,,unclassified,(rejected)
gqa-2402273,"Which part is the eagle in, the bottom or the top?",brightness_0.97,F:\Sadik\semantic-causal-pathway\.venv\data\vqa_v2\variants\gqa-2402273__brightness_0.97.png,false,false,false,true,expert_human_reviewer,2026-10-05,,photometric,(same as original)
gqa-2402273,"Which part is the eagle in, the bottom or the top?",contrast_1.03,F:\Sadik\semantic-causal-pathway\.venv\data\vqa_v2\variants\gqa-2402273__contrast_1.03.png,false,false,false,true,expert_human_reviewer,2026-10-05,,photometric,(same as original)
gqa-2402273,"Which part is the eagle in, the bottom or the top?",jpeg_quality_92,F:\Sadik\semantic-causal-pathway\.venv\data\vqa_v2\variants\gqa-2402273__jpeg_quality_92.png,true,true,true,true,expert_human_reviewer,2026-10-05,probe,jpeg_compression,(same as original)
gqa-2402273,"Which part is the eagle in, the bottom or the top?",jpeg_quality_98,F:\Sadik\semantic-causal-pathway\.venv\data\vqa_v2\variants\gqa-2402273__jpeg_quality_98.png,true,true,true,true,expert_human_reviewer,2026-10-05,probe,jpeg_compression,(same as original)
gqa-2402273,"Which part is the eagle in, the bottom or the top?",translate_left_2pct,F:\Sadik\semantic-causal-pathway\.venv\data\vqa_v2\variants\gqa-2402273__translate_left_2pct.png,true,true,true,true,expert_human_reviewer,2026-10-05,heldout,translation,variants/masks/gqa-2402273__translate_left_2pct.png
gqa-2402273,"Which part is the eagle in, the bottom or the top?",translate_right_2pct,F:\Sadik\semantic-causal-pathway\.venv\data\vqa_v2\variants\gqa-2402273__translate_right_2pct.png,true,true,true,true,expert_human_reviewer,2026-10-05,heldout,translation,variants/masks/gqa-2402273__translate_right_2pct.png
gqa-2402273,"Which part is the eagle in, the bottom or the top?",translate_up_2pct,F:\Sadik\semantic-causal-pathway\.venv\data\vqa_v2\variants\gqa-2402273__translate_up_2pct.png,false,false,false,true,expert_human_reviewer,2026-10-05,,translation,variants/masks/gqa-2402273__translate_up_2pct.png
gqa-2402273,"Which part is the eagle in, the bottom or the top?",translate_down_2pct,F:\Sadik\semantic-causal-pathway\.venv\data\vqa_v2\variants\gqa-2402273__translate_down_2pct.png,false,false,false,true,expert_human_reviewer,2026-10-05,,translation,variants/masks/gqa-2402273__translate_down_2pct.png
gqa-2402273,"Which part is the eagle in, the bottom or the top?",background_blur,F:\Sadik\semantic-causal-pathway\.venv\data\vqa_v2\variants\gqa-2402273__background_blur.png,false,false,false,true,expert_human_reviewer,2026-10-05,,background_edit,(same as original)
gqa-2402273,"Which part is the eagle in, the bottom or the top?",background_neutral,F:\Sadik\semantic-causal-pathway\.venv\data\vqa_v2\variants\gqa-2402273__background_neutral.png,false,false,false,true,expert_human_reviewer,2026-10-05,,background_edit,(same as original)
gqa-2402273,"Which part is the eagle in, the bottom or the top?",jpeg_quality_10,F:\Sadik\semantic-causal-pathway\.venv\data\vqa_v2\variants\gqa-2402273__jpeg_quality_10.png,false,false,false,true,expert_human_reviewer,2026-10-05,,jpeg_compression,(rejected)
gqa-2402273,"Which part is the eagle in, the bottom or the top?",jpeg_quality_20,F:\Sadik\semantic-causal-pathway\.venv\data\vqa_v2\variants\gqa-2402273__jpeg_quality_20.png,false,false,false,true,expert_human_reviewer,2026-10-05,,jpeg_compression,(rejected)
gqa-2402273,"Which part is the eagle in, the bottom or the top?",translate_left_15pct,F:\Sadik\semantic-causal-pathway\.venv\data\vqa_v2\variants\gqa-2402273__translate_left_15pct.png,false,false,false,true,expert_human_reviewer,2026-10-05,,translation,(rejected)
gqa-2402273,"Which part is the eagle in, the bottom or the top?",contrast_2.0,F:\Sadik\semantic-causal-pathway\.venv\data\vqa_v2\variants\gqa-2402273__contrast_2.0.png,false,false,false,true,expert_human_reviewer,2026-10-05,,unclassified,(rejected)
gqa-2403468,What color is the boat in the water?,jpeg_quality_90,F:\Sadik\semantic-causal-pathway\.venv\data\vqa_v2\variants\gqa-2403468__jpeg_quality_90.png,false,false,false,true,expert_human_reviewer,2026-10-05,,jpeg_compression,(same as original)
gqa-2403468,What color is the boat in the water?,jpeg_quality_92,F:\Sadik\semantic-causal-pathway\.venv\data\vqa_v2\variants\gqa-2403468__jpeg_quality_92.png,true,true,true,true,expert_human_reviewer,2026-10-05,probe,jpeg_compression,(same as original)
gqa-2403468,What color is the boat in the water?,jpeg_quality_95,F:\Sadik\semantic-causal-pathway\.venv\data\vqa_v2\variants\gqa-2403468__jpeg_quality_95.png,false,false,false,true,expert_human_reviewer,2026-10-05,,jpeg_compression,(same as original)
gqa-2403468,What color is the boat in the water?,jpeg_quality_98,F:\Sadik\semantic-causal-pathway\.venv\data\vqa_v2\variants\gqa-2403468__jpeg_quality_98.png,true,true,true,true,expert_human_reviewer,2026-10-05,probe,jpeg_compression,(same as original)
gqa-2403468,What color is the boat in the water?,translate_left_2pct,F:\Sadik\semantic-causal-pathway\.venv\data\vqa_v2\variants\gqa-2403468__translate_left_2pct.png,true,true,true,true,expert_human_reviewer,2026-10-05,heldout,translation,variants/masks/gqa-2403468__translate_left_2pct.png
gqa-2403468,What color is the boat in the water?,translate_right_2pct,F:\Sadik\semantic-causal-pathway\.venv\data\vqa_v2\variants\gqa-2403468__translate_right_2pct.png,true,true,true,true,expert_human_reviewer,2026-10-05,heldout,translation,variants/masks/gqa-2403468__translate_right_2pct.png
gqa-2403468,What color is the boat in the water?,translate_up_2pct,F:\Sadik\semantic-causal-pathway\.venv\data\vqa_v2\variants\gqa-2403468__translate_up_2pct.png,false,false,false,true,expert_human_reviewer,2026-10-05,,translation,variants/masks/gqa-2403468__translate_up_2pct.png
gqa-2403468,What color is the boat in the water?,translate_down_2pct,F:\Sadik\semantic-causal-pathway\.venv\data\vqa_v2\variants\gqa-2403468__translate_down_2pct.png,false,false,false,true,expert_human_reviewer,2026-10-05,,translation,variants/masks/gqa-2403468__translate_down_2pct.png
gqa-2403468,What color is the boat in the water?,background_blur,F:\Sadik\semantic-causal-pathway\.venv\data\vqa_v2\variants\gqa-2403468__background_blur.png,false,false,false,true,expert_human_reviewer,2026-10-05,,background_edit,(same as original)
gqa-2403468,What color is the boat in the water?,background_neutral,F:\Sadik\semantic-causal-pathway\.venv\data\vqa_v2\variants\gqa-2403468__background_neutral.png,false,false,false,true,expert_human_reviewer,2026-10-05,,background_edit,(same as original)
gqa-2403468,What color is the boat in the water?,jpeg_quality_10,F:\Sadik\semantic-causal-pathway\.venv\data\vqa_v2\variants\gqa-2403468__jpeg_quality_10.png,false,false,false,true,expert_human_reviewer,2026-10-05,,jpeg_compression,(rejected)
gqa-2403468,What color is the boat in the water?,jpeg_quality_20,F:\Sadik\semantic-causal-pathway\.venv\data\vqa_v2\variants\gqa-2403468__jpeg_quality_20.png,false,false,false,true,expert_human_reviewer,2026-10-05,,jpeg_compression,(rejected)
gqa-2403468,What color is the boat in the water?,translate_left_15pct,F:\Sadik\semantic-causal-pathway\.venv\data\vqa_v2\variants\gqa-2403468__translate_left_15pct.png,false,false,false,true,expert_human_reviewer,2026-10-05,,translation,(rejected)
gqa-2403468,What color is the boat in the water?,contrast_2.0,F:\Sadik\semantic-causal-pathway\.venv\data\vqa_v2\variants\gqa-2403468__contrast_2.0.png,false,false,false,true,expert_human_reviewer,2026-10-05,,unclassified,(rejected)
gqa-2331336,Are there either any bears or giraffes that are not sitting?,brightness_0.97,F:\Sadik\semantic-causal-pathway\.venv\data\vqa_v2\variants\gqa-2331336__brightness_0.97.png,false,false,false,true,expert_human_reviewer,2026-10-05,,photometric,(same as original)
gqa-2331336,Are there either any bears or giraffes that are not sitting?,contrast_1.03,F:\Sadik\semantic-causal-pathway\.venv\data\vqa_v2\variants\gqa-2331336__contrast_1.03.png,false,false,false,true,expert_human_reviewer,2026-10-05,,photometric,(same as original)
gqa-2331336,Are there either any bears or giraffes that are not sitting?,jpeg_quality_92,F:\Sadik\semantic-causal-pathway\.venv\data\vqa_v2\variants\gqa-2331336__jpeg_quality_92.png,true,true,true,true,expert_human_reviewer,2026-10-05,probe,jpeg_compression,(same as original)
gqa-2331336,Are there either any bears or giraffes that are not sitting?,jpeg_quality_98,F:\Sadik\semantic-causal-pathway\.venv\data\vqa_v2\variants\gqa-2331336__jpeg_quality_98.png,true,true,true,true,expert_human_reviewer,2026-10-05,probe,jpeg_compression,(same as original)
gqa-2331336,Are there either any bears or giraffes that are not sitting?,translate_left_2pct,F:\Sadik\semantic-causal-pathway\.venv\data\vqa_v2\variants\gqa-2331336__translate_left_2pct.png,true,true,true,true,expert_human_reviewer,2026-10-05,heldout,translation,variants/masks/gqa-2331336__translate_left_2pct.png
gqa-2331336,Are there either any bears or giraffes that are not sitting?,translate_right_2pct,F:\Sadik\semantic-causal-pathway\.venv\data\vqa_v2\variants\gqa-2331336__translate_right_2pct.png,true,true,true,true,expert_human_reviewer,2026-10-05,heldout,translation,variants/masks/gqa-2331336__translate_right_2pct.png
gqa-2331336,Are there either any bears or giraffes that are not sitting?,translate_up_2pct,F:\Sadik\semantic-causal-pathway\.venv\data\vqa_v2\variants\gqa-2331336__translate_up_2pct.png,false,false,false,true,expert_human_reviewer,2026-10-05,,translation,variants/masks/gqa-2331336__translate_up_2pct.png
gqa-2331336,Are there either any bears or giraffes that are not sitting?,translate_down_2pct,F:\Sadik\semantic-causal-pathway\.venv\data\vqa_v2\variants\gqa-2331336__translate_down_2pct.png,false,false,false,true,expert_human_reviewer,2026-10-05,,translation,variants/masks/gqa-2331336__translate_down_2pct.png
gqa-2331336,Are there either any bears or giraffes that are not sitting?,background_blur,F:\Sadik\semantic-causal-pathway\.venv\data\vqa_v2\variants\gqa-2331336__background_blur.png,false,false,false,true,expert_human_reviewer,2026-10-05,,background_edit,(same as original)
gqa-2331336,Are there either any bears or giraffes that are not sitting?,background_neutral,F:\Sadik\semantic-causal-pathway\.venv\data\vqa_v2\variants\gqa-2331336__background_neutral.png,false,false,false,true,expert_human_reviewer,2026-10-05,,background_edit,(same as original)
gqa-2331336,Are there either any bears or giraffes that are not sitting?,jpeg_quality_10,F:\Sadik\semantic-causal-pathway\.venv\data\vqa_v2\variants\gqa-2331336__jpeg_quality_10.png,false,false,false,true,expert_human_reviewer,2026-10-05,,jpeg_compression,(rejected)
gqa-2331336,Are there either any bears or giraffes that are not sitting?,jpeg_quality_20,F:\Sadik\semantic-causal-pathway\.venv\data\vqa_v2\variants\gqa-2331336__jpeg_quality_20.png,false,false,false,true,expert_human_reviewer,2026-10-05,,jpeg_compression,(rejected)
gqa-2331336,Are there either any bears or giraffes that are not sitting?,translate_left_15pct,F:\Sadik\semantic-causal-pathway\.venv\data\vqa_v2\variants\gqa-2331336__translate_left_15pct.png,false,false,false,true,expert_human_reviewer,2026-10-05,,translation,(rejected)
gqa-2331336,Are there either any bears or giraffes that are not sitting?,contrast_2.0,F:\Sadik\semantic-causal-pathway\.venv\data\vqa_v2\variants\gqa-2331336__contrast_2.0.png,false,false,false,true,expert_human_reviewer,2026-10-05,,unclassified,(rejected)
vqav2-451151,Which giraffe is taller?,brightness_0.97,F:\Sadik\semantic-causal-pathway\.venv\data\vqa_v2\variants\vqav2-451151__brightness_0.97.png,false,false,false,true,expert_human_reviewer,2026-10-05,,photometric,(same as original)
vqav2-451151,Which giraffe is taller?,contrast_1.03,F:\Sadik\semantic-causal-pathway\.venv\data\vqa_v2\variants\vqav2-451151__contrast_1.03.png,false,false,false,true,expert_human_reviewer,2026-10-05,,photometric,(same as original)
vqav2-451151,Which giraffe is taller?,jpeg_quality_92,F:\Sadik\semantic-causal-pathway\.venv\data\vqa_v2\variants\vqav2-451151__jpeg_quality_92.png,true,true,true,true,expert_human_reviewer,2026-10-05,probe,jpeg_compression,(same as original)
vqav2-451151,Which giraffe is taller?,jpeg_quality_98,F:\Sadik\semantic-causal-pathway\.venv\data\vqa_v2\variants\vqav2-451151__jpeg_quality_98.png,true,true,true,true,expert_human_reviewer,2026-10-05,probe,jpeg_compression,(same as original)
vqav2-451151,Which giraffe is taller?,translate_left_2pct,F:\Sadik\semantic-causal-pathway\.venv\data\vqa_v2\variants\vqav2-451151__translate_left_2pct.png,true,true,true,true,expert_human_reviewer,2026-10-05,heldout,translation,variants/masks/vqav2-451151__translate_left_2pct.png
vqav2-451151,Which giraffe is taller?,translate_right_2pct,F:\Sadik\semantic-causal-pathway\.venv\data\vqa_v2\variants\vqav2-451151__translate_right_2pct.png,true,true,true,true,expert_human_reviewer,2026-10-05,heldout,translation,variants/masks/vqav2-451151__translate_right_2pct.png
vqav2-451151,Which giraffe is taller?,translate_up_2pct,F:\Sadik\semantic-causal-pathway\.venv\data\vqa_v2\variants\vqav2-451151__translate_up_2pct.png,false,false,false,true,expert_human_reviewer,2026-10-05,,translation,variants/masks/vqav2-451151__translate_up_2pct.png
vqav2-451151,Which giraffe is taller?,translate_down_2pct,F:\Sadik\semantic-causal-pathway\.venv\data\vqa_v2\variants\vqav2-451151__translate_down_2pct.png,false,false,false,true,expert_human_reviewer,2026-10-05,,translation,variants/masks/vqav2-451151__translate_down_2pct.png
vqav2-451151,Which giraffe is taller?,background_blur,F:\Sadik\semantic-causal-pathway\.venv\data\vqa_v2\variants\vqav2-451151__background_blur.png,false,false,false,true,expert_human_reviewer,2026-10-05,,background_edit,(same as original)
vqav2-451151,Which giraffe is taller?,background_neutral,F:\Sadik\semantic-causal-pathway\.venv\data\vqa_v2\variants\vqav2-451151__background_neutral.png,false,false,false,true,expert_human_reviewer,2026-10-05,,background_edit,(same as original)
vqav2-451151,Which giraffe is taller?,jpeg_quality_10,F:\Sadik\semantic-causal-pathway\.venv\data\vqa_v2\variants\vqav2-451151__jpeg_quality_10.png,false,false,false,true,expert_human_reviewer,2026-10-05,,jpeg_compression,(rejected)
vqav2-451151,Which giraffe is taller?,jpeg_quality_20,F:\Sadik\semantic-causal-pathway\.venv\data\vqa_v2\variants\vqav2-451151__jpeg_quality_20.png,false,false,false,true,expert_human_reviewer,2026-10-05,,jpeg_compression,(rejected)
vqav2-451151,Which giraffe is taller?,translate_left_15pct,F:\Sadik\semantic-causal-pathway\.venv\data\vqa_v2\variants\vqav2-451151__translate_left_15pct.png,false,false,false,true,expert_human_reviewer,2026-10-05,,translation,(rejected)
vqav2-451151,Which giraffe is taller?,contrast_2.0,F:\Sadik\semantic-causal-pathway\.venv\data\vqa_v2\variants\vqav2-451151__contrast_2.0.png,false,false,false,true,expert_human_reviewer,2026-10-05,,unclassified,(rejected)
vqav2-240279,Are the bananas ripe?,brightness_0.97,F:\Sadik\semantic-causal-pathway\.venv\data\vqa_v2\variants\vqav2-240279__brightness_0.97.png,false,false,false,true,expert_human_reviewer,2026-10-05,,photometric,(same as original)
vqav2-240279,Are the bananas ripe?,contrast_1.03,F:\Sadik\semantic-causal-pathway\.venv\data\vqa_v2\variants\vqav2-240279__contrast_1.03.png,false,false,false,true,expert_human_reviewer,2026-10-05,,photometric,(same as original)
vqav2-240279,Are the bananas ripe?,jpeg_quality_92,F:\Sadik\semantic-causal-pathway\.venv\data\vqa_v2\variants\vqav2-240279__jpeg_quality_92.png,true,true,true,true,expert_human_reviewer,2026-10-05,probe,jpeg_compression,(same as original)
vqav2-240279,Are the bananas ripe?,jpeg_quality_98,F:\Sadik\semantic-causal-pathway\.venv\data\vqa_v2\variants\vqav2-240279__jpeg_quality_98.png,true,true,true,true,expert_human_reviewer,2026-10-05,probe,jpeg_compression,(same as original)
vqav2-240279,Are the bananas ripe?,translate_left_2pct,F:\Sadik\semantic-causal-pathway\.venv\data\vqa_v2\variants\vqav2-240279__translate_left_2pct.png,true,true,true,true,expert_human_reviewer,2026-10-05,heldout,translation,variants/masks/vqav2-240279__translate_left_2pct.png
vqav2-240279,Are the bananas ripe?,translate_right_2pct,F:\Sadik\semantic-causal-pathway\.venv\data\vqa_v2\variants\vqav2-240279__translate_right_2pct.png,true,true,true,true,expert_human_reviewer,2026-10-05,heldout,translation,variants/masks/vqav2-240279__translate_right_2pct.png
vqav2-240279,Are the bananas ripe?,translate_up_2pct,F:\Sadik\semantic-causal-pathway\.venv\data\vqa_v2\variants\vqav2-240279__translate_up_2pct.png,false,false,false,true,expert_human_reviewer,2026-10-05,,translation,variants/masks/vqav2-240279__translate_up_2pct.png
vqav2-240279,Are the bananas ripe?,translate_down_2pct,F:\Sadik\semantic-causal-pathway\.venv\data\vqa_v2\variants\vqav2-240279__translate_down_2pct.png,false,false,false,true,expert_human_reviewer,2026-10-05,,translation,variants/masks/vqav2-240279__translate_down_2pct.png
vqav2-240279,Are the bananas ripe?,background_blur,F:\Sadik\semantic-causal-pathway\.venv\data\vqa_v2\variants\vqav2-240279__background_blur.png,false,false,false,true,expert_human_reviewer,2026-10-05,,background_edit,(same as original)
vqav2-240279,Are the bananas ripe?,background_neutral,F:\Sadik\semantic-causal-pathway\.venv\data\vqa_v2\variants\vqav2-240279__background_neutral.png,false,false,false,true,expert_human_reviewer,2026-10-05,,background_edit,(same as original)
vqav2-240279,Are the bananas ripe?,jpeg_quality_10,F:\Sadik\semantic-causal-pathway\.venv\data\vqa_v2\variants\vqav2-240279__jpeg_quality_10.png,false,false,false,true,expert_human_reviewer,2026-10-05,,jpeg_compression,(rejected)
vqav2-240279,Are the bananas ripe?,jpeg_quality_20,F:\Sadik\semantic-causal-pathway\.venv\data\vqa_v2\variants\vqav2-240279__jpeg_quality_20.png,false,false,false,true,expert_human_reviewer,2026-10-05,,jpeg_compression,(rejected)
vqav2-240279,Are the bananas ripe?,translate_left_15pct,F:\Sadik\semantic-causal-pathway\.venv\data\vqa_v2\variants\vqav2-240279__translate_left_15pct.png,false,false,false,true,expert_human_reviewer,2026-10-05,,translation,(rejected)
vqav2-240279,Are the bananas ripe?,contrast_2.0,F:\Sadik\semantic-causal-pathway\.venv\data\vqa_v2\variants\vqav2-240279__contrast_2.0.png,false,false,false,true,expert_human_reviewer,2026-10-05,,unclassified,(rejected)
gqa-2388927,Are there any pictures or laptop computers in the scene?,brightness_0.97,F:\Sadik\semantic-causal-pathway\.venv\data\vqa_v2\variants\gqa-2388927__brightness_0.97.png,false,false,false,true,expert_human_reviewer,2026-10-05,,photometric,(same as original)
gqa-2388927,Are there any pictures or laptop computers in the scene?,contrast_1.03,F:\Sadik\semantic-causal-pathway\.venv\data\vqa_v2\variants\gqa-2388927__contrast_1.03.png,false,false,false,true,expert_human_reviewer,2026-10-05,,photometric,(same as original)
gqa-2388927,Are there any pictures or laptop computers in the scene?,jpeg_quality_92,F:\Sadik\semantic-causal-pathway\.venv\data\vqa_v2\variants\gqa-2388927__jpeg_quality_92.png,true,true,true,true,expert_human_reviewer,2026-10-05,probe,jpeg_compression,(same as original)
gqa-2388927,Are there any pictures or laptop computers in the scene?,jpeg_quality_98,F:\Sadik\semantic-causal-pathway\.venv\data\vqa_v2\variants\gqa-2388927__jpeg_quality_98.png,true,true,true,true,expert_human_reviewer,2026-10-05,probe,jpeg_compression,(same as original)
gqa-2388927,Are there any pictures or laptop computers in the scene?,translate_left_2pct,F:\Sadik\semantic-causal-pathway\.venv\data\vqa_v2\variants\gqa-2388927__translate_left_2pct.png,true,true,true,true,expert_human_reviewer,2026-10-05,heldout,translation,variants/masks/gqa-2388927__translate_left_2pct.png
gqa-2388927,Are there any pictures or laptop computers in the scene?,translate_right_2pct,F:\Sadik\semantic-causal-pathway\.venv\data\vqa_v2\variants\gqa-2388927__translate_right_2pct.png,true,true,true,true,expert_human_reviewer,2026-10-05,heldout,translation,variants/masks/gqa-2388927__translate_right_2pct.png
gqa-2388927,Are there any pictures or laptop computers in the scene?,translate_up_2pct,F:\Sadik\semantic-causal-pathway\.venv\data\vqa_v2\variants\gqa-2388927__translate_up_2pct.png,false,false,false,true,expert_human_reviewer,2026-10-05,,translation,variants/masks/gqa-2388927__translate_up_2pct.png
gqa-2388927,Are there any pictures or laptop computers in the scene?,translate_down_2pct,F:\Sadik\semantic-causal-pathway\.venv\data\vqa_v2\variants\gqa-2388927__translate_down_2pct.png,false,false,false,true,expert_human_reviewer,2026-10-05,,translation,variants/masks/gqa-2388927__translate_down_2pct.png
gqa-2388927,Are there any pictures or laptop computers in the scene?,background_blur,F:\Sadik\semantic-causal-pathway\.venv\data\vqa_v2\variants\gqa-2388927__background_blur.png,false,false,false,true,expert_human_reviewer,2026-10-05,,background_edit,(same as original)
gqa-2388927,Are there any pictures or laptop computers in the scene?,background_neutral,F:\Sadik\semantic-causal-pathway\.venv\data\vqa_v2\variants\gqa-2388927__background_neutral.png,false,false,false,true,expert_human_reviewer,2026-10-05,,background_edit,(same as original)
gqa-2388927,Are there any pictures or laptop computers in the scene?,jpeg_quality_10,F:\Sadik\semantic-causal-pathway\.venv\data\vqa_v2\variants\gqa-2388927__jpeg_quality_10.png,false,false,false,true,expert_human_reviewer,2026-10-05,,jpeg_compression,(rejected)
gqa-2388927,Are there any pictures or laptop computers in the scene?,jpeg_quality_20,F:\Sadik\semantic-causal-pathway\.venv\data\vqa_v2\variants\gqa-2388927__jpeg_quality_20.png,false,false,false,true,expert_human_reviewer,2026-10-05,,jpeg_compression,(rejected)
gqa-2388927,Are there any pictures or laptop computers in the scene?,translate_left_15pct,F:\Sadik\semantic-causal-pathway\.venv\data\vqa_v2\variants\gqa-2388927__translate_left_15pct.png,false,false,false,true,expert_human_reviewer,2026-10-05,,translation,(rejected)
gqa-2388927,Are there any pictures or laptop computers in the scene?,contrast_2.0,F:\Sadik\semantic-causal-pathway\.venv\data\vqa_v2\variants\gqa-2388927__contrast_2.0.png,false,false,false,true,expert_human_reviewer,2026-10-05,,unclassified,(rejected)
gqa-2325742,Is the white car to the left or to the right of the truck?,brightness_0.97,F:\Sadik\semantic-causal-pathway\.venv\data\vqa_v2\variants\gqa-2325742__brightness_0.97.png,false,false,false,true,expert_human_reviewer,2026-10-05,,photometric,(same as original)
gqa-2325742,Is the white car to the left or to the right of the truck?,contrast_1.03,F:\Sadik\semantic-causal-pathway\.venv\data\vqa_v2\variants\gqa-2325742__contrast_1.03.png,false,false,false,true,expert_human_reviewer,2026-10-05,,photometric,(same as original)
gqa-2325742,Is the white car to the left or to the right of the truck?,jpeg_quality_92,F:\Sadik\semantic-causal-pathway\.venv\data\vqa_v2\variants\gqa-2325742__jpeg_quality_92.png,true,true,true,true,expert_human_reviewer,2026-10-05,probe,jpeg_compression,(same as original)
gqa-2325742,Is the white car to the left or to the right of the truck?,jpeg_quality_98,F:\Sadik\semantic-causal-pathway\.venv\data\vqa_v2\variants\gqa-2325742__jpeg_quality_98.png,true,true,true,true,expert_human_reviewer,2026-10-05,probe,jpeg_compression,(same as original)
gqa-2325742,Is the white car to the left or to the right of the truck?,translate_left_2pct,F:\Sadik\semantic-causal-pathway\.venv\data\vqa_v2\variants\gqa-2325742__translate_left_2pct.png,true,true,true,true,expert_human_reviewer,2026-10-05,heldout,translation,variants/masks/gqa-2325742__translate_left_2pct.png
gqa-2325742,Is the white car to the left or to the right of the truck?,translate_right_2pct,F:\Sadik\semantic-causal-pathway\.venv\data\vqa_v2\variants\gqa-2325742__translate_right_2pct.png,true,true,true,true,expert_human_reviewer,2026-10-05,heldout,translation,variants/masks/gqa-2325742__translate_right_2pct.png
gqa-2325742,Is the white car to the left or to the right of the truck?,translate_up_2pct,F:\Sadik\semantic-causal-pathway\.venv\data\vqa_v2\variants\gqa-2325742__translate_up_2pct.png,false,false,false,true,expert_human_reviewer,2026-10-05,,translation,variants/masks/gqa-2325742__translate_up_2pct.png
gqa-2325742,Is the white car to the left or to the right of the truck?,translate_down_2pct,F:\Sadik\semantic-causal-pathway\.venv\data\vqa_v2\variants\gqa-2325742__translate_down_2pct.png,false,false,false,true,expert_human_reviewer,2026-10-05,,translation,variants/masks/gqa-2325742__translate_down_2pct.png
gqa-2325742,Is the white car to the left or to the right of the truck?,background_blur,F:\Sadik\semantic-causal-pathway\.venv\data\vqa_v2\variants\gqa-2325742__background_blur.png,false,false,false,true,expert_human_reviewer,2026-10-05,,background_edit,(same as original)
gqa-2325742,Is the white car to the left or to the right of the truck?,background_neutral,F:\Sadik\semantic-causal-pathway\.venv\data\vqa_v2\variants\gqa-2325742__background_neutral.png,false,false,false,true,expert_human_reviewer,2026-10-05,,background_edit,(same as original)
gqa-2325742,Is the white car to the left or to the right of the truck?,jpeg_quality_10,F:\Sadik\semantic-causal-pathway\.venv\data\vqa_v2\variants\gqa-2325742__jpeg_quality_10.png,false,false,false,true,expert_human_reviewer,2026-10-05,,jpeg_compression,(rejected)
gqa-2325742,Is the white car to the left or to the right of the truck?,jpeg_quality_20,F:\Sadik\semantic-causal-pathway\.venv\data\vqa_v2\variants\gqa-2325742__jpeg_quality_20.png,false,false,false,true,expert_human_reviewer,2026-10-05,,jpeg_compression,(rejected)
gqa-2325742,Is the white car to the left or to the right of the truck?,translate_left_15pct,F:\Sadik\semantic-causal-pathway\.venv\data\vqa_v2\variants\gqa-2325742__translate_left_15pct.png,false,false,false,true,expert_human_reviewer,2026-10-05,,translation,(rejected)
gqa-2325742,Is the white car to the left or to the right of the truck?,contrast_2.0,F:\Sadik\semantic-causal-pathway\.venv\data\vqa_v2\variants\gqa-2325742__contrast_2.0.png,false,false,false,true,expert_human_reviewer,2026-10-05,,unclassified,(rejected)
gqa-2770,Do you see both windows and buses in this picture?,brightness_0.97,F:\Sadik\semantic-causal-pathway\.venv\data\vqa_v2\variants\gqa-2770__brightness_0.97.png,false,false,false,true,expert_human_reviewer,2026-10-05,,photometric,(same as original)
gqa-2770,Do you see both windows and buses in this picture?,contrast_1.03,F:\Sadik\semantic-causal-pathway\.venv\data\vqa_v2\variants\gqa-2770__contrast_1.03.png,false,false,false,true,expert_human_reviewer,2026-10-05,,photometric,(same as original)
gqa-2770,Do you see both windows and buses in this picture?,jpeg_quality_92,F:\Sadik\semantic-causal-pathway\.venv\data\vqa_v2\variants\gqa-2770__jpeg_quality_92.png,true,true,true,true,expert_human_reviewer,2026-10-05,probe,jpeg_compression,(same as original)
gqa-2770,Do you see both windows and buses in this picture?,jpeg_quality_98,F:\Sadik\semantic-causal-pathway\.venv\data\vqa_v2\variants\gqa-2770__jpeg_quality_98.png,true,true,true,true,expert_human_reviewer,2026-10-05,probe,jpeg_compression,(same as original)
gqa-2770,Do you see both windows and buses in this picture?,translate_left_2pct,F:\Sadik\semantic-causal-pathway\.venv\data\vqa_v2\variants\gqa-2770__translate_left_2pct.png,true,true,true,true,expert_human_reviewer,2026-10-05,heldout,translation,variants/masks/gqa-2770__translate_left_2pct.png
gqa-2770,Do you see both windows and buses in this picture?,translate_right_2pct,F:\Sadik\semantic-causal-pathway\.venv\data\vqa_v2\variants\gqa-2770__translate_right_2pct.png,true,true,true,true,expert_human_reviewer,2026-10-05,heldout,translation,variants/masks/gqa-2770__translate_right_2pct.png
gqa-2770,Do you see both windows and buses in this picture?,translate_up_2pct,F:\Sadik\semantic-causal-pathway\.venv\data\vqa_v2\variants\gqa-2770__translate_up_2pct.png,false,false,false,true,expert_human_reviewer,2026-10-05,,translation,variants/masks/gqa-2770__translate_up_2pct.png
gqa-2770,Do you see both windows and buses in this picture?,translate_down_2pct,F:\Sadik\semantic-causal-pathway\.venv\data\vqa_v2\variants\gqa-2770__translate_down_2pct.png,false,false,false,true,expert_human_reviewer,2026-10-05,,translation,variants/masks/gqa-2770__translate_down_2pct.png
gqa-2770,Do you see both windows and buses in this picture?,background_blur,F:\Sadik\semantic-causal-pathway\.venv\data\vqa_v2\variants\gqa-2770__background_blur.png,false,false,false,true,expert_human_reviewer,2026-10-05,,background_edit,(same as original)
gqa-2770,Do you see both windows and buses in this picture?,background_neutral,F:\Sadik\semantic-causal-pathway\.venv\data\vqa_v2\variants\gqa-2770__background_neutral.png,false,false,false,true,expert_human_reviewer,2026-10-05,,background_edit,(same as original)
gqa-2770,Do you see both windows and buses in this picture?,jpeg_quality_10,F:\Sadik\semantic-causal-pathway\.venv\data\vqa_v2\variants\gqa-2770__jpeg_quality_10.png,false,false,false,true,expert_human_reviewer,2026-10-05,,jpeg_compression,(rejected)
gqa-2770,Do you see both windows and buses in this picture?,jpeg_quality_20,F:\Sadik\semantic-causal-pathway\.venv\data\vqa_v2\variants\gqa-2770__jpeg_quality_20.png,false,false,false,true,expert_human_reviewer,2026-10-05,,jpeg_compression,(rejected)
gqa-2770,Do you see both windows and buses in this picture?,translate_left_15pct,F:\Sadik\semantic-causal-pathway\.venv\data\vqa_v2\variants\gqa-2770__translate_left_15pct.png,false,false,false,true,expert_human_reviewer,2026-10-05,,translation,(rejected)
gqa-2770,Do you see both windows and buses in this picture?,contrast_2.0,F:\Sadik\semantic-causal-pathway\.venv\data\vqa_v2\variants\gqa-2770__contrast_2.0.png,false,false,false,true,expert_human_reviewer,2026-10-05,,unclassified,(rejected)
vqav2-451406,Is the court the usual court color?,jpeg_quality_90,F:\Sadik\semantic-causal-pathway\.venv\data\vqa_v2\variants\vqav2-451406__jpeg_quality_90.png,false,false,false,true,expert_human_reviewer,2026-10-05,,jpeg_compression,(same as original)
vqav2-451406,Is the court the usual court color?,jpeg_quality_92,F:\Sadik\semantic-causal-pathway\.venv\data\vqa_v2\variants\vqav2-451406__jpeg_quality_92.png,true,true,true,true,expert_human_reviewer,2026-10-05,probe,jpeg_compression,(same as original)
vqav2-451406,Is the court the usual court color?,jpeg_quality_95,F:\Sadik\semantic-causal-pathway\.venv\data\vqa_v2\variants\vqav2-451406__jpeg_quality_95.png,false,false,false,true,expert_human_reviewer,2026-10-05,,jpeg_compression,(same as original)
vqav2-451406,Is the court the usual court color?,jpeg_quality_98,F:\Sadik\semantic-causal-pathway\.venv\data\vqa_v2\variants\vqav2-451406__jpeg_quality_98.png,true,true,true,true,expert_human_reviewer,2026-10-05,probe,jpeg_compression,(same as original)
vqav2-451406,Is the court the usual court color?,translate_left_2pct,F:\Sadik\semantic-causal-pathway\.venv\data\vqa_v2\variants\vqav2-451406__translate_left_2pct.png,true,true,true,true,expert_human_reviewer,2026-10-05,heldout,translation,variants/masks/vqav2-451406__translate_left_2pct.png
vqav2-451406,Is the court the usual court color?,translate_right_2pct,F:\Sadik\semantic-causal-pathway\.venv\data\vqa_v2\variants\vqav2-451406__translate_right_2pct.png,true,true,true,true,expert_human_reviewer,2026-10-05,heldout,translation,variants/masks/vqav2-451406__translate_right_2pct.png
vqav2-451406,Is the court the usual court color?,translate_up_2pct,F:\Sadik\semantic-causal-pathway\.venv\data\vqa_v2\variants\vqav2-451406__translate_up_2pct.png,false,false,false,true,expert_human_reviewer,2026-10-05,,translation,variants/masks/vqav2-451406__translate_up_2pct.png
vqav2-451406,Is the court the usual court color?,translate_down_2pct,F:\Sadik\semantic-causal-pathway\.venv\data\vqa_v2\variants\vqav2-451406__translate_down_2pct.png,false,false,false,true,expert_human_reviewer,2026-10-05,,translation,variants/masks/vqav2-451406__translate_down_2pct.png
vqav2-451406,Is the court the usual court color?,background_blur,F:\Sadik\semantic-causal-pathway\.venv\data\vqa_v2\variants\vqav2-451406__background_blur.png,false,false,false,true,expert_human_reviewer,2026-10-05,,background_edit,(same as original)
vqav2-451406,Is the court the usual court color?,background_neutral,F:\Sadik\semantic-causal-pathway\.venv\data\vqa_v2\variants\vqav2-451406__background_neutral.png,false,false,false,true,expert_human_reviewer,2026-10-05,,background_edit,(same as original)
vqav2-451406,Is the court the usual court color?,jpeg_quality_10,F:\Sadik\semantic-causal-pathway\.venv\data\vqa_v2\variants\vqav2-451406__jpeg_quality_10.png,false,false,false,true,expert_human_reviewer,2026-10-05,,jpeg_compression,(rejected)
vqav2-451406,Is the court the usual court color?,jpeg_quality_20,F:\Sadik\semantic-causal-pathway\.venv\data\vqa_v2\variants\vqav2-451406__jpeg_quality_20.png,false,false,false,true,expert_human_reviewer,2026-10-05,,jpeg_compression,(rejected)
vqav2-451406,Is the court the usual court color?,translate_left_15pct,F:\Sadik\semantic-causal-pathway\.venv\data\vqa_v2\variants\vqav2-451406__translate_left_15pct.png,false,false,false,true,expert_human_reviewer,2026-10-05,,translation,(rejected)
vqav2-451406,Is the court the usual court color?,contrast_2.0,F:\Sadik\semantic-causal-pathway\.venv\data\vqa_v2\variants\vqav2-451406__contrast_2.0.png,false,false,false,true,expert_human_reviewer,2026-10-05,,unclassified,(rejected)
vqav2-432605,What might this room be?,brightness_0.97,F:\Sadik\semantic-causal-pathway\.venv\data\vqa_v2\variants\vqav2-432605__brightness_0.97.png,false,false,false,true,expert_human_reviewer,2026-10-05,,photometric,(same as original)
vqav2-432605,What might this room be?,contrast_1.03,F:\Sadik\semantic-causal-pathway\.venv\data\vqa_v2\variants\vqav2-432605__contrast_1.03.png,false,false,false,true,expert_human_reviewer,2026-10-05,,photometric,(same as original)
vqav2-432605,What might this room be?,jpeg_quality_92,F:\Sadik\semantic-causal-pathway\.venv\data\vqa_v2\variants\vqav2-432605__jpeg_quality_92.png,true,true,true,true,expert_human_reviewer,2026-10-05,probe,jpeg_compression,(same as original)
vqav2-432605,What might this room be?,jpeg_quality_98,F:\Sadik\semantic-causal-pathway\.venv\data\vqa_v2\variants\vqav2-432605__jpeg_quality_98.png,true,true,true,true,expert_human_reviewer,2026-10-05,probe,jpeg_compression,(same as original)
vqav2-432605,What might this room be?,translate_left_2pct,F:\Sadik\semantic-causal-pathway\.venv\data\vqa_v2\variants\vqav2-432605__translate_left_2pct.png,true,true,true,true,expert_human_reviewer,2026-10-05,heldout,translation,variants/masks/vqav2-432605__translate_left_2pct.png
vqav2-432605,What might this room be?,translate_right_2pct,F:\Sadik\semantic-causal-pathway\.venv\data\vqa_v2\variants\vqav2-432605__translate_right_2pct.png,true,true,true,true,expert_human_reviewer,2026-10-05,heldout,translation,variants/masks/vqav2-432605__translate_right_2pct.png
vqav2-432605,What might this room be?,translate_up_2pct,F:\Sadik\semantic-causal-pathway\.venv\data\vqa_v2\variants\vqav2-432605__translate_up_2pct.png,false,false,false,true,expert_human_reviewer,2026-10-05,,translation,variants/masks/vqav2-432605__translate_up_2pct.png
vqav2-432605,What might this room be?,translate_down_2pct,F:\Sadik\semantic-causal-pathway\.venv\data\vqa_v2\variants\vqav2-432605__translate_down_2pct.png,false,false,false,true,expert_human_reviewer,2026-10-05,,translation,variants/masks/vqav2-432605__translate_down_2pct.png
vqav2-432605,What might this room be?,background_blur,F:\Sadik\semantic-causal-pathway\.venv\data\vqa_v2\variants\vqav2-432605__background_blur.png,false,false,false,true,expert_human_reviewer,2026-10-05,,background_edit,(same as original)
vqav2-432605,What might this room be?,background_neutral,F:\Sadik\semantic-causal-pathway\.venv\data\vqa_v2\variants\vqav2-432605__background_neutral.png,false,false,false,true,expert_human_reviewer,2026-10-05,,background_edit,(same as original)
vqav2-432605,What might this room be?,jpeg_quality_10,F:\Sadik\semantic-causal-pathway\.venv\data\vqa_v2\variants\vqav2-432605__jpeg_quality_10.png,false,false,false,true,expert_human_reviewer,2026-10-05,,jpeg_compression,(rejected)
vqav2-432605,What might this room be?,jpeg_quality_20,F:\Sadik\semantic-causal-pathway\.venv\data\vqa_v2\variants\vqav2-432605__jpeg_quality_20.png,false,false,false,true,expert_human_reviewer,2026-10-05,,jpeg_compression,(rejected)
vqav2-432605,What might this room be?,translate_left_15pct,F:\Sadik\semantic-causal-pathway\.venv\data\vqa_v2\variants\vqav2-432605__translate_left_15pct.png,false,false,false,true,expert_human_reviewer,2026-10-05,,translation,(rejected)
vqav2-432605,What might this room be?,contrast_2.0,F:\Sadik\semantic-causal-pathway\.venv\data\vqa_v2\variants\vqav2-432605__contrast_2.0.png,false,false,false,true,expert_human_reviewer,2026-10-05,,unclassified,(rejected)
vqav2-61862,Is a man or woman taking the picture?,brightness_0.97,F:\Sadik\semantic-causal-pathway\.venv\data\vqa_v2\variants\vqav2-61862__brightness_0.97.png,false,false,false,true,expert_human_reviewer,2026-10-05,,photometric,(same as original)
vqav2-61862,Is a man or woman taking the picture?,contrast_1.03,F:\Sadik\semantic-causal-pathway\.venv\data\vqa_v2\variants\vqav2-61862__contrast_1.03.png,false,false,false,true,expert_human_reviewer,2026-10-05,,photometric,(same as original)
vqav2-61862,Is a man or woman taking the picture?,jpeg_quality_92,F:\Sadik\semantic-causal-pathway\.venv\data\vqa_v2\variants\vqav2-61862__jpeg_quality_92.png,true,true,true,true,expert_human_reviewer,2026-10-05,probe,jpeg_compression,(same as original)
vqav2-61862,Is a man or woman taking the picture?,jpeg_quality_98,F:\Sadik\semantic-causal-pathway\.venv\data\vqa_v2\variants\vqav2-61862__jpeg_quality_98.png,true,true,true,true,expert_human_reviewer,2026-10-05,probe,jpeg_compression,(same as original)
vqav2-61862,Is a man or woman taking the picture?,translate_left_2pct,F:\Sadik\semantic-causal-pathway\.venv\data\vqa_v2\variants\vqav2-61862__translate_left_2pct.png,true,true,true,true,expert_human_reviewer,2026-10-05,heldout,translation,variants/masks/vqav2-61862__translate_left_2pct.png
vqav2-61862,Is a man or woman taking the picture?,translate_right_2pct,F:\Sadik\semantic-causal-pathway\.venv\data\vqa_v2\variants\vqav2-61862__translate_right_2pct.png,true,true,true,true,expert_human_reviewer,2026-10-05,heldout,translation,variants/masks/vqav2-61862__translate_right_2pct.png
vqav2-61862,Is a man or woman taking the picture?,translate_up_2pct,F:\Sadik\semantic-causal-pathway\.venv\data\vqa_v2\variants\vqav2-61862__translate_up_2pct.png,false,false,false,true,expert_human_reviewer,2026-10-05,,translation,variants/masks/vqav2-61862__translate_up_2pct.png
vqav2-61862,Is a man or woman taking the picture?,translate_down_2pct,F:\Sadik\semantic-causal-pathway\.venv\data\vqa_v2\variants\vqav2-61862__translate_down_2pct.png,false,false,false,true,expert_human_reviewer,2026-10-05,,translation,variants/masks/vqav2-61862__translate_down_2pct.png
vqav2-61862,Is a man or woman taking the picture?,background_blur,F:\Sadik\semantic-causal-pathway\.venv\data\vqa_v2\variants\vqav2-61862__background_blur.png,false,false,false,true,expert_human_reviewer,2026-10-05,,background_edit,(same as original)
vqav2-61862,Is a man or woman taking the picture?,background_neutral,F:\Sadik\semantic-causal-pathway\.venv\data\vqa_v2\variants\vqav2-61862__background_neutral.png,false,false,false,true,expert_human_reviewer,2026-10-05,,background_edit,(same as original)
vqav2-61862,Is a man or woman taking the picture?,jpeg_quality_10,F:\Sadik\semantic-causal-pathway\.venv\data\vqa_v2\variants\vqav2-61862__jpeg_quality_10.png,false,false,false,true,expert_human_reviewer,2026-10-05,,jpeg_compression,(rejected)
vqav2-61862,Is a man or woman taking the picture?,jpeg_quality_20,F:\Sadik\semantic-causal-pathway\.venv\data\vqa_v2\variants\vqav2-61862__jpeg_quality_20.png,false,false,false,true,expert_human_reviewer,2026-10-05,,jpeg_compression,(rejected)
vqav2-61862,Is a man or woman taking the picture?,translate_left_15pct,F:\Sadik\semantic-causal-pathway\.venv\data\vqa_v2\variants\vqav2-61862__translate_left_15pct.png,false,false,false,true,expert_human_reviewer,2026-10-05,,translation,(rejected)
vqav2-61862,Is a man or woman taking the picture?,contrast_2.0,F:\Sadik\semantic-causal-pathway\.venv\data\vqa_v2\variants\vqav2-61862__contrast_2.0.png,false,false,false,true,expert_human_reviewer,2026-10-05,,unclassified,(rejected)
vqav2-45248,What is unusual about the sign's placement?,brightness_0.97,F:\Sadik\semantic-causal-pathway\.venv\data\vqa_v2\variants\vqav2-45248__brightness_0.97.png,false,false,false,true,expert_human_reviewer,2026-10-05,,photometric,(same as original)
vqav2-45248,What is unusual about the sign's placement?,contrast_1.03,F:\Sadik\semantic-causal-pathway\.venv\data\vqa_v2\variants\vqav2-45248__contrast_1.03.png,false,false,false,true,expert_human_reviewer,2026-10-05,,photometric,(same as original)
vqav2-45248,What is unusual about the sign's placement?,jpeg_quality_92,F:\Sadik\semantic-causal-pathway\.venv\data\vqa_v2\variants\vqav2-45248__jpeg_quality_92.png,true,true,true,true,expert_human_reviewer,2026-10-05,probe,jpeg_compression,(same as original)
vqav2-45248,What is unusual about the sign's placement?,jpeg_quality_98,F:\Sadik\semantic-causal-pathway\.venv\data\vqa_v2\variants\vqav2-45248__jpeg_quality_98.png,true,true,true,true,expert_human_reviewer,2026-10-05,probe,jpeg_compression,(same as original)
vqav2-45248,What is unusual about the sign's placement?,translate_left_2pct,F:\Sadik\semantic-causal-pathway\.venv\data\vqa_v2\variants\vqav2-45248__translate_left_2pct.png,true,true,true,true,expert_human_reviewer,2026-10-05,heldout,translation,variants/masks/vqav2-45248__translate_left_2pct.png
vqav2-45248,What is unusual about the sign's placement?,translate_right_2pct,F:\Sadik\semantic-causal-pathway\.venv\data\vqa_v2\variants\vqav2-45248__translate_right_2pct.png,true,true,true,true,expert_human_reviewer,2026-10-05,heldout,translation,variants/masks/vqav2-45248__translate_right_2pct.png
vqav2-45248,What is unusual about the sign's placement?,translate_up_2pct,F:\Sadik\semantic-causal-pathway\.venv\data\vqa_v2\variants\vqav2-45248__translate_up_2pct.png,false,false,false,true,expert_human_reviewer,2026-10-05,,translation,variants/masks/vqav2-45248__translate_up_2pct.png
vqav2-45248,What is unusual about the sign's placement?,translate_down_2pct,F:\Sadik\semantic-causal-pathway\.venv\data\vqa_v2\variants\vqav2-45248__translate_down_2pct.png,false,false,false,true,expert_human_reviewer,2026-10-05,,translation,variants/masks/vqav2-45248__translate_down_2pct.png
vqav2-45248,What is unusual about the sign's placement?,background_blur,F:\Sadik\semantic-causal-pathway\.venv\data\vqa_v2\variants\vqav2-45248__background_blur.png,false,false,false,true,expert_human_reviewer,2026-10-05,,background_edit,(same as original)
vqav2-45248,What is unusual about the sign's placement?,background_neutral,F:\Sadik\semantic-causal-pathway\.venv\data\vqa_v2\variants\vqav2-45248__background_neutral.png,false,false,false,true,expert_human_reviewer,2026-10-05,,background_edit,(same as original)
vqav2-45248,What is unusual about the sign's placement?,jpeg_quality_10,F:\Sadik\semantic-causal-pathway\.venv\data\vqa_v2\variants\vqav2-45248__jpeg_quality_10.png,false,false,false,true,expert_human_reviewer,2026-10-05,,jpeg_compression,(rejected)
vqav2-45248,What is unusual about the sign's placement?,jpeg_quality_20,F:\Sadik\semantic-causal-pathway\.venv\data\vqa_v2\variants\vqav2-45248__jpeg_quality_20.png,false,false,false,true,expert_human_reviewer,2026-10-05,,jpeg_compression,(rejected)
vqav2-45248,What is unusual about the sign's placement?,translate_left_15pct,F:\Sadik\semantic-causal-pathway\.venv\data\vqa_v2\variants\vqav2-45248__translate_left_15pct.png,false,false,false,true,expert_human_reviewer,2026-10-05,,translation,(rejected)
vqav2-45248,What is unusual about the sign's placement?,contrast_2.0,F:\Sadik\semantic-causal-pathway\.venv\data\vqa_v2\variants\vqav2-45248__contrast_2.0.png,false,false,false,true,expert_human_reviewer,2026-10-05,,unclassified,(rejected)
gqa-2374131,How is the black item of clothing called?,brightness_0.97,F:\Sadik\semantic-causal-pathway\.venv\data\vqa_v2\variants\gqa-2374131__brightness_0.97.png,false,false,false,true,expert_human_reviewer,2026-10-05,,photometric,(same as original)
gqa-2374131,How is the black item of clothing called?,contrast_1.03,F:\Sadik\semantic-causal-pathway\.venv\data\vqa_v2\variants\gqa-2374131__contrast_1.03.png,false,false,false,true,expert_human_reviewer,2026-10-05,,photometric,(same as original)
gqa-2374131,How is the black item of clothing called?,jpeg_quality_92,F:\Sadik\semantic-causal-pathway\.venv\data\vqa_v2\variants\gqa-2374131__jpeg_quality_92.png,true,true,true,true,expert_human_reviewer,2026-10-05,probe,jpeg_compression,(same as original)
gqa-2374131,How is the black item of clothing called?,jpeg_quality_98,F:\Sadik\semantic-causal-pathway\.venv\data\vqa_v2\variants\gqa-2374131__jpeg_quality_98.png,true,true,true,true,expert_human_reviewer,2026-10-05,probe,jpeg_compression,(same as original)
gqa-2374131,How is the black item of clothing called?,translate_left_2pct,F:\Sadik\semantic-causal-pathway\.venv\data\vqa_v2\variants\gqa-2374131__translate_left_2pct.png,true,true,true,true,expert_human_reviewer,2026-10-05,heldout,translation,variants/masks/gqa-2374131__translate_left_2pct.png
gqa-2374131,How is the black item of clothing called?,translate_right_2pct,F:\Sadik\semantic-causal-pathway\.venv\data\vqa_v2\variants\gqa-2374131__translate_right_2pct.png,true,true,true,true,expert_human_reviewer,2026-10-05,heldout,translation,variants/masks/gqa-2374131__translate_right_2pct.png
gqa-2374131,How is the black item of clothing called?,translate_up_2pct,F:\Sadik\semantic-causal-pathway\.venv\data\vqa_v2\variants\gqa-2374131__translate_up_2pct.png,false,false,false,true,expert_human_reviewer,2026-10-05,,translation,variants/masks/gqa-2374131__translate_up_2pct.png
gqa-2374131,How is the black item of clothing called?,translate_down_2pct,F:\Sadik\semantic-causal-pathway\.venv\data\vqa_v2\variants\gqa-2374131__translate_down_2pct.png,false,false,false,true,expert_human_reviewer,2026-10-05,,translation,variants/masks/gqa-2374131__translate_down_2pct.png
gqa-2374131,How is the black item of clothing called?,background_blur,F:\Sadik\semantic-causal-pathway\.venv\data\vqa_v2\variants\gqa-2374131__background_blur.png,false,false,false,true,expert_human_reviewer,2026-10-05,,background_edit,(same as original)
gqa-2374131,How is the black item of clothing called?,background_neutral,F:\Sadik\semantic-causal-pathway\.venv\data\vqa_v2\variants\gqa-2374131__background_neutral.png,false,false,false,true,expert_human_reviewer,2026-10-05,,background_edit,(same as original)
gqa-2374131,How is the black item of clothing called?,jpeg_quality_10,F:\Sadik\semantic-causal-pathway\.venv\data\vqa_v2\variants\gqa-2374131__jpeg_quality_10.png,false,false,false,true,expert_human_reviewer,2026-10-05,,jpeg_compression,(rejected)
gqa-2374131,How is the black item of clothing called?,jpeg_quality_20,F:\Sadik\semantic-causal-pathway\.venv\data\vqa_v2\variants\gqa-2374131__jpeg_quality_20.png,false,false,false,true,expert_human_reviewer,2026-10-05,,jpeg_compression,(rejected)
gqa-2374131,How is the black item of clothing called?,translate_left_15pct,F:\Sadik\semantic-causal-pathway\.venv\data\vqa_v2\variants\gqa-2374131__translate_left_15pct.png,false,false,false,true,expert_human_reviewer,2026-10-05,,translation,(rejected)
gqa-2374131,How is the black item of clothing called?,contrast_2.0,F:\Sadik\semantic-causal-pathway\.venv\data\vqa_v2\variants\gqa-2374131__contrast_2.0.png,false,false,false,true,expert_human_reviewer,2026-10-05,,unclassified,(rejected)
vqav2-209868,What is in her mouth?,brightness_0.97,F:\Sadik\semantic-causal-pathway\.venv\data\vqa_v2\variants\vqav2-209868__brightness_0.97.png,false,false,false,true,expert_human_reviewer,2026-10-05,,photometric,(same as original)
vqav2-209868,What is in her mouth?,contrast_1.03,F:\Sadik\semantic-causal-pathway\.venv\data\vqa_v2\variants\vqav2-209868__contrast_1.03.png,false,false,false,true,expert_human_reviewer,2026-10-05,,photometric,(same as original)
vqav2-209868,What is in her mouth?,jpeg_quality_92,F:\Sadik\semantic-causal-pathway\.venv\data\vqa_v2\variants\vqav2-209868__jpeg_quality_92.png,true,true,true,true,expert_human_reviewer,2026-10-05,probe,jpeg_compression,(same as original)
vqav2-209868,What is in her mouth?,jpeg_quality_98,F:\Sadik\semantic-causal-pathway\.venv\data\vqa_v2\variants\vqav2-209868__jpeg_quality_98.png,true,true,true,true,expert_human_reviewer,2026-10-05,probe,jpeg_compression,(same as original)
vqav2-209868,What is in her mouth?,translate_left_2pct,F:\Sadik\semantic-causal-pathway\.venv\data\vqa_v2\variants\vqav2-209868__translate_left_2pct.png,true,true,true,true,expert_human_reviewer,2026-10-05,heldout,translation,variants/masks/vqav2-209868__translate_left_2pct.png
vqav2-209868,What is in her mouth?,translate_right_2pct,F:\Sadik\semantic-causal-pathway\.venv\data\vqa_v2\variants\vqav2-209868__translate_right_2pct.png,true,true,true,true,expert_human_reviewer,2026-10-05,heldout,translation,variants/masks/vqav2-209868__translate_right_2pct.png
vqav2-209868,What is in her mouth?,translate_up_2pct,F:\Sadik\semantic-causal-pathway\.venv\data\vqa_v2\variants\vqav2-209868__translate_up_2pct.png,false,false,false,true,expert_human_reviewer,2026-10-05,,translation,variants/masks/vqav2-209868__translate_up_2pct.png
vqav2-209868,What is in her mouth?,translate_down_2pct,F:\Sadik\semantic-causal-pathway\.venv\data\vqa_v2\variants\vqav2-209868__translate_down_2pct.png,false,false,false,true,expert_human_reviewer,2026-10-05,,translation,variants/masks/vqav2-209868__translate_down_2pct.png
vqav2-209868,What is in her mouth?,background_blur,F:\Sadik\semantic-causal-pathway\.venv\data\vqa_v2\variants\vqav2-209868__background_blur.png,false,false,false,true,expert_human_reviewer,2026-10-05,,background_edit,(same as original)
vqav2-209868,What is in her mouth?,background_neutral,F:\Sadik\semantic-causal-pathway\.venv\data\vqa_v2\variants\vqav2-209868__background_neutral.png,false,false,false,true,expert_human_reviewer,2026-10-05,,background_edit,(same as original)
vqav2-209868,What is in her mouth?,jpeg_quality_10,F:\Sadik\semantic-causal-pathway\.venv\data\vqa_v2\variants\vqav2-209868__jpeg_quality_10.png,false,false,false,true,expert_human_reviewer,2026-10-05,,jpeg_compression,(rejected)
vqav2-209868,What is in her mouth?,jpeg_quality_20,F:\Sadik\semantic-causal-pathway\.venv\data\vqa_v2\variants\vqav2-209868__jpeg_quality_20.png,false,false,false,true,expert_human_reviewer,2026-10-05,,jpeg_compression,(rejected)
vqav2-209868,What is in her mouth?,translate_left_15pct,F:\Sadik\semantic-causal-pathway\.venv\data\vqa_v2\variants\vqav2-209868__translate_left_15pct.png,false,false,false,true,expert_human_reviewer,2026-10-05,,translation,(rejected)
vqav2-209868,What is in her mouth?,contrast_2.0,F:\Sadik\semantic-causal-pathway\.venv\data\vqa_v2\variants\vqav2-209868__contrast_2.0.png,false,false,false,true,expert_human_reviewer,2026-10-05,,unclassified,(rejected)
vqav2-406885,How many cars are on the train?,brightness_0.97,F:\Sadik\semantic-causal-pathway\.venv\data\vqa_v2\variants\vqav2-406885__brightness_0.97.png,false,false,false,true,expert_human_reviewer,2026-10-05,,photometric,(same as original)
vqav2-406885,How many cars are on the train?,contrast_1.03,F:\Sadik\semantic-causal-pathway\.venv\data\vqa_v2\variants\vqav2-406885__contrast_1.03.png,false,false,false,true,expert_human_reviewer,2026-10-05,,photometric,(same as original)
vqav2-406885,How many cars are on the train?,jpeg_quality_92,F:\Sadik\semantic-causal-pathway\.venv\data\vqa_v2\variants\vqav2-406885__jpeg_quality_92.png,true,true,true,true,expert_human_reviewer,2026-10-05,probe,jpeg_compression,(same as original)
vqav2-406885,How many cars are on the train?,jpeg_quality_98,F:\Sadik\semantic-causal-pathway\.venv\data\vqa_v2\variants\vqav2-406885__jpeg_quality_98.png,true,true,true,true,expert_human_reviewer,2026-10-05,probe,jpeg_compression,(same as original)
vqav2-406885,How many cars are on the train?,translate_left_2pct,F:\Sadik\semantic-causal-pathway\.venv\data\vqa_v2\variants\vqav2-406885__translate_left_2pct.png,true,true,true,true,expert_human_reviewer,2026-10-05,heldout,translation,variants/masks/vqav2-406885__translate_left_2pct.png
vqav2-406885,How many cars are on the train?,translate_right_2pct,F:\Sadik\semantic-causal-pathway\.venv\data\vqa_v2\variants\vqav2-406885__translate_right_2pct.png,true,true,true,true,expert_human_reviewer,2026-10-05,heldout,translation,variants/masks/vqav2-406885__translate_right_2pct.png
vqav2-406885,How many cars are on the train?,translate_up_2pct,F:\Sadik\semantic-causal-pathway\.venv\data\vqa_v2\variants\vqav2-406885__translate_up_2pct.png,false,false,false,true,expert_human_reviewer,2026-10-05,,translation,variants/masks/vqav2-406885__translate_up_2pct.png
vqav2-406885,How many cars are on the train?,translate_down_2pct,F:\Sadik\semantic-causal-pathway\.venv\data\vqa_v2\variants\vqav2-406885__translate_down_2pct.png,false,false,false,true,expert_human_reviewer,2026-10-05,,translation,variants/masks/vqav2-406885__translate_down_2pct.png
vqav2-406885,How many cars are on the train?,background_blur,F:\Sadik\semantic-causal-pathway\.venv\data\vqa_v2\variants\vqav2-406885__background_blur.png,false,false,false,true,expert_human_reviewer,2026-10-05,,background_edit,(same as original)
vqav2-406885,How many cars are on the train?,background_neutral,F:\Sadik\semantic-causal-pathway\.venv\data\vqa_v2\variants\vqav2-406885__background_neutral.png,false,false,false,true,expert_human_reviewer,2026-10-05,,background_edit,(same as original)
vqav2-406885,How many cars are on the train?,jpeg_quality_10,F:\Sadik\semantic-causal-pathway\.venv\data\vqa_v2\variants\vqav2-406885__jpeg_quality_10.png,false,false,false,true,expert_human_reviewer,2026-10-05,,jpeg_compression,(rejected)
vqav2-406885,How many cars are on the train?,jpeg_quality_20,F:\Sadik\semantic-causal-pathway\.venv\data\vqa_v2\variants\vqav2-406885__jpeg_quality_20.png,false,false,false,true,expert_human_reviewer,2026-10-05,,jpeg_compression,(rejected)
vqav2-406885,How many cars are on the train?,translate_left_15pct,F:\Sadik\semantic-causal-pathway\.venv\data\vqa_v2\variants\vqav2-406885__translate_left_15pct.png,false,false,false,true,expert_human_reviewer,2026-10-05,,translation,(rejected)
vqav2-406885,How many cars are on the train?,contrast_2.0,F:\Sadik\semantic-causal-pathway\.venv\data\vqa_v2\variants\vqav2-406885__contrast_2.0.png,false,false,false,true,expert_human_reviewer,2026-10-05,,unclassified,(rejected)
vqav2-29393,Is the dog posing for the picture?,brightness_0.97,F:\Sadik\semantic-causal-pathway\.venv\data\vqa_v2\variants\vqav2-29393__brightness_0.97.png,false,false,false,true,expert_human_reviewer,2026-10-05,,photometric,(same as original)
vqav2-29393,Is the dog posing for the picture?,contrast_1.03,F:\Sadik\semantic-causal-pathway\.venv\data\vqa_v2\variants\vqav2-29393__contrast_1.03.png,false,false,false,true,expert_human_reviewer,2026-10-05,,photometric,(same as original)
vqav2-29393,Is the dog posing for the picture?,jpeg_quality_92,F:\Sadik\semantic-causal-pathway\.venv\data\vqa_v2\variants\vqav2-29393__jpeg_quality_92.png,true,true,true,true,expert_human_reviewer,2026-10-05,probe,jpeg_compression,(same as original)
vqav2-29393,Is the dog posing for the picture?,jpeg_quality_98,F:\Sadik\semantic-causal-pathway\.venv\data\vqa_v2\variants\vqav2-29393__jpeg_quality_98.png,true,true,true,true,expert_human_reviewer,2026-10-05,probe,jpeg_compression,(same as original)
vqav2-29393,Is the dog posing for the picture?,translate_left_2pct,F:\Sadik\semantic-causal-pathway\.venv\data\vqa_v2\variants\vqav2-29393__translate_left_2pct.png,true,true,true,true,expert_human_reviewer,2026-10-05,heldout,translation,variants/masks/vqav2-29393__translate_left_2pct.png
vqav2-29393,Is the dog posing for the picture?,translate_right_2pct,F:\Sadik\semantic-causal-pathway\.venv\data\vqa_v2\variants\vqav2-29393__translate_right_2pct.png,true,true,true,true,expert_human_reviewer,2026-10-05,heldout,translation,variants/masks/vqav2-29393__translate_right_2pct.png
vqav2-29393,Is the dog posing for the picture?,translate_up_2pct,F:\Sadik\semantic-causal-pathway\.venv\data\vqa_v2\variants\vqav2-29393__translate_up_2pct.png,false,false,false,true,expert_human_reviewer,2026-10-05,,translation,variants/masks/vqav2-29393__translate_up_2pct.png
vqav2-29393,Is the dog posing for the picture?,translate_down_2pct,F:\Sadik\semantic-causal-pathway\.venv\data\vqa_v2\variants\vqav2-29393__translate_down_2pct.png,false,false,false,true,expert_human_reviewer,2026-10-05,,translation,variants/masks/vqav2-29393__translate_down_2pct.png
vqav2-29393,Is the dog posing for the picture?,background_blur,F:\Sadik\semantic-causal-pathway\.venv\data\vqa_v2\variants\vqav2-29393__background_blur.png,false,false,false,true,expert_human_reviewer,2026-10-05,,background_edit,(same as original)
vqav2-29393,Is the dog posing for the picture?,background_neutral,F:\Sadik\semantic-causal-pathway\.venv\data\vqa_v2\variants\vqav2-29393__background_neutral.png,false,false,false,true,expert_human_reviewer,2026-10-05,,background_edit,(same as original)
vqav2-29393,Is the dog posing for the picture?,jpeg_quality_10,F:\Sadik\semantic-causal-pathway\.venv\data\vqa_v2\variants\vqav2-29393__jpeg_quality_10.png,false,false,false,true,expert_human_reviewer,2026-10-05,,jpeg_compression,(rejected)
vqav2-29393,Is the dog posing for the picture?,jpeg_quality_20,F:\Sadik\semantic-causal-pathway\.venv\data\vqa_v2\variants\vqav2-29393__jpeg_quality_20.png,false,false,false,true,expert_human_reviewer,2026-10-05,,jpeg_compression,(rejected)
vqav2-29393,Is the dog posing for the picture?,translate_left_15pct,F:\Sadik\semantic-causal-pathway\.venv\data\vqa_v2\variants\vqav2-29393__translate_left_15pct.png,false,false,false,true,expert_human_reviewer,2026-10-05,,translation,(rejected)
vqav2-29393,Is the dog posing for the picture?,contrast_2.0,F:\Sadik\semantic-causal-pathway\.venv\data\vqa_v2\variants\vqav2-29393__contrast_2.0.png,false,false,false,true,expert_human_reviewer,2026-10-05,,unclassified,(rejected)
vqav2-42433,What type of transportation is in the majority on the beach?,brightness_0.97,F:\Sadik\semantic-causal-pathway\.venv\data\vqa_v2\variants\vqav2-42433__brightness_0.97.png,false,false,false,true,expert_human_reviewer,2026-10-05,,photometric,(same as original)
vqav2-42433,What type of transportation is in the majority on the beach?,contrast_1.03,F:\Sadik\semantic-causal-pathway\.venv\data\vqa_v2\variants\vqav2-42433__contrast_1.03.png,false,false,false,true,expert_human_reviewer,2026-10-05,,photometric,(same as original)
vqav2-42433,What type of transportation is in the majority on the beach?,jpeg_quality_92,F:\Sadik\semantic-causal-pathway\.venv\data\vqa_v2\variants\vqav2-42433__jpeg_quality_92.png,true,true,true,true,expert_human_reviewer,2026-10-05,probe,jpeg_compression,(same as original)
vqav2-42433,What type of transportation is in the majority on the beach?,jpeg_quality_98,F:\Sadik\semantic-causal-pathway\.venv\data\vqa_v2\variants\vqav2-42433__jpeg_quality_98.png,true,true,true,true,expert_human_reviewer,2026-10-05,probe,jpeg_compression,(same as original)
vqav2-42433,What type of transportation is in the majority on the beach?,translate_left_2pct,F:\Sadik\semantic-causal-pathway\.venv\data\vqa_v2\variants\vqav2-42433__translate_left_2pct.png,true,true,true,true,expert_human_reviewer,2026-10-05,heldout,translation,variants/masks/vqav2-42433__translate_left_2pct.png
vqav2-42433,What type of transportation is in the majority on the beach?,translate_right_2pct,F:\Sadik\semantic-causal-pathway\.venv\data\vqa_v2\variants\vqav2-42433__translate_right_2pct.png,true,true,true,true,expert_human_reviewer,2026-10-05,heldout,translation,variants/masks/vqav2-42433__translate_right_2pct.png
vqav2-42433,What type of transportation is in the majority on the beach?,translate_up_2pct,F:\Sadik\semantic-causal-pathway\.venv\data\vqa_v2\variants\vqav2-42433__translate_up_2pct.png,false,false,false,true,expert_human_reviewer,2026-10-05,,translation,variants/masks/vqav2-42433__translate_up_2pct.png
vqav2-42433,What type of transportation is in the majority on the beach?,translate_down_2pct,F:\Sadik\semantic-causal-pathway\.venv\data\vqa_v2\variants\vqav2-42433__translate_down_2pct.png,false,false,false,true,expert_human_reviewer,2026-10-05,,translation,variants/masks/vqav2-42433__translate_down_2pct.png
vqav2-42433,What type of transportation is in the majority on the beach?,background_blur,F:\Sadik\semantic-causal-pathway\.venv\data\vqa_v2\variants\vqav2-42433__background_blur.png,false,false,false,true,expert_human_reviewer,2026-10-05,,background_edit,(same as original)
vqav2-42433,What type of transportation is in the majority on the beach?,background_neutral,F:\Sadik\semantic-causal-pathway\.venv\data\vqa_v2\variants\vqav2-42433__background_neutral.png,false,false,false,true,expert_human_reviewer,2026-10-05,,background_edit,(same as original)
vqav2-42433,What type of transportation is in the majority on the beach?,jpeg_quality_10,F:\Sadik\semantic-causal-pathway\.venv\data\vqa_v2\variants\vqav2-42433__jpeg_quality_10.png,false,false,false,true,expert_human_reviewer,2026-10-05,,jpeg_compression,(rejected)
vqav2-42433,What type of transportation is in the majority on the beach?,jpeg_quality_20,F:\Sadik\semantic-causal-pathway\.venv\data\vqa_v2\variants\vqav2-42433__jpeg_quality_20.png,false,false,false,true,expert_human_reviewer,2026-10-05,,jpeg_compression,(rejected)
vqav2-42433,What type of transportation is in the majority on the beach?,translate_left_15pct,F:\Sadik\semantic-causal-pathway\.venv\data\vqa_v2\variants\vqav2-42433__translate_left_15pct.png,false,false,false,true,expert_human_reviewer,2026-10-05,,translation,(rejected)
vqav2-42433,What type of transportation is in the majority on the beach?,contrast_2.0,F:\Sadik\semantic-causal-pathway\.venv\data\vqa_v2\variants\vqav2-42433__contrast_2.0.png,false,false,false,true,expert_human_reviewer,2026-10-05,,unclassified,(rejected)
vqav2-493682,What building is on the corner of the intersection?,brightness_0.97,F:\Sadik\semantic-causal-pathway\.venv\data\vqa_v2\variants\vqav2-493682__brightness_0.97.png,false,false,false,true,expert_human_reviewer,2026-10-05,,photometric,(same as original)
vqav2-493682,What building is on the corner of the intersection?,contrast_1.03,F:\Sadik\semantic-causal-pathway\.venv\data\vqa_v2\variants\vqav2-493682__contrast_1.03.png,false,false,false,true,expert_human_reviewer,2026-10-05,,photometric,(same as original)
vqav2-493682,What building is on the corner of the intersection?,jpeg_quality_92,F:\Sadik\semantic-causal-pathway\.venv\data\vqa_v2\variants\vqav2-493682__jpeg_quality_92.png,true,true,true,true,expert_human_reviewer,2026-10-05,probe,jpeg_compression,(same as original)
vqav2-493682,What building is on the corner of the intersection?,jpeg_quality_98,F:\Sadik\semantic-causal-pathway\.venv\data\vqa_v2\variants\vqav2-493682__jpeg_quality_98.png,true,true,true,true,expert_human_reviewer,2026-10-05,probe,jpeg_compression,(same as original)
vqav2-493682,What building is on the corner of the intersection?,translate_left_2pct,F:\Sadik\semantic-causal-pathway\.venv\data\vqa_v2\variants\vqav2-493682__translate_left_2pct.png,true,true,true,true,expert_human_reviewer,2026-10-05,heldout,translation,variants/masks/vqav2-493682__translate_left_2pct.png
vqav2-493682,What building is on the corner of the intersection?,translate_right_2pct,F:\Sadik\semantic-causal-pathway\.venv\data\vqa_v2\variants\vqav2-493682__translate_right_2pct.png,true,true,true,true,expert_human_reviewer,2026-10-05,heldout,translation,variants/masks/vqav2-493682__translate_right_2pct.png
vqav2-493682,What building is on the corner of the intersection?,translate_up_2pct,F:\Sadik\semantic-causal-pathway\.venv\data\vqa_v2\variants\vqav2-493682__translate_up_2pct.png,false,false,false,true,expert_human_reviewer,2026-10-05,,translation,variants/masks/vqav2-493682__translate_up_2pct.png
vqav2-493682,What building is on the corner of the intersection?,translate_down_2pct,F:\Sadik\semantic-causal-pathway\.venv\data\vqa_v2\variants\vqav2-493682__translate_down_2pct.png,false,false,false,true,expert_human_reviewer,2026-10-05,,translation,variants/masks/vqav2-493682__translate_down_2pct.png
vqav2-493682,What building is on the corner of the intersection?,background_blur,F:\Sadik\semantic-causal-pathway\.venv\data\vqa_v2\variants\vqav2-493682__background_blur.png,false,false,false,true,expert_human_reviewer,2026-10-05,,background_edit,(same as original)
vqav2-493682,What building is on the corner of the intersection?,background_neutral,F:\Sadik\semantic-causal-pathway\.venv\data\vqa_v2\variants\vqav2-493682__background_neutral.png,false,false,false,true,expert_human_reviewer,2026-10-05,,background_edit,(same as original)
vqav2-493682,What building is on the corner of the intersection?,jpeg_quality_10,F:\Sadik\semantic-causal-pathway\.venv\data\vqa_v2\variants\vqav2-493682__jpeg_quality_10.png,false,false,false,true,expert_human_reviewer,2026-10-05,,jpeg_compression,(rejected)
vqav2-493682,What building is on the corner of the intersection?,jpeg_quality_20,F:\Sadik\semantic-causal-pathway\.venv\data\vqa_v2\variants\vqav2-493682__jpeg_quality_20.png,false,false,false,true,expert_human_reviewer,2026-10-05,,jpeg_compression,(rejected)
vqav2-493682,What building is on the corner of the intersection?,translate_left_15pct,F:\Sadik\semantic-causal-pathway\.venv\data\vqa_v2\variants\vqav2-493682__translate_left_15pct.png,false,false,false,true,expert_human_reviewer,2026-10-05,,translation,(rejected)
vqav2-493682,What building is on the corner of the intersection?,contrast_2.0,F:\Sadik\semantic-causal-pathway\.venv\data\vqa_v2\variants\vqav2-493682__contrast_2.0.png,false,false,false,true,expert_human_reviewer,2026-10-05,,unclassified,(rejected)
vqav2-565045,Will you be able to see a person taking a shower?,brightness_0.97,F:\Sadik\semantic-causal-pathway\.venv\data\vqa_v2\variants\vqav2-565045__brightness_0.97.png,false,false,false,true,expert_human_reviewer,2026-10-05,,photometric,(same as original)
vqav2-565045,Will you be able to see a person taking a shower?,contrast_1.03,F:\Sadik\semantic-causal-pathway\.venv\data\vqa_v2\variants\vqav2-565045__contrast_1.03.png,false,false,false,true,expert_human_reviewer,2026-10-05,,photometric,(same as original)
vqav2-565045,Will you be able to see a person taking a shower?,jpeg_quality_92,F:\Sadik\semantic-causal-pathway\.venv\data\vqa_v2\variants\vqav2-565045__jpeg_quality_92.png,true,true,true,true,expert_human_reviewer,2026-10-05,probe,jpeg_compression,(same as original)
vqav2-565045,Will you be able to see a person taking a shower?,jpeg_quality_98,F:\Sadik\semantic-causal-pathway\.venv\data\vqa_v2\variants\vqav2-565045__jpeg_quality_98.png,true,true,true,true,expert_human_reviewer,2026-10-05,probe,jpeg_compression,(same as original)
vqav2-565045,Will you be able to see a person taking a shower?,translate_left_2pct,F:\Sadik\semantic-causal-pathway\.venv\data\vqa_v2\variants\vqav2-565045__translate_left_2pct.png,true,true,true,true,expert_human_reviewer,2026-10-05,heldout,translation,variants/masks/vqav2-565045__translate_left_2pct.png
vqav2-565045,Will you be able to see a person taking a shower?,translate_right_2pct,F:\Sadik\semantic-causal-pathway\.venv\data\vqa_v2\variants\vqav2-565045__translate_right_2pct.png,true,true,true,true,expert_human_reviewer,2026-10-05,heldout,translation,variants/masks/vqav2-565045__translate_right_2pct.png
vqav2-565045,Will you be able to see a person taking a shower?,translate_up_2pct,F:\Sadik\semantic-causal-pathway\.venv\data\vqa_v2\variants\vqav2-565045__translate_up_2pct.png,false,false,false,true,expert_human_reviewer,2026-10-05,,translation,variants/masks/vqav2-565045__translate_up_2pct.png
vqav2-565045,Will you be able to see a person taking a shower?,translate_down_2pct,F:\Sadik\semantic-causal-pathway\.venv\data\vqa_v2\variants\vqav2-565045__translate_down_2pct.png,false,false,false,true,expert_human_reviewer,2026-10-05,,translation,variants/masks/vqav2-565045__translate_down_2pct.png
vqav2-565045,Will you be able to see a person taking a shower?,background_blur,F:\Sadik\semantic-causal-pathway\.venv\data\vqa_v2\variants\vqav2-565045__background_blur.png,false,false,false,true,expert_human_reviewer,2026-10-05,,background_edit,(same as original)
vqav2-565045,Will you be able to see a person taking a shower?,background_neutral,F:\Sadik\semantic-causal-pathway\.venv\data\vqa_v2\variants\vqav2-565045__background_neutral.png,false,false,false,true,expert_human_reviewer,2026-10-05,,background_edit,(same as original)
vqav2-565045,Will you be able to see a person taking a shower?,jpeg_quality_10,F:\Sadik\semantic-causal-pathway\.venv\data\vqa_v2\variants\vqav2-565045__jpeg_quality_10.png,false,false,false,true,expert_human_reviewer,2026-10-05,,jpeg_compression,(rejected)
vqav2-565045,Will you be able to see a person taking a shower?,jpeg_quality_20,F:\Sadik\semantic-causal-pathway\.venv\data\vqa_v2\variants\vqav2-565045__jpeg_quality_20.png,false,false,false,true,expert_human_reviewer,2026-10-05,,jpeg_compression,(rejected)
vqav2-565045,Will you be able to see a person taking a shower?,translate_left_15pct,F:\Sadik\semantic-causal-pathway\.venv\data\vqa_v2\variants\vqav2-565045__translate_left_15pct.png,false,false,false,true,expert_human_reviewer,2026-10-05,,translation,(rejected)
vqav2-565045,Will you be able to see a person taking a shower?,contrast_2.0,F:\Sadik\semantic-causal-pathway\.venv\data\vqa_v2\variants\vqav2-565045__contrast_2.0.png,false,false,false,true,expert_human_reviewer,2026-10-05,,unclassified,(rejected)
